phage,host,label,prob_full,prob_sequence_only,prob_vhip_four_feature,phage_nearest_training_mash_distance,host_nearest_training_mash_distance,host_identifier_seen_in_training
pg-2021 10,staphylococcus aureus,1,0.9853886,0.9940832,0.47020817,0.06442125843106432,0.07887918338471253,True
pg-2021 14,staphylococcus lentus,1,0.98177,0.98431075,0.25568342,1.0,0.17928898059388013,False
pg-2021 5,staphylococcus caprae,1,0.55868894,0.6948964,0.57424134,1.0,0.1657733375874139,False
pg-2021 22,staphylococcus cohnii,1,0.93577147,0.9023096,0.62251717,1.0,0.15533025306326895,True
pg-2021 5,staphylococcus epidermidis,1,0.64205223,0.78158003,0.56219476,1.0,0.0877824514177322,True
pg-2021 22,staphylococcus fleuretti,1,0.9471986,0.8984586,0.40911338,1.0,0.19841262970484413,False
pg-2021 22,staphylococcus aureus,1,0.9100358,0.905763,0.15868355,1.0,0.07887918338471253,True
pg-2021 5,staphylococcus lugdunensis,1,0.39728802,0.34993708,0.5305619,1.0,0.15533025306326895,False
pg-2021 14,staphylococcus kloosii,1,0.91580987,0.81428283,0.7119434,1.0,0.17928898059388013,False
pg-2021 22,staphylococcus kloosii,1,0.91329616,0.8219416,0.7119434,1.0,0.17928898059388013,False
pg-2021 4,staphylococcus sciuri,1,0.9091076,0.88221776,0.69641334,1.0,0.19841262970484413,False
pg-2021 22,staphylococcus haemolyticus,1,0.5879316,0.5463788,0.7336729,1.0,0.006781920954369934,True
pg-2021 1,staphylococcus warneri,1,0.9199952,0.9502118,0.8228024,0.1657733375874139,0.002509487238135761,True
pg-2021 64,staphylococcus auricularis,1,0.81814474,0.8748149,0.08665595,0.07032247362314317,0.23123470973025118,False
pg-2021 64,staphylococcus capitis,1,0.95126545,0.9912943,0.7032636,0.07032247362314317,0.1657733375874139,True
pg-2021 64,staphylococcus chromogenes,1,0.8344281,0.9074167,0.32375625,0.07032247362314317,0.17928898059388013,False
pg-2021 1,staphylococcus lugdunensis,1,0.9811016,0.96985817,0.845896,0.1657733375874139,0.15533025306326895,False
pg-2021 64,staphylococcus epidermidis,1,0.85874414,0.9534782,0.62159777,0.07032247362314317,0.0877824514177322,True
pg-2021 64,staphylococcus equorum,1,0.9923954,0.99487275,0.47341165,0.07032247362314317,0.1468303739987189,False
pg-2021 14,staphylococcus vitulinus,1,0.9492555,0.9662032,0.6425762,1.0,0.19841262970484413,False
pg-2021 64,staphylococcus hyicus,1,0.8552972,0.9035293,0.55739796,0.07032247362314317,0.19841262970484413,False
pg-2021 64,staphylococcus kloosii,1,0.98715436,0.9872728,0.46416914,0.07032247362314317,0.17928898059388013,False
pg-2021 64,staphylococcus lugdunensis,1,0.9899014,0.9941759,0.67337865,0.07032247362314317,0.15533025306326895,False
pg-2021 64,staphylococcus pettenkoferi,1,0.8375355,0.8752918,0.33299243,0.07032247362314317,0.23123470973025118,False
pg-2021 14,staphylococcus xylosus,1,0.90521973,0.7936155,0.7141689,1.0,0.015016990219428636,True
pg-2021 64,staphylococcus aureus,1,0.97367597,0.9888415,0.30173331,0.07032247362314317,0.07887918338471253,True
pg-2021 1,staphylococcus sciuri,1,0.96691895,0.9716442,0.92699194,0.1657733375874139,0.19841262970484413,False
pg-2021 5,staphylococcus schleiferi,1,0.054910365,0.27814984,0.9290549,1.0,0.23123470973025118,False
pg-2021 5,staphylococcus sciuri,1,0.5283715,0.52378607,0.7086981,1.0,0.19841262970484413,False
pg-2021 1,staphylococcus schleiferi,1,0.8797531,0.89753056,0.47256222,0.1657733375874139,0.23123470973025118,False
pg-2021 14,staphylococcus sciuri,1,0.94203186,0.9515372,0.743591,1.0,0.19841262970484413,False
pg-2021 1,staphylococcus pettenkoferi,1,0.7697276,0.7909967,0.14096323,0.1657733375874139,0.23123470973025118,False
pg-2021 46,staphylococcus schleiferi,1,0.10429976,0.3366054,0.86182505,0.04189583444151167,0.23123470973025118,False
pg-2021 46,staphylococcus sciuri,1,0.78933936,0.72403616,0.570599,0.04189583444151167,0.19841262970484413,False
pg-2021 46,staphylococcus vitulinus,1,0.75882065,0.74221367,0.69612265,0.04189583444151167,0.19841262970484413,False
pg-2021 12,staphylococcus sciuri,1,0.94564867,0.9494336,0.69312537,0.23123470973025118,0.19841262970484413,False
pg-2021 12,staphylococcus vitulinus,1,0.9599996,0.96533793,0.6425762,0.23123470973025118,0.19841262970484413,False
pg-2021 47,staphylococcus aureus,1,0.98793703,0.99643767,0.47020817,0.05933791795891328,0.07887918338471253,True
pg-2021 47,staphylococcus capitis,1,0.9090465,0.97238183,0.81632686,0.05933791795891328,0.1657733375874139,True
pg-2021 47,staphylococcus chromogenes,1,0.8129848,0.9137012,0.047751296,0.05933791795891328,0.17928898059388013,False
pg-2021 22,staphylococcus sciuri,1,0.9402499,0.9492377,0.74997824,1.0,0.19841262970484413,False
pg-2021 23,staphylococcus vitulinus,1,0.9758306,0.9799662,0.9366292,1.0,0.19841262970484413,False
pg-2021 46,staphylococcus epidermidis,1,0.7174704,0.8694542,0.8699436,0.04189583444151167,0.0877824514177322,True
pg-2021 27,staphylococcus aureus,1,0.9557949,0.9814274,0.76259065,1.0,0.07887918338471253,True
pg-2021 46,staphylococcus haemolyticus,1,0.46952844,0.41388017,0.503765,0.04189583444151167,0.006781920954369934,True
pg-2021 23,staphylococcus xylosus,1,0.9910306,0.98993313,0.9266912,1.0,0.015016990219428636,True
pg-2021 23,staphylococcus sciuri,1,0.9757893,0.97006434,0.9427455,1.0,0.19841262970484413,False
pg-2021 47,staphylococcus schleiferi,1,0.924281,0.9758648,0.52002317,0.05933791795891328,0.23123470973025118,False
pg-2021 23,staphylococcus chromogenes,1,0.8610034,0.8906112,0.45669845,1.0,0.17928898059388013,False
pg-2021 47,staphylococcus succinus,1,0.98220474,0.98614836,0.36282632,0.05933791795891328,0.1657733375874139,False
pg-2021 47,staphylococcus vitulinus,1,0.9789656,0.990923,0.42312542,0.05933791795891328,0.19841262970484413,False
pg-2021 47,staphylococcus xylosus,1,0.9912356,0.99248296,0.4372843,0.05933791795891328,0.015016990219428636,True
pg-2021 4,staphylococcus aureus,1,0.73106456,0.82123655,0.8533315,1.0,0.07887918338471253,True
pg-2021 14,staphylococcus equorum,1,0.9545098,0.93284637,0.47895786,1.0,0.1468303739987189,False
pg-2021 23,staphylococcus aureus,1,0.98097885,0.9844482,0.87226105,1.0,0.07887918338471253,True
pg-2021 14,staphylococcus fleuretti,1,0.94398046,0.8928657,0.46599793,1.0,0.19841262970484413,False
pg-2021 22,staphylococcus xylosus,1,0.8989216,0.77866906,0.7141689,1.0,0.015016990219428636,True
pg-2021 4,staphylococcus epidermidis,1,0.85178304,0.8727072,0.8173939,1.0,0.0877824514177322,True
pg-2021 22,staphylococcus vitulinus,1,0.94883966,0.9634676,0.6425762,1.0,0.19841262970484413,False
pg-2021 14,staphylococcus cohnii,1,0.937678,0.9065255,0.62251717,1.0,0.15533025306326895,True
pg-2021 23,staphylococcus cohnii,1,0.9838791,0.99059653,0.72344893,1.0,0.15533025306326895,True
pg-2021 47,staphylococcus cohnii,1,0.99097943,0.9971554,0.4837832,0.05933791795891328,0.15533025306326895,True
pg-2021 47,staphylococcus epidermidis,1,0.95328796,0.97541374,0.64966565,0.05933791795891328,0.0877824514177322,True
pg-2021 47,staphylococcus equorum,1,0.99051005,0.9955344,0.4518107,0.05933791795891328,0.1468303739987189,False
pg-2021 12,staphylococcus xylosus,1,0.8865846,0.72512907,0.71646005,0.23123470973025118,0.015016990219428636,True
pg-2021 23,staphylococcus lentus,1,0.99567974,0.9955075,0.562881,1.0,0.17928898059388013,False
pg-2021 14,staphylococcus aureus,1,0.90925705,0.9098449,0.15868355,1.0,0.07887918338471253,True
pg-2021 23,staphylococcus fleuretti,1,0.9928687,0.9927321,0.41950938,1.0,0.19841262970484413,False
pg-2021 47,staphylococcus lugdunensis,1,0.98863435,0.9961681,0.6655311,0.05933791795891328,0.15533025306326895,False
pg-2021 23,staphylococcus equorum,1,0.988335,0.99118876,0.85147816,1.0,0.1468303739987189,False
pg-2021 14,staphylococcus chromogenes,1,0.68637764,0.63918114,0.3110875,1.0,0.17928898059388013,False
pg-2021 64,staphylococcus schleiferi,1,0.7815528,0.9057847,0.5306626,0.07032247362314317,0.23123470973025118,False
pg-2021 1,staphylococcus epidermidis,1,0.94699997,0.97756827,0.93889266,0.1657733375874139,0.0877824514177322,True
pg-2021 89,staphylococcus epidermidis,1,0.99860567,0.9994555,0.91546136,0.031512422225679744,0.0877824514177322,True
pg-2021 16,staphylococcus capitis,1,0.9418426,0.98071045,0.42591643,0.07162273317982258,0.1657733375874139,True
pg-2021 76,staphylococcus kloosii,1,0.9130051,0.94188744,0.5386498,0.19841262970484413,0.17928898059388013,False
pg-2021 76,staphylococcus lentus,1,0.91212595,0.9502451,0.8660425,0.19841262970484413,0.17928898059388013,False
pg-2021 17,staphylococcus pettenkoferi,1,0.7631987,0.82707113,0.066790715,0.06667084205962984,0.23123470973025118,False
pg-2021 17,staphylococcus lugdunensis,1,0.980548,0.9932284,0.7270563,0.06667084205962984,0.15533025306326895,False
pg-2021 17,staphylococcus lentus,1,0.99255824,0.99527955,0.8974435,0.06667084205962984,0.17928898059388013,False
pg-2021 17,staphylococcus kloosii,1,0.9737568,0.9798055,0.5172734,0.06667084205962984,0.17928898059388013,False
pg-2021 76,staphylococcus schleiferi,1,0.26327902,0.5344088,0.653997,0.19841262970484413,0.23123470973025118,False
pg-2021 76,staphylococcus sciuri,1,0.8390096,0.8878287,0.41994306,0.19841262970484413,0.19841262970484413,False
pg-2021 17,staphylococcus hyicus,1,0.7900927,0.8932939,0.38864225,0.06667084205962984,0.19841262970484413,False
pg-2021 76,staphylococcus vitulinus,1,0.9068578,0.945724,0.41021898,0.19841262970484413,0.19841262970484413,False
pg-2021 76,staphylococcus xylosus,1,0.9121331,0.9442632,0.51469314,0.19841262970484413,0.015016990219428636,True
pg-2021 16,staphylococcus chromogenes,1,0.7590468,0.894527,0.1006613,0.07162273317982258,0.17928898059388013,False
pg-2021 84,staphylococcus aureus,1,0.98170966,0.99262697,0.43383023,0.07887918338471253,0.07887918338471253,True
pg-2021 84,staphylococcus capitis,1,0.90176845,0.97626966,0.70042145,0.07887918338471253,0.1657733375874139,True
pg-2021 16,staphylococcus cohnii,1,0.9886474,0.9941578,0.55901366,0.07162273317982258,0.15533025306326895,True
pg-2021 88,staphylococcus sciuri,1,0.6880759,0.60694695,0.72189766,0.041337553812203685,0.19841262970484413,False
pg-2021 88,staphylococcus schleiferi,1,0.102570154,0.29175478,0.9195562,0.041337553812203685,0.23123470973025118,False
pg-2021 17,staphylococcus equorum,1,0.99004036,0.9956578,0.5949741,0.06667084205962984,0.1468303739987189,False
pg-2021 16,staphylococcus epidermidis,1,0.90315545,0.9708495,0.6490966,0.07162273317982258,0.0877824514177322,True
pg-2021 17,staphylococcus pseudintermedius,1,0.74442923,0.8679225,0.015960291,0.06667084205962984,0.15533025306326895,False
pg-2021 15,staphylococcus aureus,1,0.91946304,0.92266905,0.17866352,0.23123470973025118,0.07887918338471253,True
pg-2021 17,staphylococcus xylosus,1,0.9852502,0.9874965,0.48221132,0.06667084205962984,0.015016990219428636,True
pg-2021 18,staphylococcus chromogenes,1,0.7482612,0.8818805,0.1006613,0.0655289293244237,0.17928898059388013,False
pg-2021 15,staphylococcus xylosus,1,0.89068955,0.71530116,0.71646005,0.23123470973025118,0.015016990219428636,True
pg-2021 8,staphylococcus xylosus,1,0.97623277,0.9775514,0.31468517,0.06906539132401968,0.015016990219428636,True
pg-2021 8,staphylococcus vitulinus,1,0.9789012,0.99032634,0.46486682,0.06906539132401968,0.19841262970484413,False
pg-2021 8,staphylococcus succinus,1,0.9889797,0.9883427,0.4903413,0.06906539132401968,0.1657733375874139,False
pg-2021 18,staphylococcus capitis,1,0.9239014,0.96764284,0.8011975,0.0655289293244237,0.1657733375874139,True
pg-2021 8,staphylococcus schleiferi,1,0.7799095,0.9009213,0.5306626,0.06906539132401968,0.23123470973025118,False
pg-2021 18,staphylococcus aureus,1,0.96496695,0.9883405,0.37719682,0.0655289293244237,0.07887918338471253,True
pg-2021 8,staphylococcus pettenkoferi,1,0.83622503,0.874767,0.30521795,0.06906539132401968,0.23123470973025118,False
pg-2021 8,staphylococcus lugdunensis,1,0.9873848,0.9920516,0.7011141,0.06906539132401968,0.15533025306326895,False
pg-2021 8,staphylococcus kloosii,1,0.9892916,0.9891551,0.41167277,0.06906539132401968,0.17928898059388013,False
pg-2021 17,staphylococcus schleiferi,1,0.9183903,0.97503245,0.49709982,0.06667084205962984,0.23123470973025118,False
pg-2021 8,staphylococcus hyicus,1,0.8552972,0.9080725,0.55739796,0.06906539132401968,0.19841262970484413,False
pg-2021 17,staphylococcus vitulinus,1,0.9751394,0.98897386,0.4434944,0.06667084205962984,0.19841262970484413,False
pg-2021 16,staphylococcus aureus,1,0.98101634,0.9910445,0.627067,0.07162273317982258,0.07887918338471253,True
pg-2021 8,staphylococcus equorum,1,0.99224865,0.99517703,0.39007136,0.06906539132401968,0.1468303739987189,False
pg-2021 8,staphylococcus epidermidis,1,0.855811,0.95205563,0.60679036,0.06906539132401968,0.0877824514177322,True
pg-2021 17,staphylococcus succinus,1,0.97283834,0.98217046,0.5136881,0.06667084205962984,0.1657733375874139,False
pg-2021 8,staphylococcus chromogenes,1,0.85139394,0.91149986,0.32375625,0.06906539132401968,0.17928898059388013,False
pg-2021 17,staphylococcus sciuri,1,0.9833808,0.9929327,0.5396039,0.06667084205962984,0.19841262970484413,False
pg-2021 8,staphylococcus capitis,1,0.9479826,0.9912998,0.71255684,0.06906539132401968,0.1657733375874139,True
pg-2021 8,staphylococcus auricularis,1,0.82129735,0.8613468,0.058482166,0.06906539132401968,0.23123470973025118,False
pg-2021 8,staphylococcus aureus,1,0.9750624,0.9885095,0.2360098,0.06906539132401968,0.07887918338471253,True
pg-2021 16,staphylococcus equorum,1,0.9919619,0.9944865,0.57483345,0.07162273317982258,0.1468303739987189,False
pg-2021 84,staphylococcus chromogenes,1,0.76448363,0.89886,0.1006613,0.07887918338471253,0.17928898059388013,False
pg-2021 84,staphylococcus cohnii,1,0.98782176,0.99484444,0.45016134,0.07887918338471253,0.15533025306326895,True
pg-2021 86,staphylococcus chromogenes,1,0.7793565,0.91337645,0.20935985,0.07032247362314317,0.17928898059388013,False
pg-2021 86,staphylococcus aureus,1,0.9686836,0.9850826,0.48245516,0.07032247362314317,0.07887918338471253,True
pg-2021 86,staphylococcus auricularis,1,0.73390526,0.7917178,0.080783345,0.07032247362314317,0.23123470973025118,False
pg-2021 87,staphylococcus equorum,1,0.9904743,0.99359447,0.46490592,0.08050777868365173,0.1468303739987189,False
pg-2021 87,staphylococcus epidermidis,1,0.9519877,0.9771573,0.5711901,0.08050777868365173,0.0877824514177322,True
pg-2021 87,staphylococcus cohnii,1,0.9886784,0.99491227,0.38752285,0.08050777868365173,0.15533025306326895,True
pg-2021 87,staphylococcus chromogenes,1,0.80461574,0.88590014,0.16830699,0.08050777868365173,0.17928898059388013,False
pg-2021 86,staphylococcus capitis,1,0.9480638,0.98929566,0.7877451,0.07032247362314317,0.1657733375874139,True
pg-2021 87,staphylococcus capitis,1,0.94602245,0.98305434,0.80905014,0.08050777868365173,0.1657733375874139,True
pg-2021 16,staphylococcus succinus,1,0.98570454,0.98568046,0.5121218,0.07162273317982258,0.1657733375874139,False
pg-2021 87,staphylococcus aureus,1,0.9845344,0.9927239,0.5492299,0.08050777868365173,0.07887918338471253,True
pg-2021 16,staphylococcus lugdunensis,1,0.979131,0.9910644,0.71125436,0.07162273317982258,0.15533025306326895,False
pg-2021 86,staphylococcus xylosus,1,0.9861113,0.98964256,0.36051095,0.07032247362314317,0.015016990219428636,True
pg-2021 86,staphylococcus vitulinus,1,0.97798723,0.99193865,0.44360605,0.07032247362314317,0.19841262970484413,False
pg-2021 88,staphylococcus lugdunensis,1,0.57439184,0.3528727,0.5576662,0.041337553812203685,0.15533025306326895,False
pg-2021 86,staphylococcus succinus,1,0.98598635,0.99052864,0.36996758,0.07032247362314317,0.1657733375874139,False
pg-2021 86,staphylococcus cohnii,1,0.9902345,0.99737644,0.55901366,0.07032247362314317,0.15533025306326895,True
pg-2021 86,staphylococcus schleiferi,1,0.8137029,0.9058684,0.64984745,0.07032247362314317,0.23123470973025118,False
pg-2021 86,staphylococcus epidermidis,1,0.9431799,0.9711629,0.5208947,0.07032247362314317,0.0877824514177322,True
pg-2021 86,staphylococcus equorum,1,0.99136895,0.9958508,0.43143842,0.07032247362314317,0.1468303739987189,False
pg-2021 86,staphylococcus lugdunensis,1,0.9833838,0.99584985,0.751913,0.07032247362314317,0.15533025306326895,False
pg-2021 86,staphylococcus kloosii,1,0.98986,0.9876331,0.6518334,0.07032247362314317,0.17928898059388013,False
pg-2021 86,staphylococcus hyicus,1,0.87227833,0.9443013,0.53778446,0.07032247362314317,0.19841262970484413,False
pg-2021 16,staphylococcus vitulinus,1,0.97973263,0.9904895,0.4393847,0.07162273317982258,0.19841262970484413,False
pg-2021 84,staphylococcus xylosus,1,0.9926973,0.99190044,0.3753686,0.07887918338471253,0.015016990219428636,True
pg-2021 87,staphylococcus lentus,1,0.9823913,0.99167484,0.935406,0.08050777868365173,0.17928898059388013,False
pg-2021 87,staphylococcus lugdunensis,1,0.98522043,0.99225026,0.6608417,0.08050777868365173,0.15533025306326895,False
pg-2021 84,staphylococcus epidermidis,1,0.9462323,0.9768579,0.60935855,0.07887918338471253,0.0877824514177322,True
pg-2021 84,staphylococcus equorum,1,0.9892804,0.9935091,0.5258148,0.07887918338471253,0.1468303739987189,False
pg-2021 17,staphylococcus epidermidis,1,0.9513386,0.9739537,0.43667722,0.06667084205962984,0.0877824514177322,True
pg-2021 17,staphylococcus cohnii,1,0.9910319,0.9972433,0.48537174,0.06667084205962984,0.15533025306326895,True
pg-2021 17,staphylococcus chromogenes,1,0.72675264,0.8606233,0.20935985,0.06667084205962984,0.17928898059388013,False
pg-2021 88,staphylococcus epidermidis,1,0.7626201,0.80145186,0.7995414,0.041337553812203685,0.0877824514177322,True
pg-2021 84,staphylococcus lugdunensis,1,0.9858883,0.9938122,0.7310344,0.07887918338471253,0.15533025306326895,False
pg-2021 17,staphylococcus capitis,1,0.90279794,0.96782905,0.7819936,0.06667084205962984,0.1657733375874139,True
pg-2021 17,staphylococcus auricularis,1,0.7160832,0.79832286,0.080783345,0.06667084205962984,0.23123470973025118,False
pg-2021 17,staphylococcus aureus,1,0.97670513,0.99168724,0.32960895,0.06667084205962984,0.07887918338471253,True
pg-2021 16,staphylococcus xylosus,1,0.9873842,0.9863811,0.4903413,0.07162273317982258,0.015016990219428636,True
pg-2021 87,staphylococcus xylosus,1,0.99060625,0.9906371,0.36051095,0.08050777868365173,0.015016990219428636,True
pg-2021 84,staphylococcus schleiferi,1,0.89738023,0.9724877,0.4846571,0.07887918338471253,0.23123470973025118,False
pg-2021 87,staphylococcus vitulinus,1,0.9778151,0.98483074,0.37710634,0.08050777868365173,0.19841262970484413,False
pg-2021 87,staphylococcus succinus,1,0.96829164,0.9776409,0.47472632,0.08050777868365173,0.1657733375874139,False
pg-2021 87,staphylococcus sciuri,1,0.9821683,0.9909648,0.40419912,0.08050777868365173,0.19841262970484413,False
pg-2021 87,staphylococcus schleiferi,1,0.91128826,0.9755146,0.49709982,0.08050777868365173,0.23123470973025118,False
pg-2021 84,staphylococcus sciuri,1,0.9806804,0.9910226,0.44360605,0.07887918338471253,0.19841262970484413,False
pg-2021 84,staphylococcus succinus,1,0.97444713,0.9788079,0.42943415,0.07887918338471253,0.1657733375874139,False
pg-2021 84,staphylococcus vitulinus,1,0.9770494,0.99073243,0.42430598,0.07887918338471253,0.19841262970484413,False
pg-2021 74,staphylococcus sciuri,1,0.6895079,0.6142981,0.6978287,0.04189583444151167,0.19841262970484413,False
pg-2021 74,staphylococcus schleiferi,1,0.09784406,0.32560492,0.86182505,0.04189583444151167,0.23123470973025118,False
pg-2021 18,staphylococcus epidermidis,1,0.8818758,0.95545757,0.5208947,0.0655289293244237,0.0877824514177322,True
pg-2021 67,staphylococcus sciuri,1,0.9231844,0.9174434,0.74200463,1.0,0.19841262970484413,False
pg-2021 15,staphylococcus chromogenes,1,0.6301006,0.5557886,0.3110875,0.23123470973025118,0.17928898059388013,False
pg-2021 19,staphylococcus schleiferi,1,0.75149494,0.89441115,0.53778446,0.0877824514177322,0.23123470973025118,False
pg-2021 15,staphylococcus epidermidis,1,0.691353,0.54104555,0.67888606,0.23123470973025118,0.0877824514177322,True
pg-2021 15,staphylococcus equorum,1,0.95526564,0.92332214,0.54239905,0.23123470973025118,0.1468303739987189,False
pg-2021 9,staphylococcus warneri,1,0.949261,0.98037016,0.33570138,0.0877824514177322,0.002509487238135761,True
pg-2021 19,staphylococcus lugdunensis,1,0.9018568,0.92930835,0.67275536,0.0877824514177322,0.15533025306326895,False
pg-2021 19,staphylococcus kloosii,1,0.9710118,0.97627854,0.19131133,0.0877824514177322,0.17928898059388013,False
pg-2021 15,staphylococcus hyicus,1,0.6689985,0.5464671,0.29679793,0.23123470973025118,0.19841262970484413,False
pg-2021 68,staphylococcus aureus,1,0.73106456,0.8120204,0.849802,1.0,0.07887918338471253,True
pg-2021 19,staphylococcus haemolyticus,1,0.8018848,0.91811585,0.34537166,0.0877824514177322,0.006781920954369934,True
pg-2021 67,staphylococcus kloosii,1,0.78714305,0.8745917,0.6655594,1.0,0.17928898059388013,False
pg-2021 64,staphylococcus succinus,1,0.9881358,0.9872552,0.49728948,0.07032247362314317,0.1657733375874139,False
pg-2021 64,staphylococcus vitulinus,1,0.9781196,0.99004155,0.50595796,0.07032247362314317,0.19841262970484413,False
pg-2021 64,staphylococcus xylosus,1,0.97623277,0.97765404,0.32986388,0.07032247362314317,0.015016990219428636,True
pg-2021 1,staphylococcus aureus,1,0.9713442,0.974164,0.85299265,0.1657733375874139,0.07887918338471253,True
pg-2021 15,staphylococcus capitis,1,0.61641955,0.50948906,0.3512955,0.23123470973025118,0.1657733375874139,True
pg-2021 19,staphylococcus xylosus,1,0.98847497,0.99070495,0.3058162,0.0877824514177322,0.015016990219428636,True
pg-2021 19,staphylococcus vitulinus,1,0.8819496,0.92967385,0.5013989,0.0877824514177322,0.19841262970484413,False
pg-2021 19,staphylococcus succinus,1,0.9751348,0.98280805,0.3235416,0.0877824514177322,0.1657733375874139,False
pg-2021 9,staphylococcus xylosus,1,0.993028,0.9947915,0.3753686,0.0877824514177322,0.015016990219428636,True
pg-2021 9,staphylococcus vitulinus,1,0.97722936,0.9859118,0.40419912,0.0877824514177322,0.19841262970484413,False
pg-2021 90,staphylococcus epidermidis,1,0.84706306,0.9344985,0.67435044,0.19841262970484413,0.0877824514177322,True
pg-2021 74,staphylococcus epidermidis,1,0.7648468,0.8589774,0.93136233,0.04189583444151167,0.0877824514177322,True
pg-2021 18,staphylococcus vitulinus,1,0.9748834,0.9892281,0.44360605,0.0655289293244237,0.19841262970484413,False
pg-2021 18,staphylococcus succinus,1,0.9842285,0.98870075,0.5017911,0.0655289293244237,0.1657733375874139,False
pg-2021 18,staphylococcus schleiferi,1,0.91894585,0.97322005,0.64984745,0.0655289293244237,0.23123470973025118,False
pg-2021 93,staphylococcus epidermidis,1,0.9539254,0.98250014,0.6478246,0.23123470973025118,0.0877824514177322,True
pg-2021 74,staphylococcus caprae,1,0.6338733,0.7343944,0.57876724,0.04189583444151167,0.1657733375874139,False
pg-2021 15,staphylococcus schleiferi,1,0.53468674,0.5564543,0.32826263,0.23123470973025118,0.23123470973025118,False
pg-2021 9,staphylococcus succinus,1,0.97308314,0.97966194,0.42943415,0.0877824514177322,0.1657733375874139,False
pg-2021 18,staphylococcus lugdunensis,1,0.93515825,0.959679,0.71368796,0.0655289293244237,0.15533025306326895,False
pg-2021 90,staphylococcus sciuri,1,0.6889853,0.8193023,0.8600535,0.19841262970484413,0.19841262970484413,False
pg-2021 15,staphylococcus succinus,1,0.8234836,0.68092436,0.6362244,0.23123470973025118,0.1657733375874139,False
pg-2021 15,staphylococcus vitulinus,1,0.9608948,0.9613048,0.6425762,0.23123470973025118,0.19841262970484413,False
pg-2021 74,staphylococcus lugdunensis,1,0.45794174,0.41728097,0.7455955,0.04189583444151167,0.15533025306326895,False
pg-2021 18,staphylococcus equorum,1,0.99167365,0.99619186,0.43143842,0.0655289293244237,0.1468303739987189,False
pg-2021 68,staphylococcus sciuri,1,0.9091076,0.88221776,0.69641334,1.0,0.19841262970484413,False
pg-2021 18,staphylococcus xylosus,1,0.9881579,0.99189997,0.5006174,0.0655289293244237,0.015016990219428636,True
pg-2021 9,staphylococcus sciuri,1,0.98221314,0.9916066,0.4082194,0.0877824514177322,0.19841262970484413,False
pg-2021 9,staphylococcus schleiferi,1,0.90558064,0.97767377,0.49709982,0.0877824514177322,0.23123470973025118,False
pg-2021 19,staphylococcus cohnii,1,0.9824861,0.9960846,0.4413586,0.0877824514177322,0.15533025306326895,True
pg-2021 9,staphylococcus pasteuri,1,0.87815285,0.94541514,0.3480522,0.0877824514177322,0.15533025306326895,True
pg-2021 9,staphylococcus lugdunensis,1,0.9864709,0.99433255,0.7310344,0.0877824514177322,0.15533025306326895,False
pg-2021 9,staphylococcus lentus,1,0.99161506,0.996055,0.94351894,0.0877824514177322,0.17928898059388013,False
pg-2021 9,staphylococcus kloosii,1,0.9722755,0.9727748,0.5390937,0.0877824514177322,0.17928898059388013,False
pg-2021 19,staphylococcus capitis,1,0.9340336,0.9879643,0.6845355,0.0877824514177322,0.1657733375874139,True
pg-2021 9,staphylococcus equorum,1,0.9901377,0.9939459,0.5258148,0.0877824514177322,0.1468303739987189,False
pg-2021 9,staphylococcus epidermidis,1,0.8959924,0.9707069,0.5711901,0.0877824514177322,0.0877824514177322,True
pg-2021 9,staphylococcus cohnii,1,0.98804307,0.99527836,0.38752285,0.0877824514177322,0.15533025306326895,True
pg-2021 9,staphylococcus chromogenes,1,0.8018491,0.8942477,0.16830699,0.0877824514177322,0.17928898059388013,False
pg-2021 68,staphylococcus kloosii,1,0.73953813,0.8045103,0.6577459,1.0,0.17928898059388013,False
pg-2021 9,staphylococcus capitis,1,0.941684,0.98436534,0.80905014,0.0877824514177322,0.1657733375874139,True
pg-2021 9,staphylococcus aureus,1,0.9800426,0.9904681,0.43383023,0.0877824514177322,0.07887918338471253,True
pg-2021 15,staphylococcus lugdunensis,1,0.89287376,0.78805506,0.4131749,0.23123470973025118,0.15533025306326895,False
pg-2021 16,staphylococcus schleiferi,1,0.76808244,0.9150748,0.4846571,0.07162273317982258,0.23123470973025118,False
pg-2021 38,staphylococcus vitulinus,1,0.97820574,0.98503125,0.40419912,0.06128632816849745,0.19841262970484413,False
pg-2021 35,staphylococcus epidermidis,1,0.84039545,0.92959553,0.652986,0.06334602522143944,0.0877824514177322,True
pg-2021 2,staphylococcus schleiferi,1,0.8599335,0.9472479,0.6669528,0.0623015628404847,0.23123470973025118,False
pg-2021 35,staphylococcus lugdunensis,1,0.9546085,0.96606463,0.70041645,0.06334602522143944,0.15533025306326895,False
pg-2021 35,staphylococcus schleiferi,1,0.94965774,0.9875509,0.6669528,0.06334602522143944,0.23123470973025118,False
pg-2021 35,staphylococcus cohnii,1,0.9893499,0.99572325,0.38396367,0.06334602522143944,0.15533025306326895,True
pg-2021 33,staphylococcus xylosus,1,0.8633683,0.93745613,0.7828803,0.23123470973025118,0.015016990219428636,True
pg-2021 33,staphylococcus schleiferi,1,0.21942227,0.49619457,0.3634863,0.23123470973025118,0.23123470973025118,False
pg-2021 33,staphylococcus sciuri,1,0.82633847,0.8658393,0.40888038,0.23123470973025118,0.19841262970484413,False
pg-2021 33,staphylococcus succinus,1,0.69235545,0.84937257,0.7965367,0.23123470973025118,0.1657733375874139,False
pg-2021 33,staphylococcus vitulinus,1,0.90832454,0.9613084,0.4299885,0.23123470973025118,0.19841262970484413,False
pg-2021 2,staphylococcus vitulinus,1,0.9732379,0.98489875,0.32999653,0.0623015628404847,0.19841262970484413,False
pg-2021 35,staphylococcus capitis,1,0.95713776,0.99112517,0.8911973,0.06334602522143944,0.1657733375874139,True
pg-2021 2,staphylococcus succinus,1,0.98739296,0.98984396,0.3363689,0.0623015628404847,0.1657733375874139,False
pg-2021 2,staphylococcus lugdunensis,1,0.9904242,0.99624217,0.73785377,0.0623015628404847,0.15533025306326895,False
pg-2021 35,staphylococcus succinus,1,0.98542446,0.9925914,0.3363689,0.06334602522143944,0.1657733375874139,False
pg-2021 2,staphylococcus equorum,1,0.991546,0.99637836,0.37215212,0.0623015628404847,0.1468303739987189,False
pg-2021 2,staphylococcus epidermidis,1,0.8639347,0.95483345,0.63851,0.0623015628404847,0.0877824514177322,True
pg-2021 38,staphylococcus lugdunensis,1,0.9879148,0.9954573,0.6608417,0.06128632816849745,0.15533025306326895,False
pg-2021 2,staphylococcus chromogenes,1,0.79357225,0.8819077,0.3347514,0.0623015628404847,0.17928898059388013,False
pg-2021 38,staphylococcus saprophyticus,1,0.96532446,0.9749322,0.5960025,0.06128632816849745,0.12806466990905035,True
pg-2021 38,staphylococcus schleiferi,1,0.8374348,0.9209631,0.64984745,0.06128632816849745,0.23123470973025118,False
pg-2021 2,staphylococcus capitis,1,0.946657,0.9830686,0.8911973,0.0623015628404847,0.1657733375874139,True
pg-2021 10,staphylococcus pasteuri,1,0.86701536,0.93683773,0.2641785,0.06442125843106432,0.15533025306326895,True
pg-2021 38,staphylococcus aureus,1,0.98259485,0.99337834,0.47020817,0.06128632816849745,0.07887918338471253,True
pg-2021 35,staphylococcus vitulinus,1,0.9806271,0.99102086,0.36744976,0.06334602522143944,0.19841262970484413,False
pg-2021 35,staphylococcus warneri,1,0.9585492,0.99011844,0.34803557,0.06334602522143944,0.002509487238135761,True
pg-2021 35,staphylococcus xylosus,1,0.9891171,0.9914163,0.50570154,0.06334602522143944,0.015016990219428636,True
pg-2021 10,staphylococcus lentus,1,0.99186945,0.995713,0.93237567,0.06442125843106432,0.17928898059388013,False
pg-2021 38,staphylococcus equorum,1,0.99217576,0.99630725,0.43143842,0.06128632816849745,0.1468303739987189,False
pg-2021 38,staphylococcus capitis,1,0.9591952,0.9916393,0.7585396,0.06128632816849745,0.1657733375874139,True
pg-2021 38,staphylococcus chromogenes,1,0.7935316,0.8793525,0.16830699,0.06128632816849745,0.17928898059388013,False
pg-2021 10,staphylococcus lugdunensis,1,0.98879695,0.99652326,0.6608417,0.06442125843106432,0.15533025306326895,False
pg-2021 38,staphylococcus epidermidis,1,0.9004768,0.9583266,0.53168714,0.06128632816849745,0.0877824514177322,True
pg-2021 10,staphylococcus equorum,1,0.9909264,0.9957295,0.3692745,0.06442125843106432,0.1468303739987189,False
pg-2021 10,staphylococcus epidermidis,1,0.89502907,0.96430105,0.64966565,0.06442125843106432,0.0877824514177322,True
pg-2021 31,staphylococcus lentus,1,0.91212595,0.9502451,0.8660425,0.19841262970484413,0.17928898059388013,False
pg-2021 31,staphylococcus schleiferi,1,0.26327902,0.5344088,0.653997,0.19841262970484413,0.23123470973025118,False
pg-2021 10,staphylococcus cohnii,1,0.99021566,0.9973283,0.38752285,0.06442125843106432,0.15533025306326895,True
pg-2021 33,staphylococcus kloosii,1,0.9115501,0.91483223,0.38622984,0.23123470973025118,0.17928898059388013,False
pg-2021 33,staphylococcus lentus,1,0.92036563,0.9468253,0.86764866,0.23123470973025118,0.17928898059388013,False
pg-2021 2,staphylococcus xylosus,1,0.973975,0.9794038,0.50570154,0.0623015628404847,0.015016990219428636,True
pg-2021 10,staphylococcus chromogenes,1,0.7873722,0.8800951,0.16830699,0.06442125843106432,0.17928898059388013,False
pg-2021 31,staphylococcus sciuri,1,0.8390096,0.8878287,0.41994306,0.19841262970484413,0.19841262970484413,False
pg-2021 31,staphylococcus succinus,1,0.70215636,0.8243893,0.6148388,0.19841262970484413,0.1657733375874139,False
pg-2021 31,staphylococcus vitulinus,1,0.9068578,0.945724,0.41021898,0.19841262970484413,0.19841262970484413,False
pg-2021 31,staphylococcus xylosus,1,0.9121331,0.9442632,0.51469314,0.19841262970484413,0.015016990219428636,True
pg-2021 10,staphylococcus capitis,1,0.94263685,0.9831225,0.8042312,0.06442125843106432,0.1657733375874139,True
pg-2021 31,staphylococcus kloosii,1,0.9130051,0.94188744,0.5386498,0.19841262970484413,0.17928898059388013,False
pg-2021 33,staphylococcus aureus,1,0.6500083,0.8369616,0.6303535,0.23123470973025118,0.07887918338471253,True
pg-2021 38,staphylococcus succinus,1,0.9793915,0.98288834,0.494842,0.06128632816849745,0.1657733375874139,False
pg-2021 43,staphylococcus aureus,1,0.9163371,0.9260784,0.15868355,0.23123470973025118,0.07887918338471253,True
pg-2021 27,staphylococcus saprophyticus,1,0.9248798,0.9569552,0.7480163,1.0,0.12806466990905035,True
pg-2021 12,staphylococcus chromogenes,1,0.6301006,0.56779575,0.3110875,0.23123470973025118,0.17928898059388013,False
pg-2021 12,staphylococcus cohnii,1,0.93987244,0.90295345,0.62251717,0.23123470973025118,0.15533025306326895,True
pg-2021 43,staphylococcus cohnii,1,0.93987244,0.90295345,0.62251717,0.23123470973025118,0.15533025306326895,True
pg-2021 43,staphylococcus fleuretti,1,0.9492115,0.88918144,0.46599793,0.23123470973025118,0.19841262970484413,False
pg-2021 43,staphylococcus haemolyticus,1,0.55360615,0.44922417,0.7336729,0.23123470973025118,0.006781920954369934,True
pg-2021 41,staphylococcus xylosus,1,0.90521973,0.78551203,0.7141689,1.0,0.015016990219428636,True
pg-2021 27,staphylococcus vitulinus,1,0.836122,0.9006066,0.6123727,1.0,0.19841262970484413,False
pg-2021 12,staphylococcus aureus,1,0.9163371,0.9260784,0.15868355,0.23123470973025118,0.07887918338471253,True
pg-2021 41,staphylococcus sciuri,1,0.94203186,0.9492377,0.74997824,1.0,0.19841262970484413,False
pg-2021 41,staphylococcus vitulinus,1,0.95037884,0.9645737,0.6425762,1.0,0.19841262970484413,False
pg-2021 29,staphylococcus capitis,1,0.9468108,0.9899059,0.7819936,0.07032247362314317,0.1657733375874139,True
pg-2021 43,staphylococcus sciuri,1,0.94564867,0.9494336,0.69312537,0.23123470973025118,0.19841262970484413,False
pg-2021 12,staphylococcus kloosii,1,0.91376674,0.7650901,0.7188208,0.23123470973025118,0.17928898059388013,False
pg-2021 43,staphylococcus vitulinus,1,0.9599996,0.96533793,0.6425762,0.23123470973025118,0.19841262970484413,False
pg-2021 43,staphylococcus xylosus,1,0.8865846,0.72512907,0.71646005,0.23123470973025118,0.015016990219428636,True
pg-2021 12,staphylococcus fleuretti,1,0.9492115,0.88918144,0.46599793,0.23123470973025118,0.19841262970484413,False
pg-2021 27,staphylococcus lugdunensis,1,0.9470847,0.96450734,0.84899575,1.0,0.15533025306326895,False
pg-2021 43,staphylococcus kloosii,1,0.91376674,0.74981815,0.7188208,0.23123470973025118,0.17928898059388013,False
pg-2021 43,staphylococcus lentus,1,0.9853602,0.98905903,0.30609393,0.23123470973025118,0.17928898059388013,False
pg-2021 12,staphylococcus equorum,1,0.953459,0.92670494,0.47895786,0.23123470973025118,0.1468303739987189,False
pg-2021 29,staphylococcus sciuri,1,0.9782601,0.9896827,0.50595796,0.07032247362314317,0.19841262970484413,False
pg-2021 40,staphylococcus equorum,1,0.9601754,0.9285635,0.47895786,0.23123470973025118,0.1468303739987189,False
pg-2021 40,staphylococcus fleuretti,1,0.9594222,0.90504044,0.46599793,0.23123470973025118,0.19841262970484413,False
pg-2021 29,staphylococcus schleiferi,1,0.76677555,0.9151456,0.67978287,0.07032247362314317,0.23123470973025118,False
pg-2021 29,staphylococcus lugdunensis,1,0.98766285,0.9920725,0.73785377,0.07032247362314317,0.15533025306326895,False
pg-2021 40,staphylococcus kloosii,1,0.92404634,0.7687637,0.63292205,0.23123470973025118,0.17928898059388013,False
pg-2021 10,staphylococcus sciuri,1,0.983092,0.99248177,0.40419912,0.06442125843106432,0.19841262970484413,False
pg-2021 10,staphylococcus succinus,1,0.97160655,0.9828351,0.42263705,0.06442125843106432,0.1657733375874139,False
pg-2021 38,staphylococcus xylosus,1,0.9744718,0.97478616,0.33236122,0.06128632816849745,0.015016990219428636,True
pg-2021 40,staphylococcus aureus,1,0.9217174,0.92271614,0.15868355,0.23123470973025118,0.07887918338471253,True
pg-2021 29,staphylococcus xylosus,1,0.97482556,0.9819547,0.42325526,0.07032247362314317,0.015016990219428636,True
pg-2021 10,staphylococcus schleiferi,1,0.9247703,0.98005986,0.64431715,0.06442125843106432,0.23123470973025118,False
pg-2021 40,staphylococcus chromogenes,1,0.6331796,0.56493247,0.3110875,0.23123470973025118,0.17928898059388013,False
pg-2021 29,staphylococcus vitulinus,1,0.97806257,0.9908441,0.48133796,0.07032247362314317,0.19841262970484413,False
pg-2021 29,staphylococcus succinus,1,0.9882515,0.9911554,0.5006174,0.07032247362314317,0.1657733375874139,False
pg-2021 10,staphylococcus xylosus,1,0.9932255,0.99617445,0.4372843,0.06442125843106432,0.015016990219428636,True
pg-2021 41,staphylococcus cohnii,1,0.937678,0.9023096,0.62251717,1.0,0.15533025306326895,True
pg-2021 41,staphylococcus equorum,1,0.9545098,0.9297256,0.47895786,1.0,0.1468303739987189,False
pg-2021 29,staphylococcus epidermidis,1,0.85062754,0.9491668,0.58529496,0.07032247362314317,0.0877824514177322,True
pg-2021 41,staphylococcus fleuretti,1,0.94878453,0.8984586,0.40911338,1.0,0.19841262970484413,False
pg-2021 41,staphylococcus haemolyticus,1,0.5957024,0.5513294,0.7336729,1.0,0.006781920954369934,True
pg-2021 29,staphylococcus chromogenes,1,0.82591754,0.9142562,0.3347514,0.07032247362314317,0.17928898059388013,False
pg-2021 41,staphylococcus kloosii,1,0.91580987,0.824849,0.7119434,1.0,0.17928898059388013,False
pg-2021 41,staphylococcus chromogenes,1,0.68637764,0.6278573,0.3110875,1.0,0.17928898059388013,False
pg-2021 10,staphylococcus warneri,1,0.94781905,0.9841739,0.3668486,0.06442125843106432,0.002509487238135761,True
pg-2021 29,staphylococcus hyicus,1,0.8555322,0.93125147,0.55739796,0.07032247362314317,0.19841262970484413,False
pg-2021 40,staphylococcus xylosus,1,0.89786756,0.73000264,0.74604154,0.23123470973025118,0.015016990219428636,True
pg-2021 29,staphylococcus equorum,1,0.99181056,0.99477226,0.41328323,0.07032247362314317,0.1468303739987189,False
pg-2021 10,staphylococcus vitulinus,1,0.97681886,0.98476297,0.40419912,0.06442125843106432,0.19841262970484413,False
pg-2021 40,staphylococcus sciuri,1,0.94868064,0.9414505,0.69312537,0.23123470973025118,0.19841262970484413,False
pg-2021 40,staphylococcus vitulinus,1,0.9651742,0.9655109,0.6425762,0.23123470973025118,0.19841262970484413,False
pg-2021 10,staphylococcus arlettae,0,0.9652161,0.97752804,0.91162467,0.06442125843106432,0.19841262970484413,False
pg-2021 31,staphylococcus cohnii,0,0.74347323,0.8782785,0.46582955,0.19841262970484413,0.15533025306326895,True
pg-2021 33,staphylococcus fleuretti,0,0.9813246,0.9894415,0.8829192,0.23123470973025118,0.19841262970484413,False
pg-2021 33,staphylococcus equorum,0,0.7002817,0.82519174,0.54761845,0.23123470973025118,0.1468303739987189,False
pg-2021 33,staphylococcus epidermidis,0,0.85448104,0.92566216,0.5472841,0.23123470973025118,0.0877824514177322,True
pg-2021 33,staphylococcus cohnii,0,0.757013,0.8967256,0.47172865,0.23123470973025118,0.15533025306326895,True
pg-2021 33,staphylococcus chromogenes,0,0.22502702,0.43747702,0.6227105,0.23123470973025118,0.17928898059388013,False
pg-2021 33,staphylococcus caprae,0,0.34011626,0.55234474,0.55807436,0.23123470973025118,0.1657733375874139,False
pg-2021 33,staphylococcus capitis,0,0.75574094,0.9554312,0.5833123,0.23123470973025118,0.1657733375874139,True
pg-2021 33,staphylococcus auricularis,0,0.17043681,0.35443616,0.2596196,0.23123470973025118,0.23123470973025118,False
pg-2021 33,staphylococcus arlettae,0,0.79077756,0.87289596,0.32800448,0.23123470973025118,0.19841262970484413,False
pg-2021 31,staphylococcus warneri,0,0.7641438,0.884816,0.39596945,0.19841262970484413,0.002509487238135761,True
pg-2021 31,staphylococcus saprophyticus,0,0.75986,0.8503235,0.5503083,0.19841262970484413,0.12806466990905035,True
pg-2021 31,staphylococcus pseudintermedius,0,0.30459988,0.5614335,0.22116888,0.19841262970484413,0.15533025306326895,False
pg-2021 31,staphylococcus pettenkoferi,0,0.43380937,0.58919466,0.025731256,0.19841262970484413,0.23123470973025118,False
pg-2021 31,staphylococcus pasteuri,0,0.8413815,0.94939977,0.55224705,0.19841262970484413,0.15533025306326895,True
pg-2021 31,staphylococcus nepalensis,0,0.76302326,0.8797349,0.6402206,0.19841262970484413,0.15533025306326895,False
pg-2021 31,staphylococcus lugdunensis,0,0.9276182,0.95898706,0.78556824,0.19841262970484413,0.15533025306326895,False
pg-2021 31,staphylococcus hyicus,0,0.32539326,0.69276404,0.59816784,0.19841262970484413,0.19841262970484413,False
pg-2021 31,staphylococcus hominis,0,0.91211075,0.9680678,0.53267795,0.19841262970484413,0.021109879109110687,True
pg-2021 31,staphylococcus haemolyticus,0,0.81623816,0.9508447,0.6203201,0.19841262970484413,0.006781920954369934,True
pg-2021 31,staphylococcus fleuretti,0,0.9752559,0.9839774,0.882731,0.19841262970484413,0.19841262970484413,False
pg-2021 31,staphylococcus equorum,0,0.77960837,0.86467624,0.42194816,0.19841262970484413,0.1468303739987189,False
pg-2021 33,staphylococcus haemolyticus,0,0.7808409,0.95959264,0.39596945,0.23123470973025118,0.006781920954369934,True
pg-2021 33,staphylococcus hominis,0,0.9051622,0.97856474,0.4071407,0.23123470973025118,0.021109879109110687,True
pg-2021 33,staphylococcus hyicus,0,0.34061244,0.6970174,0.5659409,0.23123470973025118,0.19841262970484413,False
pg-2021 35,staphylococcus chromogenes,0,0.744087,0.8448028,0.17539215,0.06334602522143944,0.17928898059388013,False
pg-2021 35,staphylococcus pasteuri,0,0.910254,0.96045715,0.29806796,0.06334602522143944,0.15533025306326895,True
pg-2021 35,staphylococcus nepalensis,0,0.985837,0.9860022,0.750539,0.06334602522143944,0.15533025306326895,False
pg-2021 35,staphylococcus lentus,0,0.9825927,0.9901225,0.9327239,0.06334602522143944,0.17928898059388013,False
pg-2021 35,staphylococcus kloosii,0,0.97912234,0.98029923,0.51567036,0.06334602522143944,0.17928898059388013,False
pg-2021 35,staphylococcus hyicus,0,0.8265434,0.889715,0.5501351,0.06334602522143944,0.19841262970484413,False
pg-2021 35,staphylococcus hominis,0,0.9796284,0.9938175,0.49372634,0.06334602522143944,0.021109879109110687,True
pg-2021 35,staphylococcus haemolyticus,0,0.94660276,0.9879936,0.47345364,0.06334602522143944,0.006781920954369934,True
pg-2021 35,staphylococcus fleuretti,0,0.9751202,0.9811659,0.8905226,0.06334602522143944,0.19841262970484413,False
pg-2021 35,staphylococcus equorum,0,0.9888227,0.99188507,0.3623094,0.06334602522143944,0.1468303739987189,False
pg-2021 35,staphylococcus caprae,0,0.7744026,0.8684062,0.62910783,0.06334602522143944,0.1657733375874139,False
pg-2021 33,staphylococcus lugdunensis,0,0.92050844,0.97455287,0.69167745,0.23123470973025118,0.15533025306326895,False
pg-2021 35,staphylococcus auricularis,0,0.85928506,0.85508186,0.08092451,0.06334602522143944,0.23123470973025118,False
pg-2021 35,staphylococcus aureus,0,0.9836067,0.9948833,0.47316843,0.06334602522143944,0.07887918338471253,True
pg-2021 35,staphylococcus arlettae,0,0.95087105,0.9536241,0.8988215,0.06334602522143944,0.19841262970484413,False
pg-2021 33,staphylococcus warneri,0,0.7167597,0.92701626,0.6569444,0.23123470973025118,0.002509487238135761,True
pg-2021 33,staphylococcus saprophyticus,0,0.7521606,0.8601712,0.46235013,0.23123470973025118,0.12806466990905035,True
pg-2021 33,staphylococcus pseudintermedius,0,0.29895872,0.5975477,0.22116888,0.23123470973025118,0.15533025306326895,False
pg-2021 33,staphylococcus pettenkoferi,0,0.3427793,0.5205857,0.037961338,0.23123470973025118,0.23123470973025118,False
pg-2021 33,staphylococcus pasteuri,0,0.81556684,0.9699516,0.40636346,0.23123470973025118,0.15533025306326895,True
pg-2021 33,staphylococcus nepalensis,0,0.76424915,0.8950016,0.46235013,0.23123470973025118,0.15533025306326895,False
pg-2021 31,staphylococcus epidermidis,0,0.85657495,0.91929346,0.4630877,0.19841262970484413,0.0877824514177322,True
pg-2021 31,staphylococcus chromogenes,0,0.26503363,0.5038451,0.5133358,0.19841262970484413,0.17928898059388013,False
pg-2021 35,staphylococcus pseudintermedius,0,0.76563096,0.8773973,0.04701715,0.06334602522143944,0.15533025306326895,False
pg-2021 31,staphylococcus caprae,0,0.4075375,0.5887127,0.49876738,0.19841262970484413,0.1657733375874139,False
pg-2021 29,staphylococcus pseudintermedius,0,0.75842524,0.8696764,0.04587217,0.07032247362314317,0.15533025306326895,False
pg-2021 29,staphylococcus pettenkoferi,0,0.81879795,0.8815834,0.33299243,0.07032247362314317,0.23123470973025118,False
pg-2021 29,staphylococcus pasteuri,0,0.8781627,0.9568017,0.4177208,0.07032247362314317,0.15533025306326895,True
pg-2021 29,staphylococcus nepalensis,0,0.9916823,0.99435,0.68130183,0.07032247362314317,0.15533025306326895,False
pg-2021 29,staphylococcus lentus,0,0.9803153,0.9913168,0.9234188,0.07032247362314317,0.17928898059388013,False
pg-2021 29,staphylococcus kloosii,0,0.98839486,0.99031025,0.41167277,0.07032247362314317,0.17928898059388013,False
pg-2021 29,staphylococcus hominis,0,0.97422475,0.990171,0.49372634,0.07032247362314317,0.021109879109110687,True
pg-2021 29,staphylococcus haemolyticus,0,0.94380665,0.9850472,0.34891704,0.07032247362314317,0.006781920954369934,True
pg-2021 29,staphylococcus fleuretti,0,0.9902777,0.99314183,0.92099947,0.07032247362314317,0.19841262970484413,False
pg-2021 29,staphylococcus cohnii,0,0.98854893,0.99376845,0.4123916,0.07032247362314317,0.15533025306326895,True
pg-2021 29,staphylococcus caprae,0,0.94449055,0.97552663,0.5848422,0.07032247362314317,0.1657733375874139,False
pg-2021 29,staphylococcus auricularis,0,0.7691133,0.8568427,0.05971164,0.07032247362314317,0.23123470973025118,False
pg-2021 29,staphylococcus aureus,0,0.9788169,0.9901175,0.2394084,0.07032247362314317,0.07887918338471253,True
pg-2021 29,staphylococcus arlettae,0,0.97188044,0.979267,0.91686565,0.07032247362314317,0.19841262970484413,False
pg-2021 27,staphylococcus xylosus,0,0.9498486,0.96077496,0.80053693,1.0,0.015016990219428636,True
pg-2021 27,staphylococcus warneri,0,0.84648216,0.91563153,0.5906396,1.0,0.002509487238135761,True
pg-2021 27,staphylococcus succinus,0,0.964164,0.9761596,0.7726756,1.0,0.1657733375874139,False
pg-2021 27,staphylococcus sciuri,0,0.9501243,0.9784651,0.7510568,1.0,0.19841262970484413,False
pg-2021 27,staphylococcus schleiferi,0,0.7493976,0.8867766,0.4767906,1.0,0.23123470973025118,False
pg-2021 27,staphylococcus pseudintermedius,0,0.61285347,0.70219386,0.17080665,1.0,0.15533025306326895,False
pg-2021 27,staphylococcus pettenkoferi,0,0.7077615,0.87975174,0.1532808,1.0,0.23123470973025118,False
pg-2021 29,staphylococcus saprophyticus,0,0.97771317,0.983958,0.4594925,0.07032247362314317,0.12806466990905035,True
pg-2021 29,staphylococcus warneri,0,0.94973916,0.9822943,0.35271293,0.07032247362314317,0.002509487238135761,True
pg-2021 2,staphylococcus arlettae,0,0.9543399,0.9655994,0.90496963,0.0623015628404847,0.19841262970484413,False
pg-2021 2,staphylococcus pasteuri,0,0.8789181,0.94970906,0.25646037,0.0623015628404847,0.15533025306326895,True
pg-2021 31,staphylococcus capitis,0,0.7995468,0.94764847,0.3832394,0.19841262970484413,0.1657733375874139,True
pg-2021 31,staphylococcus auricularis,0,0.19625016,0.39982232,0.2725322,0.19841262970484413,0.23123470973025118,False
pg-2021 31,staphylococcus aureus,0,0.65300965,0.77323395,0.47828582,0.19841262970484413,0.07887918338471253,True
pg-2021 31,staphylococcus arlettae,0,0.8194095,0.88648087,0.35632223,0.19841262970484413,0.19841262970484413,False
pg-2021 2,staphylococcus warneri,0,0.9545111,0.9897557,0.41367242,0.0623015628404847,0.002509487238135761,True
pg-2021 2,staphylococcus sciuri,0,0.98148876,0.99307853,0.47333562,0.0623015628404847,0.19841262970484413,False
pg-2021 2,staphylococcus saprophyticus,0,0.9759681,0.98357403,0.77501816,0.0623015628404847,0.12806466990905035,True
pg-2021 2,staphylococcus pseudintermedius,0,0.8001424,0.8925364,0.04701715,0.0623015628404847,0.15533025306326895,False
pg-2021 2,staphylococcus pettenkoferi,0,0.8318501,0.86969435,0.33299243,0.0623015628404847,0.23123470973025118,False
pg-2021 2,staphylococcus nepalensis,0,0.98820484,0.9899109,0.751775,0.0623015628404847,0.15533025306326895,False
pg-2021 2,staphylococcus aureus,0,0.97964394,0.9930708,0.36559913,0.0623015628404847,0.07887918338471253,True
pg-2021 2,staphylococcus lentus,0,0.98039675,0.9898261,0.90568155,0.0623015628404847,0.17928898059388013,False
pg-2021 2,staphylococcus kloosii,0,0.98192894,0.9839798,0.5953019,0.0623015628404847,0.17928898059388013,False
pg-2021 2,staphylococcus hyicus,0,0.84186536,0.89693004,0.56964386,0.0623015628404847,0.19841262970484413,False
pg-2021 2,staphylococcus hominis,0,0.9812283,0.994375,0.53549933,0.0623015628404847,0.021109879109110687,True
pg-2021 2,staphylococcus haemolyticus,0,0.9513507,0.988357,0.4127488,0.0623015628404847,0.006781920954369934,True
pg-2021 2,staphylococcus fleuretti,0,0.98669994,0.98847735,0.9144137,0.0623015628404847,0.19841262970484413,False
pg-2021 2,staphylococcus cohnii,0,0.99089676,0.9967691,0.3797067,0.0623015628404847,0.15533025306326895,True
pg-2021 2,staphylococcus caprae,0,0.92696184,0.96522677,0.6022238,0.0623015628404847,0.1657733375874139,False
pg-2021 2,staphylococcus auricularis,0,0.7894063,0.83429056,0.08092451,0.0623015628404847,0.23123470973025118,False
pg-2021 35,staphylococcus pettenkoferi,0,0.7805963,0.8289797,0.34882766,0.06334602522143944,0.23123470973025118,False
pg-2021 35,staphylococcus saprophyticus,0,0.9215146,0.9420219,0.81760764,0.06334602522143944,0.12806466990905035,True
pg-2021 41,staphylococcus pettenkoferi,0,0.4346619,0.664649,0.047056306,1.0,0.23123470973025118,False
pg-2021 43,staphylococcus succinus,0,0.81737226,0.69142705,0.6362244,0.23123470973025118,0.1657733375874139,False
pg-2021 43,staphylococcus schleiferi,0,0.53468674,0.56845754,0.32826263,0.23123470973025118,0.23123470973025118,False
pg-2021 43,staphylococcus saprophyticus,0,0.94060767,0.89885384,0.38312683,0.23123470973025118,0.12806466990905035,True
pg-2021 43,staphylococcus pseudintermedius,0,0.50843567,0.51695037,0.029717853,0.23123470973025118,0.15533025306326895,False
pg-2021 43,staphylococcus pettenkoferi,0,0.38302395,0.57551306,0.047056306,0.23123470973025118,0.23123470973025118,False
pg-2021 43,staphylococcus pasteuri,0,0.61564356,0.54238147,0.6525348,0.23123470973025118,0.15533025306326895,True
pg-2021 43,staphylococcus nepalensis,0,0.8632486,0.8000314,0.57952684,0.23123470973025118,0.15533025306326895,False
pg-2021 43,staphylococcus lugdunensis,0,0.8443688,0.7364317,0.4118044,0.23123470973025118,0.15533025306326895,False
pg-2021 43,staphylococcus hyicus,0,0.65974855,0.55852616,0.29679793,0.23123470973025118,0.19841262970484413,False
pg-2021 43,staphylococcus hominis,0,0.8480926,0.7320905,0.6052334,0.23123470973025118,0.021109879109110687,True
pg-2021 43,staphylococcus equorum,0,0.953459,0.92670494,0.47895786,0.23123470973025118,0.1468303739987189,False
pg-2021 43,staphylococcus epidermidis,0,0.68243116,0.5531309,0.67888606,0.23123470973025118,0.0877824514177322,True
pg-2021 43,staphylococcus chromogenes,0,0.6301006,0.56779575,0.3110875,0.23123470973025118,0.17928898059388013,False
pg-2021 43,staphylococcus caprae,0,0.571708,0.5640089,0.3753002,0.23123470973025118,0.1657733375874139,False
pg-2021 43,staphylococcus capitis,0,0.60656434,0.52167064,0.3545372,0.23123470973025118,0.1657733375874139,True
pg-2021 43,staphylococcus auricularis,0,0.47153237,0.42213187,0.22116888,0.23123470973025118,0.23123470973025118,False
pg-2021 43,staphylococcus arlettae,0,0.92206854,0.8008394,0.7971048,0.23123470973025118,0.19841262970484413,False
pg-2021 41,staphylococcus warneri,0,0.7418139,0.7382264,0.6694594,1.0,0.002509487238135761,True
pg-2021 41,staphylococcus succinus,0,0.83632475,0.73281336,0.6515529,1.0,0.1657733375874139,False
pg-2021 41,staphylococcus schleiferi,0,0.54890263,0.7051609,0.32826263,1.0,0.23123470973025118,False
pg-2021 41,staphylococcus saprophyticus,0,0.94845647,0.90740246,0.5260003,1.0,0.12806466990905035,True
pg-2021 43,staphylococcus warneri,0,0.7305697,0.7137229,0.4176982,0.23123470973025118,0.002509487238135761,True
pg-2021 46,staphylococcus arlettae,0,0.5276745,0.67347616,0.5198448,0.04189583444151167,0.19841262970484413,False
pg-2021 46,staphylococcus aureus,0,0.39376578,0.4747293,0.41733122,0.04189583444151167,0.07887918338471253,True
pg-2021 46,staphylococcus lugdunensis,0,0.5288154,0.4269169,0.72785515,0.04189583444151167,0.15533025306326895,False
pg-2021 47,staphylococcus arlettae,0,0.97160554,0.9843648,0.91162467,0.05933791795891328,0.19841262970484413,False
pg-2021 46,staphylococcus xylosus,0,0.8459961,0.7342408,0.66232353,0.04189583444151167,0.015016990219428636,True
pg-2021 46,staphylococcus warneri,0,0.63965315,0.47597456,0.69077605,0.04189583444151167,0.002509487238135761,True
pg-2021 46,staphylococcus succinus,0,0.6202833,0.6842907,0.8458689,0.04189583444151167,0.1657733375874139,False
pg-2021 46,staphylococcus saprophyticus,0,0.6981467,0.39719796,0.56459737,0.04189583444151167,0.12806466990905035,True
pg-2021 46,staphylococcus pseudintermedius,0,0.05102668,0.114674516,0.8783824,0.04189583444151167,0.15533025306326895,False
pg-2021 46,staphylococcus pettenkoferi,0,0.110880695,0.24912368,0.7252261,0.04189583444151167,0.23123470973025118,False
pg-2021 46,staphylococcus pasteuri,0,0.4614871,0.37943748,0.6560756,0.04189583444151167,0.15533025306326895,True
pg-2021 46,staphylococcus nepalensis,0,0.6409947,0.727446,0.6277056,0.04189583444151167,0.15533025306326895,False
pg-2021 46,staphylococcus lentus,0,0.9549376,0.9486864,0.98766285,0.04189583444151167,0.17928898059388013,False
pg-2021 46,staphylococcus auricularis,0,0.08821245,0.18512838,0.92808604,0.04189583444151167,0.23123470973025118,False
pg-2021 46,staphylococcus kloosii,0,0.6780194,0.59851366,0.5663213,0.04189583444151167,0.17928898059388013,False
pg-2021 46,staphylococcus hyicus,0,0.1514692,0.3684359,0.8946175,0.04189583444151167,0.19841262970484413,False
pg-2021 46,staphylococcus hominis,0,0.85805535,0.6376265,0.8574,0.04189583444151167,0.021109879109110687,True
pg-2021 46,staphylococcus fleuretti,0,0.9383575,0.8826729,0.9653917,0.04189583444151167,0.19841262970484413,False
pg-2021 46,staphylococcus equorum,0,0.763966,0.6822677,0.81354016,0.04189583444151167,0.1468303739987189,False
pg-2021 46,staphylococcus cohnii,0,0.72854817,0.6336003,0.5073809,0.04189583444151167,0.15533025306326895,True
pg-2021 46,staphylococcus chromogenes,0,0.16612361,0.42687032,0.9089189,0.04189583444151167,0.17928898059388013,False
pg-2021 46,staphylococcus caprae,0,0.69146746,0.706348,0.57269645,0.04189583444151167,0.1657733375874139,False
pg-2021 46,staphylococcus capitis,0,0.87966317,0.81346816,0.8135943,0.04189583444151167,0.1657733375874139,True
pg-2021 41,staphylococcus pseudintermedius,0,0.5560525,0.60364753,0.029717853,1.0,0.15533025306326895,False
pg-2021 41,staphylococcus pasteuri,0,0.6601065,0.61426383,0.39798325,1.0,0.15533025306326895,True
pg-2021 35,staphylococcus sciuri,0,0.9656027,0.9798952,0.37212312,0.06334602522143944,0.19841262970484413,False
pg-2021 41,staphylococcus nepalensis,0,0.87426704,0.8397537,0.556453,1.0,0.15533025306326895,False
pg-2021 40,staphylococcus cohnii,0,0.9481954,0.91149926,0.62251717,0.23123470973025118,0.15533025306326895,True
pg-2021 40,staphylococcus caprae,0,0.6051432,0.56588167,0.3753002,0.23123470973025118,0.1657733375874139,False
pg-2021 40,staphylococcus capitis,0,0.6389968,0.5092452,0.3545372,0.23123470973025118,0.1657733375874139,True
pg-2021 40,staphylococcus auricularis,0,0.48443505,0.42688224,0.22116888,0.23123470973025118,0.23123470973025118,False
pg-2021 40,staphylococcus arlettae,0,0.9314327,0.81180936,0.7971048,0.23123470973025118,0.19841262970484413,False
pg-2021 38,staphylococcus warneri,0,0.95819247,0.99023986,0.3480522,0.06128632816849745,0.002509487238135761,True
pg-2021 38,staphylococcus sciuri,0,0.9823453,0.993284,0.4082194,0.06128632816849745,0.19841262970484413,False
pg-2021 38,staphylococcus pseudintermedius,0,0.82094646,0.8954031,0.04701715,0.06128632816849745,0.15533025306326895,False
pg-2021 38,staphylococcus pettenkoferi,0,0.7892022,0.8325909,0.2725466,0.06128632816849745,0.23123470973025118,False
pg-2021 38,staphylococcus pasteuri,0,0.92581594,0.96421236,0.2569919,0.06128632816849745,0.15533025306326895,True
pg-2021 38,staphylococcus nepalensis,0,0.9755839,0.97945064,0.4261043,0.06128632816849745,0.15533025306326895,False
pg-2021 38,staphylococcus lentus,0,0.9827854,0.98846006,0.9284379,0.06128632816849745,0.17928898059388013,False
pg-2021 38,staphylococcus kloosii,0,0.98229665,0.98240906,0.46865052,0.06128632816849745,0.17928898059388013,False
pg-2021 38,staphylococcus hyicus,0,0.8574356,0.89948386,0.53778446,0.06128632816849745,0.19841262970484413,False
pg-2021 38,staphylococcus hominis,0,0.9810433,0.99426466,0.56171227,0.06128632816849745,0.021109879109110687,True
pg-2021 38,staphylococcus haemolyticus,0,0.9461446,0.978466,0.3834136,0.06128632816849745,0.006781920954369934,True
pg-2021 38,staphylococcus fleuretti,0,0.9887919,0.98752487,0.86779886,0.06128632816849745,0.19841262970484413,False
pg-2021 38,staphylococcus cohnii,0,0.9905889,0.9967056,0.5297698,0.06128632816849745,0.15533025306326895,True
pg-2021 38,staphylococcus caprae,0,0.90795374,0.9574253,0.6395826,0.06128632816849745,0.1657733375874139,False
pg-2021 38,staphylococcus auricularis,0,0.80708873,0.8212342,0.05971164,0.06128632816849745,0.23123470973025118,False
pg-2021 38,staphylococcus arlettae,0,0.96460897,0.9729785,0.8550397,0.06128632816849745,0.19841262970484413,False
pg-2021 40,staphylococcus epidermidis,0,0.7150473,0.5914079,0.67888606,0.23123470973025118,0.0877824514177322,True
pg-2021 40,staphylococcus haemolyticus,0,0.58311915,0.4537073,0.7336729,0.23123470973025118,0.006781920954369934,True
pg-2021 40,staphylococcus hominis,0,0.82115656,0.7485487,0.6052334,0.23123470973025118,0.021109879109110687,True
pg-2021 41,staphylococcus arlettae,0,0.93324864,0.85557044,0.70984614,1.0,0.19841262970484413,False
pg-2021 41,staphylococcus lugdunensis,0,0.88496554,0.816481,0.4118044,1.0,0.15533025306326895,False
pg-2021 41,staphylococcus lentus,0,0.98177,0.98353934,0.338269,1.0,0.17928898059388013,False
pg-2021 41,staphylococcus hyicus,0,0.7280854,0.63164896,0.29679793,1.0,0.19841262970484413,False
pg-2021 41,staphylococcus hominis,0,0.81452936,0.67789423,0.49238953,1.0,0.021109879109110687,True
pg-2021 41,staphylococcus epidermidis,0,0.67215437,0.62728244,0.564143,1.0,0.0877824514177322,True
pg-2021 41,staphylococcus caprae,0,0.5964601,0.6528754,0.18307179,1.0,0.1657733375874139,False
pg-2021 41,staphylococcus capitis,0,0.66053486,0.64685005,0.6471413,1.0,0.1657733375874139,True
pg-2021 41,staphylococcus auricularis,0,0.5167632,0.48830208,0.22116888,1.0,0.23123470973025118,False
pg-2021 41,staphylococcus aureus,0,0.90925705,0.905763,0.15868355,1.0,0.07887918338471253,True
pg-2021 40,staphylococcus warneri,0,0.73790747,0.72556955,0.4176982,0.23123470973025118,0.002509487238135761,True
pg-2021 40,staphylococcus hyicus,0,0.67125964,0.5666523,0.29679793,0.23123470973025118,0.19841262970484413,False
pg-2021 40,staphylococcus succinus,0,0.845155,0.70984995,0.52815986,0.23123470973025118,0.1657733375874139,False
pg-2021 40,staphylococcus schleiferi,0,0.5475271,0.58202446,0.32826263,0.23123470973025118,0.23123470973025118,False
pg-2021 40,staphylococcus saprophyticus,0,0.9490796,0.89932376,0.38312683,0.23123470973025118,0.12806466990905035,True
pg-2021 40,staphylococcus pseudintermedius,0,0.52135193,0.52374375,0.029717853,0.23123470973025118,0.15533025306326895,False
pg-2021 40,staphylococcus pettenkoferi,0,0.39937276,0.57888746,0.031946555,0.23123470973025118,0.23123470973025118,False
pg-2021 40,staphylococcus pasteuri,0,0.67887956,0.6148666,0.6525348,0.23123470973025118,0.15533025306326895,True
pg-2021 40,staphylococcus nepalensis,0,0.876844,0.80417234,0.57952684,0.23123470973025118,0.15533025306326895,False
pg-2021 40,staphylococcus lugdunensis,0,0.9054774,0.8072561,0.4118044,0.23123470973025118,0.15533025306326895,False
pg-2021 40,staphylococcus lentus,0,0.98775035,0.98940444,0.30609393,0.23123470973025118,0.17928898059388013,False
pg-2021 27,staphylococcus pasteuri,0,0.866893,0.93070203,0.7154163,1.0,0.15533025306326895,True
pg-2021 27,staphylococcus nepalensis,0,0.98397696,0.9924528,0.9189206,1.0,0.15533025306326895,False
pg-2021 27,staphylococcus lentus,0,0.98443156,0.9862211,0.63935375,1.0,0.17928898059388013,False
pg-2021 15,staphylococcus auricularis,0,0.47153237,0.41028088,0.22116888,0.23123470973025118,0.23123470973025118,False
pg-2021 16,staphylococcus kloosii,0,0.98237014,0.98482174,0.31631407,0.07162273317982258,0.17928898059388013,False
pg-2021 16,staphylococcus hyicus,0,0.84699583,0.93106586,0.37000278,0.07162273317982258,0.19841262970484413,False
pg-2021 16,staphylococcus hominis,0,0.9751619,0.99024206,0.5576937,0.07162273317982258,0.021109879109110687,True
pg-2021 16,staphylococcus haemolyticus,0,0.94792014,0.98794353,0.35537672,0.07162273317982258,0.006781920954369934,True
pg-2021 16,staphylococcus fleuretti,0,0.99145246,0.9953708,0.87849194,0.07162273317982258,0.19841262970484413,False
pg-2021 16,staphylococcus caprae,0,0.8435689,0.90854394,0.86790633,0.07162273317982258,0.1657733375874139,False
pg-2021 16,staphylococcus auricularis,0,0.79956794,0.8519226,0.080783345,0.07162273317982258,0.23123470973025118,False
pg-2021 16,staphylococcus arlettae,0,0.9722997,0.9801762,0.8989114,0.07162273317982258,0.19841262970484413,False
pg-2021 15,staphylococcus warneri,0,0.73865694,0.7036539,0.4176982,0.23123470973025118,0.002509487238135761,True
pg-2021 15,staphylococcus sciuri,0,0.94564867,0.94703984,0.69312537,0.23123470973025118,0.19841262970484413,False
pg-2021 15,staphylococcus saprophyticus,0,0.94288325,0.89433223,0.38312683,0.23123470973025118,0.12806466990905035,True
pg-2021 15,staphylococcus pseudintermedius,0,0.50843567,0.5047626,0.029717853,0.23123470973025118,0.15533025306326895,False
pg-2021 15,staphylococcus pettenkoferi,0,0.38302395,0.5635555,0.047056306,0.23123470973025118,0.23123470973025118,False
pg-2021 15,staphylococcus pasteuri,0,0.62541175,0.53025234,0.6525348,0.23123470973025118,0.15533025306326895,True
pg-2021 15,staphylococcus nepalensis,0,0.8686386,0.7942076,0.57952684,0.23123470973025118,0.15533025306326895,False
pg-2021 15,staphylococcus lentus,0,0.9859467,0.9885184,0.26507324,0.23123470973025118,0.17928898059388013,False
pg-2021 15,staphylococcus kloosii,0,0.91697997,0.75621057,0.6465135,0.23123470973025118,0.17928898059388013,False
pg-2021 15,staphylococcus hominis,0,0.8480926,0.722416,0.6052334,0.23123470973025118,0.021109879109110687,True
pg-2021 15,staphylococcus haemolyticus,0,0.56383395,0.43718806,0.7336729,0.23123470973025118,0.006781920954369934,True
pg-2021 15,staphylococcus fleuretti,0,0.95569783,0.8990229,0.46599793,0.23123470973025118,0.19841262970484413,False
pg-2021 15,staphylococcus cohnii,0,0.94217455,0.89859444,0.62251717,0.23123470973025118,0.15533025306326895,True
pg-2021 16,staphylococcus lentus,0,0.99395764,0.99704903,0.8975668,0.07162273317982258,0.17928898059388013,False
pg-2021 16,staphylococcus nepalensis,0,0.987671,0.9896327,0.4261043,0.07162273317982258,0.15533025306326895,False
pg-2021 16,staphylococcus pasteuri,0,0.8691849,0.94598395,0.2649196,0.07162273317982258,0.15533025306326895,True
pg-2021 17,staphylococcus pasteuri,0,0.8552335,0.9353521,0.22922733,0.06667084205962984,0.15533025306326895,True
pg-2021 18,staphylococcus hominis,0,0.9512251,0.97069293,0.58002746,0.0655289293244237,0.021109879109110687,True
pg-2021 18,staphylococcus haemolyticus,0,0.94178987,0.9855225,0.313135,0.0655289293244237,0.006781920954369934,True
pg-2021 18,staphylococcus fleuretti,0,0.9893518,0.99251854,0.8858635,0.0655289293244237,0.19841262970484413,False
pg-2021 18,staphylococcus cohnii,0,0.9896409,0.9971449,0.54262775,0.0655289293244237,0.15533025306326895,True
pg-2021 18,staphylococcus caprae,0,0.8420495,0.9065238,0.57021946,0.0655289293244237,0.1657733375874139,False
pg-2021 18,staphylococcus auricularis,0,0.7671405,0.78968704,0.08665595,0.0655289293244237,0.23123470973025118,False
pg-2021 18,staphylococcus arlettae,0,0.96875495,0.9837699,0.8550397,0.0655289293244237,0.19841262970484413,False
pg-2021 17,staphylococcus warneri,0,0.9519963,0.98993427,0.33163732,0.06667084205962984,0.002509487238135761,True
pg-2021 17,staphylococcus saprophyticus,0,0.93524104,0.958016,0.42876548,0.06667084205962984,0.12806466990905035,True
pg-2021 17,staphylococcus nepalensis,0,0.9667958,0.9745092,0.4568052,0.06667084205962984,0.15533025306326895,False
pg-2021 16,staphylococcus pettenkoferi,0,0.8019892,0.8702685,0.16042332,0.07162273317982258,0.23123470973025118,False
pg-2021 17,staphylococcus hominis,0,0.97186476,0.9913066,0.56788,0.06667084205962984,0.021109879109110687,True
pg-2021 17,staphylococcus haemolyticus,0,0.9515384,0.9891515,0.25626525,0.06667084205962984,0.006781920954369934,True
pg-2021 17,staphylococcus fleuretti,0,0.99286956,0.9965855,0.8959554,0.06667084205962984,0.19841262970484413,False
pg-2021 17,staphylococcus caprae,0,0.7602102,0.8584236,0.5885914,0.06667084205962984,0.1657733375874139,False
pg-2021 17,staphylococcus arlettae,0,0.9530014,0.968473,0.86374754,0.06667084205962984,0.19841262970484413,False
pg-2021 16,staphylococcus warneri,0,0.9510084,0.9791581,0.25626525,0.07162273317982258,0.002509487238135761,True
pg-2021 16,staphylococcus sciuri,0,0.9839415,0.99194324,0.4434944,0.07162273317982258,0.19841262970484413,False
pg-2021 16,staphylococcus saprophyticus,0,0.94151026,0.9612345,0.5868193,0.07162273317982258,0.12806466990905035,True
pg-2021 16,staphylococcus pseudintermedius,0,0.79456055,0.8806558,0.015960291,0.07162273317982258,0.15533025306326895,False
pg-2021 15,staphylococcus caprae,0,0.571708,0.5519794,0.25276026,0.23123470973025118,0.1657733375874139,False
pg-2021 15,staphylococcus arlettae,0,0.9249979,0.7929456,0.7971048,0.23123470973025118,0.19841262970484413,False
pg-2021 27,staphylococcus kloosii,0,0.97880596,0.97333884,0.72878444,1.0,0.17928898059388013,False
pg-2021 14,staphylococcus warneri,0,0.7418139,0.74754226,0.6694594,1.0,0.002509487238135761,True
pg-2021 12,staphylococcus lugdunensis,0,0.8443688,0.7364317,0.4131749,0.23123470973025118,0.15533025306326895,False
pg-2021 12,staphylococcus lentus,0,0.9853602,0.98905903,0.30609393,0.23123470973025118,0.17928898059388013,False
pg-2021 12,staphylococcus hyicus,0,0.65974855,0.55852616,0.29679793,0.23123470973025118,0.19841262970484413,False
pg-2021 12,staphylococcus hominis,0,0.8480926,0.7320905,0.6052334,0.23123470973025118,0.021109879109110687,True
pg-2021 12,staphylococcus haemolyticus,0,0.55360615,0.44922417,0.7336729,0.23123470973025118,0.006781920954369934,True
pg-2021 12,staphylococcus epidermidis,0,0.68243116,0.5531309,0.67888606,0.23123470973025118,0.0877824514177322,True
pg-2021 12,staphylococcus caprae,0,0.571708,0.5640089,0.3523915,0.23123470973025118,0.1657733375874139,False
pg-2021 12,staphylococcus capitis,0,0.60656434,0.52167064,0.3363542,0.23123470973025118,0.1657733375874139,True
pg-2021 12,staphylococcus auricularis,0,0.47153237,0.42213187,0.22116888,0.23123470973025118,0.23123470973025118,False
pg-2021 12,staphylococcus arlettae,0,0.92206854,0.8008394,0.7971048,0.23123470973025118,0.19841262970484413,False
pg-2021 10,staphylococcus saprophyticus,0,0.9355284,0.95961195,0.72036994,0.06442125843106432,0.12806466990905035,True
pg-2021 10,staphylococcus pseudintermedius,0,0.80895466,0.8896277,0.03780308,0.06442125843106432,0.15533025306326895,False
pg-2021 10,staphylococcus pettenkoferi,0,0.7937211,0.83538103,0.34882766,0.06442125843106432,0.23123470973025118,False
pg-2021 10,staphylococcus nepalensis,0,0.97413695,0.9843164,0.7292347,0.06442125843106432,0.15533025306326895,False
pg-2021 10,staphylococcus kloosii,0,0.9685119,0.95664614,0.4938826,0.06442125843106432,0.17928898059388013,False
pg-2021 10,staphylococcus hyicus,0,0.82912153,0.89874816,0.53778446,0.06442125843106432,0.19841262970484413,False
pg-2021 10,staphylococcus hominis,0,0.9804451,0.99428326,0.56768286,0.06442125843106432,0.021109879109110687,True
pg-2021 10,staphylococcus haemolyticus,0,0.9509243,0.9896897,0.48773938,0.06442125843106432,0.006781920954369934,True
pg-2021 10,staphylococcus fleuretti,0,0.99070954,0.99295855,0.85191053,0.06442125843106432,0.19841262970484413,False
pg-2021 10,staphylococcus caprae,0,0.9267797,0.96421844,0.64900357,0.06442125843106432,0.1657733375874139,False
pg-2021 10,staphylococcus auricularis,0,0.7940412,0.82211673,0.036922716,0.06442125843106432,0.23123470973025118,False
pg-2021 12,staphylococcus nepalensis,0,0.8638322,0.8000314,0.57952684,0.23123470973025118,0.15533025306326895,False
pg-2021 12,staphylococcus pasteuri,0,0.61564356,0.54238147,0.6525348,0.23123470973025118,0.15533025306326895,True
pg-2021 12,staphylococcus pettenkoferi,0,0.38302395,0.57551306,0.047056306,0.23123470973025118,0.23123470973025118,False
pg-2021 14,staphylococcus hominis,0,0.81452936,0.688451,0.49238953,1.0,0.021109879109110687,True
pg-2021 14,staphylococcus succinus,0,0.83632475,0.74225473,0.6515529,1.0,0.1657733375874139,False
pg-2021 14,staphylococcus schleiferi,0,0.54890263,0.7151995,0.32826263,1.0,0.23123470973025118,False
pg-2021 14,staphylococcus saprophyticus,0,0.94845647,0.9114202,0.5260003,1.0,0.12806466990905035,True
pg-2021 14,staphylococcus pseudintermedius,0,0.5560525,0.61525655,0.029717853,1.0,0.15533025306326895,False
pg-2021 14,staphylococcus pettenkoferi,0,0.4346619,0.67543197,0.047056306,1.0,0.23123470973025118,False
pg-2021 14,staphylococcus pasteuri,0,0.6601065,0.62575483,0.4176982,1.0,0.15533025306326895,True
pg-2021 14,staphylococcus nepalensis,0,0.8716395,0.84620917,0.3831857,1.0,0.15533025306326895,False
pg-2021 14,staphylococcus lugdunensis,0,0.8499082,0.7840445,0.4131749,1.0,0.15533025306326895,False
pg-2021 14,staphylococcus hyicus,0,0.7280854,0.64292306,0.29679793,1.0,0.19841262970484413,False
pg-2021 14,staphylococcus haemolyticus,0,0.5957024,0.5633625,0.7336729,1.0,0.006781920954369934,True
pg-2021 12,staphylococcus pseudintermedius,0,0.50843567,0.51695037,0.029717853,0.23123470973025118,0.15533025306326895,False
pg-2021 14,staphylococcus epidermidis,0,0.67215437,0.6386137,0.564143,1.0,0.0877824514177322,True
pg-2021 14,staphylococcus caprae,0,0.5964601,0.6638456,0.16872765,1.0,0.1657733375874139,False
pg-2021 14,staphylococcus capitis,0,0.6507371,0.6579108,0.6393244,1.0,0.1657733375874139,True
pg-2021 14,staphylococcus auricularis,0,0.5167632,0.50049406,0.22116888,1.0,0.23123470973025118,False
pg-2021 14,staphylococcus arlettae,0,0.93324864,0.86149377,0.62418675,1.0,0.19841262970484413,False
pg-2021 12,staphylococcus warneri,0,0.7305697,0.7137229,0.4176982,0.23123470973025118,0.002509487238135761,True
pg-2021 12,staphylococcus succinus,0,0.81737226,0.69142705,0.5428284,0.23123470973025118,0.1657733375874139,False
pg-2021 12,staphylococcus schleiferi,0,0.53468674,0.56845754,0.32826263,0.23123470973025118,0.23123470973025118,False
pg-2021 12,staphylococcus saprophyticus,0,0.94060767,0.89885384,0.38312683,0.23123470973025118,0.12806466990905035,True
pg-2021 18,staphylococcus hyicus,0,0.8725142,0.92933583,0.53778446,0.0655289293244237,0.19841262970484413,False
pg-2021 18,staphylococcus kloosii,0,0.9823611,0.9827892,0.5407363,0.0655289293244237,0.17928898059388013,False
pg-2021 18,staphylococcus lentus,0,0.9891242,0.9914016,0.8975668,0.0655289293244237,0.17928898059388013,False
pg-2021 18,staphylococcus nepalensis,0,0.9860917,0.9888704,0.4261043,0.0655289293244237,0.15533025306326895,False
pg-2021 23,staphylococcus haemolyticus,0,0.93450475,0.9631309,0.77124274,1.0,0.006781920954369934,True
pg-2021 23,staphylococcus epidermidis,0,0.9581705,0.97589535,0.91671795,1.0,0.0877824514177322,True
pg-2021 23,staphylococcus caprae,0,0.92172295,0.9423775,0.882835,1.0,0.1657733375874139,False
pg-2021 23,staphylococcus capitis,0,0.9351841,0.97013736,0.9069804,1.0,0.1657733375874139,True
pg-2021 23,staphylococcus auricularis,0,0.60994446,0.4592789,0.05181757,1.0,0.23123470973025118,False
pg-2021 23,staphylococcus arlettae,0,0.98296577,0.9813207,0.9175579,1.0,0.19841262970484413,False
pg-2021 22,staphylococcus warneri,0,0.74037963,0.73434436,0.6694594,1.0,0.002509487238135761,True
pg-2021 22,staphylococcus succinus,0,0.82952005,0.72888047,0.57520825,1.0,0.1657733375874139,False
pg-2021 22,staphylococcus schleiferi,0,0.547051,0.69789016,0.32826263,1.0,0.23123470973025118,False
pg-2021 22,staphylococcus saprophyticus,0,0.94770736,0.90740246,0.5260003,1.0,0.12806466990905035,True
pg-2021 22,staphylococcus pseudintermedius,0,0.55420643,0.59531003,0.029717853,1.0,0.15533025306326895,False
pg-2021 22,staphylococcus pettenkoferi,0,0.43691787,0.65686524,0.047056306,1.0,0.23123470973025118,False
pg-2021 22,staphylococcus pasteuri,0,0.65842724,0.6095157,0.39798325,1.0,0.15533025306326895,True
pg-2021 22,staphylococcus nepalensis,0,0.8712447,0.83704484,0.57952684,1.0,0.15533025306326895,False
pg-2021 22,staphylococcus lugdunensis,0,0.8489521,0.7721732,0.4118044,1.0,0.15533025306326895,False
pg-2021 22,staphylococcus lentus,0,0.98118514,0.98353934,0.338269,1.0,0.17928898059388013,False
pg-2021 22,staphylococcus hyicus,0,0.726603,0.6235332,0.29679793,1.0,0.19841262970484413,False
pg-2021 22,staphylococcus hominis,0,0.8096203,0.67789423,0.49238953,1.0,0.021109879109110687,True
pg-2021 22,staphylococcus equorum,0,0.9538445,0.9346021,0.47895786,1.0,0.1468303739987189,False
pg-2021 22,staphylococcus epidermidis,0,0.66502666,0.6191284,0.564143,1.0,0.0877824514177322,True
pg-2021 22,staphylococcus chromogenes,0,0.68476623,0.62747306,0.3110875,1.0,0.17928898059388013,False
pg-2021 23,staphylococcus hominis,0,0.966937,0.9761395,0.87880856,1.0,0.021109879109110687,True
pg-2021 23,staphylococcus hyicus,0,0.7783422,0.7129815,0.0802386,1.0,0.19841262970484413,False
pg-2021 23,staphylococcus kloosii,0,0.9911668,0.9811017,0.87463593,1.0,0.17928898059388013,False
pg-2021 27,staphylococcus capitis,0,0.8529469,0.9082271,0.5243504,1.0,0.1657733375874139,True
pg-2021 27,staphylococcus hyicus,0,0.8335422,0.8753961,0.8411918,1.0,0.19841262970484413,False
pg-2021 27,staphylococcus hominis,0,0.96629024,0.9791662,0.7983314,1.0,0.021109879109110687,True
pg-2021 27,staphylococcus haemolyticus,0,0.6797404,0.8158817,0.7807498,1.0,0.006781920954369934,True
pg-2021 27,staphylococcus fleuretti,0,0.9393002,0.9422099,0.8399033,1.0,0.19841262970484413,False
pg-2021 27,staphylococcus equorum,0,0.98061496,0.99191064,0.73765665,1.0,0.1468303739987189,False
pg-2021 27,staphylococcus epidermidis,0,0.9575054,0.983761,0.7862639,1.0,0.0877824514177322,True
pg-2021 27,staphylococcus cohnii,0,0.95582765,0.9751952,0.57088685,1.0,0.15533025306326895,True
pg-2021 27,staphylococcus chromogenes,0,0.6296024,0.72443855,0.31440282,1.0,0.17928898059388013,False
pg-2021 27,staphylococcus caprae,0,0.7950271,0.9291465,0.8735974,1.0,0.1657733375874139,False
pg-2021 27,staphylococcus auricularis,0,0.77059275,0.8443805,0.21107735,1.0,0.23123470973025118,False
pg-2021 23,staphylococcus lugdunensis,0,0.9616452,0.9089007,0.88425314,1.0,0.15533025306326895,False
pg-2021 27,staphylococcus arlettae,0,0.9488608,0.9728829,0.8433352,1.0,0.19841262970484413,False
pg-2021 23,staphylococcus warneri,0,0.944095,0.96910536,0.79184777,1.0,0.002509487238135761,True
pg-2021 23,staphylococcus succinus,0,0.98642194,0.98609364,0.90801704,1.0,0.1657733375874139,False
pg-2021 23,staphylococcus schleiferi,0,0.9142421,0.9015563,0.29218078,1.0,0.23123470973025118,False
pg-2021 23,staphylococcus saprophyticus,0,0.9758012,0.9798324,0.8725616,1.0,0.12806466990905035,True
pg-2021 23,staphylococcus pseudintermedius,0,0.61652017,0.4999491,0.028694915,1.0,0.15533025306326895,False
pg-2021 23,staphylococcus pettenkoferi,0,0.66421354,0.5856341,0.09692322,1.0,0.23123470973025118,False
pg-2021 23,staphylococcus pasteuri,0,0.9544599,0.9769552,0.7926498,1.0,0.15533025306326895,True
pg-2021 23,staphylococcus nepalensis,0,0.98180115,0.9775013,0.8718907,1.0,0.15533025306326895,False
pg-2021 22,staphylococcus caprae,0,0.6003574,0.64833057,0.33517134,1.0,0.1657733375874139,False
pg-2021 22,staphylococcus capitis,0,0.6532849,0.64226943,0.6471413,1.0,0.1657733375874139,True
pg-2021 22,staphylococcus auricularis,0,0.5148963,0.48330772,0.22116888,1.0,0.23123470973025118,False
pg-2021 19,staphylococcus chromogenes,0,0.7912908,0.93031794,0.2596196,0.0877824514177322,0.17928898059388013,False
pg-2021 19,staphylococcus pettenkoferi,0,0.7227354,0.7561024,0.05086969,0.0877824514177322,0.23123470973025118,False
pg-2021 19,staphylococcus pasteuri,0,0.93729687,0.97701687,0.33244765,0.0877824514177322,0.15533025306326895,True
pg-2021 19,staphylococcus nepalensis,0,0.9849321,0.98886466,0.3223353,0.0877824514177322,0.15533025306326895,False
pg-2021 19,staphylococcus lentus,0,0.9906268,0.9964864,0.7974461,0.0877824514177322,0.17928898059388013,False
pg-2021 19,staphylococcus hyicus,0,0.7290757,0.8988295,0.36631706,0.0877824514177322,0.19841262970484413,False
pg-2021 19,staphylococcus hominis,0,0.87396765,0.9440611,0.5803473,0.0877824514177322,0.021109879109110687,True
pg-2021 19,staphylococcus fleuretti,0,0.9857577,0.9947365,0.90047807,0.0877824514177322,0.19841262970484413,False
pg-2021 19,staphylococcus equorum,0,0.98604774,0.99368083,0.48849028,0.0877824514177322,0.1468303739987189,False
pg-2021 19,staphylococcus epidermidis,0,0.8886763,0.949302,0.36027107,0.0877824514177322,0.0877824514177322,True
pg-2021 19,staphylococcus caprae,0,0.8338694,0.93874687,0.56529635,0.0877824514177322,0.1657733375874139,False
pg-2021 19,staphylococcus saprophyticus,0,0.9108503,0.94552296,0.343786,0.0877824514177322,0.12806466990905035,True
pg-2021 19,staphylococcus auricularis,0,0.68118435,0.73655266,0.17539215,0.0877824514177322,0.23123470973025118,False
pg-2021 19,staphylococcus aureus,0,0.8898913,0.9340087,0.45518076,0.0877824514177322,0.07887918338471253,True
pg-2021 19,staphylococcus arlettae,0,0.93846035,0.9593872,0.68130183,0.0877824514177322,0.19841262970484413,False
pg-2021 18,staphylococcus warneri,0,0.9529281,0.9907094,0.31652808,0.0655289293244237,0.002509487238135761,True
pg-2021 18,staphylococcus sciuri,0,0.97882915,0.99119824,0.44772366,0.0655289293244237,0.19841262970484413,False
pg-2021 18,staphylococcus saprophyticus,0,0.94572955,0.96852845,0.5960025,0.0655289293244237,0.12806466990905035,True
pg-2021 18,staphylococcus pseudintermedius,0,0.76891124,0.8721129,0.015960291,0.0655289293244237,0.15533025306326895,False
pg-2021 18,staphylococcus pettenkoferi,0,0.7745891,0.8251343,0.11788349,0.0655289293244237,0.23123470973025118,False
pg-2021 18,staphylococcus pasteuri,0,0.84544605,0.92930853,0.18430911,0.0655289293244237,0.15533025306326895,True
pg-2021 19,staphylococcus pseudintermedius,0,0.72504824,0.8605108,0.024967797,0.0877824514177322,0.15533025306326895,False
pg-2021 19,staphylococcus sciuri,0,0.96693355,0.9900752,0.5215184,0.0877824514177322,0.19841262970484413,False
pg-2021 22,staphylococcus arlettae,0,0.93121654,0.8530822,0.70984614,1.0,0.19841262970484413,False
pg-2021 1,staphylococcus hyicus,0,0.84686273,0.8211082,0.18044719,0.1657733375874139,0.19841262970484413,False
pg-2021 1,staphylococcus xylosus,0,0.98670423,0.9860029,0.87544954,0.1657733375874139,0.015016990219428636,True
pg-2021 1,staphylococcus vitulinus,0,0.96524054,0.97826606,0.9366292,0.1657733375874139,0.19841262970484413,False
pg-2021 1,staphylococcus succinus,0,0.98074234,0.97653097,0.8579437,0.1657733375874139,0.1657733375874139,False
pg-2021 1,staphylococcus saprophyticus,0,0.9643161,0.95352626,0.83188593,0.1657733375874139,0.12806466990905035,True
pg-2021 1,staphylococcus pseudintermedius,0,0.637602,0.78061354,0.02727084,0.1657733375874139,0.15533025306326895,False
pg-2021 1,staphylococcus pasteuri,0,0.9311043,0.9641955,0.77124274,0.1657733375874139,0.15533025306326895,True
pg-2021 1,staphylococcus nepalensis,0,0.98202515,0.98485905,0.87819344,0.1657733375874139,0.15533025306326895,False
pg-2021 1,staphylococcus lentus,0,0.994201,0.9952062,0.5559702,0.1657733375874139,0.17928898059388013,False
pg-2021 1,staphylococcus kloosii,0,0.98845696,0.97755665,0.89682543,0.1657733375874139,0.17928898059388013,False
pg-2021 1,staphylococcus hominis,0,0.94640696,0.9696866,0.844412,0.1657733375874139,0.021109879109110687,True
pg-2021 19,staphylococcus warneri,0,0.91661835,0.9693675,0.3074576,0.0877824514177322,0.002509487238135761,True
pg-2021 1,staphylococcus haemolyticus,0,0.9167593,0.9661561,0.8199575,0.1657733375874139,0.006781920954369934,True
pg-2021 1,staphylococcus fleuretti,0,0.99155605,0.9911361,0.3895837,0.1657733375874139,0.19841262970484413,False
pg-2021 1,staphylococcus equorum,0,0.9838284,0.98695624,0.88590944,0.1657733375874139,0.1468303739987189,False
pg-2021 1,staphylococcus cohnii,0,0.97505856,0.9850537,0.73872566,0.1657733375874139,0.15533025306326895,True
pg-2021 1,staphylococcus chromogenes,0,0.7202695,0.73939496,0.4885644,0.1657733375874139,0.17928898059388013,False
pg-2021 1,staphylococcus caprae,0,0.9240382,0.9547944,0.84197307,0.1657733375874139,0.1657733375874139,False
pg-2021 1,staphylococcus capitis,0,0.9446595,0.98059195,0.9611141,0.1657733375874139,0.1657733375874139,True
pg-2021 1,staphylococcus auricularis,0,0.62900907,0.6556188,0.061115786,0.1657733375874139,0.23123470973025118,False
pg-2021 1,staphylococcus arlettae,0,0.98357934,0.97744423,0.8667203,0.1657733375874139,0.19841262970484413,False
pg-2021 47,staphylococcus auricularis,0,0.7470396,0.80464154,0.036922716,0.05933791795891328,0.23123470973025118,False
pg-2021 47,staphylococcus caprae,0,0.8852257,0.94881314,0.6281677,0.05933791795891328,0.1657733375874139,False
pg-2021 47,staphylococcus fleuretti,0,0.9925659,0.9961588,0.8762151,0.05933791795891328,0.19841262970484413,False
pg-2021 89,staphylococcus nepalensis,0,0.9972445,0.99869895,0.95085627,0.031512422225679744,0.15533025306326895,False
pg-2021 8,staphylococcus sciuri,0,0.98219097,0.9916238,0.50595796,0.06906539132401968,0.19841262970484413,False
pg-2021 8,staphylococcus saprophyticus,0,0.97914416,0.9818609,0.4261043,0.06906539132401968,0.12806466990905035,True
pg-2021 8,staphylococcus pseudintermedius,0,0.74887145,0.87380385,0.04587217,0.06906539132401968,0.15533025306326895,False
pg-2021 8,staphylococcus pasteuri,0,0.91142046,0.9625383,0.4969879,0.06906539132401968,0.15533025306326895,True
pg-2021 8,staphylococcus nepalensis,0,0.9914392,0.99300706,0.769951,0.06906539132401968,0.15533025306326895,False
pg-2021 8,staphylococcus lentus,0,0.9935447,0.9958294,0.9261634,0.06906539132401968,0.17928898059388013,False
pg-2021 8,staphylococcus hominis,0,0.97753817,0.9925822,0.49454823,0.06906539132401968,0.021109879109110687,True
pg-2021 8,staphylococcus haemolyticus,0,0.948556,0.98825943,0.34891704,0.06906539132401968,0.006781920954369934,True
pg-2021 8,staphylococcus fleuretti,0,0.9900731,0.9927327,0.91760135,0.06906539132401968,0.19841262970484413,False
pg-2021 8,staphylococcus cohnii,0,0.9892107,0.99433905,0.4381878,0.06906539132401968,0.15533025306326895,True
pg-2021 8,staphylococcus caprae,0,0.92601,0.9570314,0.5848422,0.06906539132401968,0.1657733375874139,False
pg-2021 8,staphylococcus arlettae,0,0.96976155,0.9708945,0.85455537,0.06906539132401968,0.19841262970484413,False
pg-2021 89,staphylococcus xylosus,0,0.92616254,0.9024173,0.9318521,0.031512422225679744,0.015016990219428636,True
pg-2021 89,staphylococcus warneri,0,0.99706155,0.99918395,0.9048571,0.031512422225679744,0.002509487238135761,True
pg-2021 89,staphylococcus vitulinus,0,0.84228987,0.8426429,0.9612183,0.031512422225679744,0.19841262970484413,False
pg-2021 89,staphylococcus succinus,0,0.9973375,0.9976787,0.95660794,0.031512422225679744,0.1657733375874139,False
pg-2021 89,staphylococcus sciuri,0,0.7889112,0.8940776,0.9588473,0.031512422225679744,0.19841262970484413,False
pg-2021 89,staphylococcus schleiferi,0,0.99368554,0.99847525,0.82944787,0.031512422225679744,0.23123470973025118,False
pg-2021 89,staphylococcus saprophyticus,0,0.9627633,0.9468359,0.931835,0.031512422225679744,0.12806466990905035,True
pg-2021 89,staphylococcus pseudintermedius,0,0.8578759,0.95758706,0.85102516,0.031512422225679744,0.15533025306326895,False
pg-2021 89,staphylococcus pettenkoferi,0,0.9961433,0.99861574,0.7498004,0.031512422225679744,0.23123470973025118,False
pg-2021 8,staphylococcus warneri,0,0.9565736,0.9784248,0.4287271,0.06906539132401968,0.002509487238135761,True
pg-2021 90,staphylococcus arlettae,0,0.9024517,0.8263882,0.53778064,0.19841262970484413,0.19841262970484413,False
pg-2021 90,staphylococcus aureus,0,0.9914272,0.99728703,0.82796496,0.19841262970484413,0.07887918338471253,True
pg-2021 90,staphylococcus lentus,0,0.9819692,0.9858781,0.70328265,0.19841262970484413,0.17928898059388013,False
pg-2021 90,staphylococcus vitulinus,0,0.7334019,0.75736123,0.6131844,0.19841262970484413,0.19841262970484413,False
pg-2021 90,staphylococcus succinus,0,0.9845072,0.99174213,0.8622082,0.19841262970484413,0.1657733375874139,False
pg-2021 90,staphylococcus schleiferi,0,0.9560938,0.9871464,0.9126631,0.19841262970484413,0.23123470973025118,False
pg-2021 90,staphylococcus saprophyticus,0,0.97208863,0.97030926,0.8583741,0.19841262970484413,0.12806466990905035,True
pg-2021 90,staphylococcus pseudintermedius,0,0.9550092,0.9807268,0.83544856,0.19841262970484413,0.15533025306326895,False
pg-2021 90,staphylococcus pettenkoferi,0,0.95970535,0.9804844,0.87674916,0.19841262970484413,0.23123470973025118,False
pg-2021 90,staphylococcus pasteuri,0,0.99592906,0.9986834,0.21902354,0.19841262970484413,0.15533025306326895,True
pg-2021 90,staphylococcus nepalensis,0,0.98575497,0.9950996,0.7927977,0.19841262970484413,0.15533025306326895,False
pg-2021 90,staphylococcus lugdunensis,0,0.99601054,0.9975205,0.78722686,0.19841262970484413,0.15533025306326895,False
pg-2021 90,staphylococcus kloosii,0,0.99795246,0.99855167,0.58760905,0.19841262970484413,0.17928898059388013,False
pg-2021 90,staphylococcus auricularis,0,0.7067729,0.7755408,0.8383975,0.19841262970484413,0.23123470973025118,False
pg-2021 90,staphylococcus hyicus,0,0.6606968,0.67360437,0.8568015,0.19841262970484413,0.19841262970484413,False
pg-2021 90,staphylococcus hominis,0,0.98556376,0.9945208,0.8504786,0.19841262970484413,0.021109879109110687,True
pg-2021 90,staphylococcus haemolyticus,0,0.99584705,0.99875236,0.7390231,0.19841262970484413,0.006781920954369934,True
pg-2021 90,staphylococcus fleuretti,0,0.8725691,0.9045825,0.7383634,0.19841262970484413,0.19841262970484413,False
pg-2021 90,staphylococcus equorum,0,0.9803357,0.9854322,0.4300208,0.19841262970484413,0.1468303739987189,False
pg-2021 90,staphylococcus cohnii,0,0.74820656,0.7987238,0.8527323,0.19841262970484413,0.15533025306326895,True
pg-2021 90,staphylococcus chromogenes,0,0.9904612,0.9968929,0.8986874,0.19841262970484413,0.17928898059388013,False
pg-2021 90,staphylococcus caprae,0,0.99526644,0.99844813,0.745935,0.19841262970484413,0.1657733375874139,False
pg-2021 90,staphylococcus capitis,0,0.9967283,0.9987993,0.739583,0.19841262970484413,0.1657733375874139,True
pg-2021 89,staphylococcus pasteuri,0,0.998351,0.9995047,0.9267148,0.031512422225679744,0.15533025306326895,True
pg-2021 89,staphylococcus lugdunensis,0,0.99911743,0.9993999,0.91537905,0.031512422225679744,0.15533025306326895,False
pg-2021 87,staphylococcus fleuretti,0,0.99031913,0.9925218,0.8978474,0.08050777868365173,0.19841262970484413,False
pg-2021 89,staphylococcus lentus,0,0.93838406,0.94886416,0.725819,0.031512422225679744,0.17928898059388013,False
pg-2021 88,staphylococcus hyicus,0,0.13320218,0.28879702,0.83593005,0.041337553812203685,0.19841262970484413,False
pg-2021 88,staphylococcus hominis,0,0.8157068,0.6446125,0.8953639,0.041337553812203685,0.021109879109110687,True
pg-2021 88,staphylococcus haemolyticus,0,0.49013868,0.3417452,0.836025,0.041337553812203685,0.006781920954369934,True
pg-2021 88,staphylococcus fleuretti,0,0.9284759,0.8984316,0.9851998,0.041337553812203685,0.19841262970484413,False
pg-2021 88,staphylococcus equorum,0,0.7910449,0.65237653,0.5943524,0.041337553812203685,0.1468303739987189,False
pg-2021 88,staphylococcus cohnii,0,0.75323325,0.58286005,0.8391468,0.041337553812203685,0.15533025306326895,True
pg-2021 88,staphylococcus chromogenes,0,0.093476385,0.26758015,0.8698828,0.041337553812203685,0.17928898059388013,False
pg-2021 88,staphylococcus caprae,0,0.662243,0.6488458,0.58234507,0.041337553812203685,0.1657733375874139,False
pg-2021 88,staphylococcus capitis,0,0.8334693,0.73862624,0.8314429,0.041337553812203685,0.1657733375874139,True
pg-2021 88,staphylococcus auricularis,0,0.06042522,0.10526291,0.9543432,0.041337553812203685,0.23123470973025118,False
pg-2021 88,staphylococcus aureus,0,0.35778624,0.45358473,0.3134683,0.041337553812203685,0.07887918338471253,True
pg-2021 88,staphylococcus arlettae,0,0.6450884,0.5749327,0.63217187,0.041337553812203685,0.19841262970484413,False
pg-2021 87,staphylococcus warneri,0,0.95706886,0.98652667,0.3668486,0.08050777868365173,0.002509487238135761,True
pg-2021 87,staphylococcus saprophyticus,0,0.9371137,0.95369816,0.6558158,0.08050777868365173,0.12806466990905035,True
pg-2021 87,staphylococcus pseudintermedius,0,0.78973657,0.8576398,0.03780308,0.08050777868365173,0.15533025306326895,False
pg-2021 87,staphylococcus pettenkoferi,0,0.81749874,0.86419094,0.34882766,0.08050777868365173,0.23123470973025118,False
pg-2021 87,staphylococcus pasteuri,0,0.8862909,0.94710976,0.4127488,0.08050777868365173,0.15533025306326895,True
pg-2021 87,staphylococcus nepalensis,0,0.9844147,0.98802584,0.7292347,0.08050777868365173,0.15533025306326895,False
pg-2021 87,staphylococcus kloosii,0,0.9780352,0.9809348,0.5725033,0.08050777868365173,0.17928898059388013,False
pg-2021 87,staphylococcus hyicus,0,0.8426429,0.89969695,0.53778446,0.08050777868365173,0.19841262970484413,False
pg-2021 87,staphylococcus hominis,0,0.976987,0.99184316,0.5957299,0.08050777868365173,0.021109879109110687,True
pg-2021 88,staphylococcus kloosii,0,0.5480004,0.4838348,0.57336843,0.041337553812203685,0.17928898059388013,False
pg-2021 88,staphylococcus lentus,0,0.9486888,0.95230055,0.9733164,0.041337553812203685,0.17928898059388013,False
pg-2021 88,staphylococcus nepalensis,0,0.73706216,0.69436216,0.45568743,0.041337553812203685,0.15533025306326895,False
pg-2021 89,staphylococcus capitis,0,0.9978103,0.99941814,0.80954915,0.031512422225679744,0.1657733375874139,True
pg-2021 89,staphylococcus kloosii,0,0.9972132,0.99844724,0.7711184,0.031512422225679744,0.17928898059388013,False
pg-2021 89,staphylococcus hyicus,0,0.9432639,0.97228414,0.8723964,0.031512422225679744,0.19841262970484413,False
pg-2021 89,staphylococcus hominis,0,0.9935364,0.997157,0.83449644,0.031512422225679744,0.021109879109110687,True
pg-2021 89,staphylococcus haemolyticus,0,0.99856097,0.9996525,0.9290763,0.031512422225679744,0.006781920954369934,True
pg-2021 89,staphylococcus fleuretti,0,0.95280784,0.97552174,0.9010526,0.031512422225679744,0.19841262970484413,False
pg-2021 89,staphylococcus equorum,0,0.97752476,0.97039235,0.86641055,0.031512422225679744,0.1468303739987189,False
pg-2021 89,staphylococcus cohnii,0,0.87568074,0.8588267,0.9759747,0.031512422225679744,0.15533025306326895,True
pg-2021 89,staphylococcus chromogenes,0,0.9959753,0.9990528,0.90212446,0.031512422225679744,0.17928898059388013,False
pg-2021 89,staphylococcus caprae,0,0.9587613,0.9804735,0.69548523,0.031512422225679744,0.1657733375874139,False
pg-2021 89,staphylococcus auricularis,0,0.70745856,0.7207544,0.95542014,0.031512422225679744,0.23123470973025118,False
pg-2021 88,staphylococcus pasteuri,0,0.44784558,0.29812905,0.5347319,0.041337553812203685,0.15533025306326895,True
pg-2021 89,staphylococcus aureus,0,0.99782157,0.9993142,0.98308015,0.031512422225679744,0.07887918338471253,True
pg-2021 89,staphylococcus arlettae,0,0.9734256,0.97959304,0.8612047,0.031512422225679744,0.19841262970484413,False
pg-2021 88,staphylococcus xylosus,0,0.7912993,0.62400347,0.65060914,0.041337553812203685,0.015016990219428636,True
pg-2021 88,staphylococcus warneri,0,0.55471927,0.3853093,0.4925777,0.041337553812203685,0.002509487238135761,True
pg-2021 88,staphylococcus vitulinus,0,0.71244013,0.6861546,0.37521654,0.041337553812203685,0.19841262970484413,False
pg-2021 88,staphylococcus succinus,0,0.71435297,0.6117638,0.61242175,0.041337553812203685,0.1657733375874139,False
pg-2021 88,staphylococcus saprophyticus,0,0.700875,0.35485557,0.5306589,0.041337553812203685,0.12806466990905035,True
pg-2021 88,staphylococcus pseudintermedius,0,0.03658522,0.07868048,0.90530807,0.041337553812203685,0.15533025306326895,False
pg-2021 88,staphylococcus pettenkoferi,0,0.09000797,0.15447909,0.807157,0.041337553812203685,0.23123470973025118,False
pg-2021 90,staphylococcus warneri,0,0.9870438,0.9963331,0.7952068,0.19841262970484413,0.002509487238135761,True
pg-2021 90,staphylococcus xylosus,0,0.8569913,0.78186953,0.60910594,0.19841262970484413,0.015016990219428636,True
pg-2021 93,staphylococcus arlettae,0,0.8372422,0.87865996,0.3886281,0.23123470973025118,0.19841262970484413,False
pg-2021 93,staphylococcus aureus,0,0.98606175,0.9938917,0.68716705,0.23123470973025118,0.07887918338471253,True
pg-2021 93,staphylococcus kloosii,0,0.8802787,0.90119404,0.13363862,0.23123470973025118,0.17928898059388013,False
pg-2021 93,staphylococcus sciuri,0,0.586628,0.8087735,0.49247915,0.23123470973025118,0.19841262970484413,False
pg-2021 93,staphylococcus schleiferi,0,0.7132984,0.85872597,0.89082974,0.23123470973025118,0.23123470973025118,False
pg-2021 93,staphylococcus saprophyticus,0,0.78577745,0.8882773,0.4287205,0.23123470973025118,0.12806466990905035,True
pg-2021 93,staphylococcus pseudintermedius,0,0.79587626,0.9099205,0.76995313,0.23123470973025118,0.15533025306326895,False
pg-2021 93,staphylococcus pettenkoferi,0,0.9806502,0.99493486,0.8020478,0.23123470973025118,0.23123470973025118,False
pg-2021 93,staphylococcus pasteuri,0,0.99703264,0.9992254,0.18608084,0.23123470973025118,0.15533025306326895,True
pg-2021 93,staphylococcus nepalensis,0,0.9960402,0.9991296,0.50020355,0.23123470973025118,0.15533025306326895,False
pg-2021 93,staphylococcus lugdunensis,0,0.98644906,0.9903458,0.7417402,0.23123470973025118,0.15533025306326895,False
pg-2021 93,staphylococcus lentus,0,0.9248113,0.9624862,0.90303487,0.23123470973025118,0.17928898059388013,False
pg-2021 93,staphylococcus hyicus,0,0.6221657,0.7712708,0.8665596,0.23123470973025118,0.19841262970484413,False
pg-2021 93,staphylococcus vitulinus,0,0.68552583,0.8142536,0.679824,0.23123470973025118,0.19841262970484413,False
pg-2021 93,staphylococcus hominis,0,0.9671696,0.98852473,0.8182036,0.23123470973025118,0.021109879109110687,True
pg-2021 93,staphylococcus haemolyticus,0,0.99616975,0.99931777,0.13726163,0.23123470973025118,0.006781920954369934,True
pg-2021 93,staphylococcus fleuretti,0,0.88872975,0.9448795,0.8601497,0.23123470973025118,0.19841262970484413,False
pg-2021 93,staphylococcus equorum,0,0.8354887,0.9006148,0.37042692,0.23123470973025118,0.1468303739987189,False
pg-2021 93,staphylococcus cohnii,0,0.7481699,0.86056936,0.7110631,0.23123470973025118,0.15533025306326895,True
pg-2021 93,staphylococcus chromogenes,0,0.9887446,0.9977847,0.86631835,0.23123470973025118,0.17928898059388013,False
pg-2021 93,staphylococcus caprae,0,0.99550784,0.9994299,0.68654966,0.23123470973025118,0.1657733375874139,False
pg-2021 93,staphylococcus capitis,0,0.99354845,0.9990258,0.7121675,0.23123470973025118,0.1657733375874139,True
pg-2021 93,staphylococcus auricularis,0,0.47810933,0.7079929,0.69967717,0.23123470973025118,0.23123470973025118,False
pg-2021 93,staphylococcus succinus,0,0.9863723,0.9941571,0.69366825,0.23123470973025118,0.1657733375874139,False
pg-2021 93,staphylococcus warneri,0,0.9829337,0.99609923,0.12778239,0.23123470973025118,0.002509487238135761,True
pg-2021 9,staphylococcus saprophyticus,0,0.93501556,0.95705706,0.6271942,0.0877824514177322,0.12806466990905035,True
pg-2021 9,staphylococcus pseudintermedius,0,0.7826235,0.8666428,0.013193313,0.0877824514177322,0.15533025306326895,False
pg-2021 93,staphylococcus xylosus,0,0.8264944,0.8738453,0.23819047,0.23123470973025118,0.015016990219428636,True
pg-2021 9,staphylococcus pettenkoferi,0,0.8162833,0.87111586,0.34882766,0.0877824514177322,0.23123470973025118,False
pg-2021 9,staphylococcus nepalensis,0,0.9747313,0.9864451,0.4594925,0.0877824514177322,0.15533025306326895,False
pg-2021 9,staphylococcus hyicus,0,0.8333265,0.90658957,0.53778446,0.0877824514177322,0.19841262970484413,False
pg-2021 9,staphylococcus hominis,0,0.9761854,0.99242836,0.6136013,0.0877824514177322,0.021109879109110687,True
pg-2021 9,staphylococcus haemolyticus,0,0.9459718,0.98913574,0.48059043,0.0877824514177322,0.006781920954369934,True
pg-2021 9,staphylococcus fleuretti,0,0.9903826,0.9932775,0.88537055,0.0877824514177322,0.19841262970484413,False
pg-2021 9,staphylococcus caprae,0,0.9436842,0.9646301,0.6296535,0.0877824514177322,0.1657733375874139,False
pg-2021 9,staphylococcus auricularis,0,0.79306704,0.83919203,0.054176357,0.0877824514177322,0.23123470973025118,False
pg-2021 9,staphylococcus arlettae,0,0.97333205,0.9798672,0.8611474,0.0877824514177322,0.19841262970484413,False
pg-2021 87,staphylococcus haemolyticus,0,0.94800186,0.98824745,0.4536828,0.08050777868365173,0.006781920954369934,True
pg-2021 87,staphylococcus caprae,0,0.92629814,0.9543116,0.6358712,0.08050777868365173,0.1657733375874139,False
pg-2021 47,staphylococcus haemolyticus,0,0.94638693,0.9875652,0.48773938,0.05933791795891328,0.006781920954369934,True
pg-2021 5,staphylococcus lentus,0,0.9251843,0.94275016,0.9864818,1.0,0.17928898059388013,False
pg-2021 64,staphylococcus warneri,0,0.95500267,0.97958297,0.3209745,0.07032247362314317,0.002509487238135761,True
pg-2021 64,staphylococcus sciuri,0,0.9833528,0.9917406,0.46418652,0.07032247362314317,0.19841262970484413,False
pg-2021 64,staphylococcus saprophyticus,0,0.9760167,0.9796666,0.4594925,0.07032247362314317,0.12806466990905035,True
pg-2021 64,staphylococcus pseudintermedius,0,0.7723274,0.8649507,0.015559284,0.07032247362314317,0.15533025306326895,False
pg-2021 64,staphylococcus pasteuri,0,0.9072601,0.9640044,0.3209745,0.07032247362314317,0.15533025306326895,True
pg-2021 64,staphylococcus nepalensis,0,0.98900515,0.99062514,0.7073825,0.07032247362314317,0.15533025306326895,False
pg-2021 64,staphylococcus lentus,0,0.9932342,0.9971373,0.9089858,0.07032247362314317,0.17928898059388013,False
pg-2021 64,staphylococcus hominis,0,0.9781954,0.99252397,0.58002746,0.07032247362314317,0.021109879109110687,True
pg-2021 64,staphylococcus haemolyticus,0,0.9498141,0.9886425,0.33163732,0.07032247362314317,0.006781920954369934,True
pg-2021 64,staphylococcus fleuretti,0,0.9900731,0.9929148,0.92315024,0.07032247362314317,0.19841262970484413,False
pg-2021 64,staphylococcus cohnii,0,0.99000424,0.99468404,0.39659336,0.07032247362314317,0.15533025306326895,True
pg-2021 64,staphylococcus caprae,0,0.923422,0.95549154,0.6260408,0.07032247362314317,0.1657733375874139,False
pg-2021 64,staphylococcus arlettae,0,0.97578,0.9795488,0.8579954,0.07032247362314317,0.19841262970484413,False
pg-2021 5,staphylococcus xylosus,0,0.65806484,0.62114096,0.61084133,1.0,0.015016990219428636,True
pg-2021 5,staphylococcus warneri,0,0.3915013,0.44709203,0.4697416,1.0,0.002509487238135761,True
pg-2021 5,staphylococcus vitulinus,0,0.5645703,0.5993562,0.39335525,1.0,0.19841262970484413,False
pg-2021 5,staphylococcus succinus,0,0.5260573,0.5666452,0.670532,1.0,0.1657733375874139,False
pg-2021 5,staphylococcus saprophyticus,0,0.54906166,0.41136307,0.53816897,1.0,0.12806466990905035,True
pg-2021 5,staphylococcus pseudintermedius,0,0.025141954,0.06768946,0.9070752,1.0,0.15533025306326895,False
pg-2021 5,staphylococcus pettenkoferi,0,0.065728694,0.13513318,0.81753784,1.0,0.23123470973025118,False
pg-2021 5,staphylococcus pasteuri,0,0.30217734,0.3343482,0.5347319,1.0,0.15533025306326895,True
pg-2021 67,staphylococcus arlettae,0,0.6006328,0.8032458,0.79937845,1.0,0.19841262970484413,False
pg-2021 67,staphylococcus aureus,0,0.75178516,0.80639935,0.8480602,1.0,0.07887918338471253,True
pg-2021 67,staphylococcus auricularis,0,0.23838088,0.27684918,0.66128886,1.0,0.23123470973025118,False
pg-2021 67,staphylococcus lugdunensis,0,0.7723026,0.77284294,0.8307507,1.0,0.15533025306326895,False
pg-2021 67,staphylococcus warneri,0,0.41485152,0.56214756,0.7885022,1.0,0.002509487238135761,True
pg-2021 67,staphylococcus vitulinus,0,0.95618343,0.8986807,0.860879,1.0,0.19841262970484413,False
pg-2021 67,staphylococcus succinus,0,0.87309647,0.90431386,0.77094716,1.0,0.1657733375874139,False
pg-2021 67,staphylococcus schleiferi,0,0.4237906,0.6824776,0.80155116,1.0,0.23123470973025118,False
pg-2021 67,staphylococcus saprophyticus,0,0.8302653,0.84383446,0.888145,1.0,0.12806466990905035,True
pg-2021 67,staphylococcus pseudintermedius,0,0.18371648,0.3365105,0.34617665,1.0,0.15533025306326895,False
pg-2021 67,staphylococcus pettenkoferi,0,0.3983635,0.6074642,0.8519002,1.0,0.23123470973025118,False
pg-2021 67,staphylococcus pasteuri,0,0.5710941,0.7478392,0.8138078,1.0,0.15533025306326895,True
pg-2021 67,staphylococcus nepalensis,0,0.85615826,0.9030033,0.8841686,1.0,0.15533025306326895,False
pg-2021 67,staphylococcus lentus,0,0.98256826,0.9904889,0.67435116,1.0,0.17928898059388013,False
pg-2021 67,staphylococcus capitis,0,0.86090225,0.9106814,0.8070637,1.0,0.1657733375874139,True
pg-2021 67,staphylococcus hyicus,0,0.580321,0.7548951,0.9075659,1.0,0.19841262970484413,False
pg-2021 67,staphylococcus hominis,0,0.91144776,0.8961497,0.65366036,1.0,0.021109879109110687,True
pg-2021 67,staphylococcus haemolyticus,0,0.6737989,0.8070128,0.8138078,1.0,0.006781920954369934,True
pg-2021 67,staphylococcus fleuretti,0,0.9806754,0.97913367,0.77674913,1.0,0.19841262970484413,False
pg-2021 67,staphylococcus equorum,0,0.8419391,0.89063966,0.74597186,1.0,0.1468303739987189,False
pg-2021 67,staphylococcus epidermidis,0,0.8872057,0.9345695,0.77695405,1.0,0.0877824514177322,True
pg-2021 67,staphylococcus cohnii,0,0.8268371,0.8240543,0.9334701,1.0,0.15533025306326895,True
pg-2021 67,staphylococcus chromogenes,0,0.16847216,0.366393,0.5365285,1.0,0.17928898059388013,False
pg-2021 67,staphylococcus caprae,0,0.43793535,0.69991994,0.44687772,1.0,0.1657733375874139,False
pg-2021 5,staphylococcus nepalensis,0,0.5742111,0.6266619,0.36035922,1.0,0.15533025306326895,False
pg-2021 5,staphylococcus kloosii,0,0.4009864,0.42616445,0.5539081,1.0,0.17928898059388013,False
pg-2021 87,staphylococcus auricularis,0,0.8041047,0.83924586,0.054176357,0.08050777868365173,0.23123470973025118,False
pg-2021 5,staphylococcus hyicus,0,0.06247633,0.24638145,0.87428355,1.0,0.19841262970484413,False
pg-2021 4,staphylococcus hominis,0,0.86595213,0.7670893,0.6474007,1.0,0.021109879109110687,True
pg-2021 4,staphylococcus haemolyticus,0,0.62640435,0.7827801,0.8138078,1.0,0.006781920954369934,True
pg-2021 4,staphylococcus fleuretti,0,0.9721038,0.9627986,0.5790325,1.0,0.19841262970484413,False
pg-2021 4,staphylococcus equorum,0,0.79548323,0.8320021,0.8155265,1.0,0.1468303739987189,False
pg-2021 4,staphylococcus cohnii,0,0.7144199,0.69636637,0.9260708,1.0,0.15533025306326895,True
pg-2021 4,staphylococcus chromogenes,0,0.096275,0.22328219,0.55273354,1.0,0.17928898059388013,False
pg-2021 4,staphylococcus caprae,0,0.2940409,0.555577,0.50330985,1.0,0.1657733375874139,False
pg-2021 4,staphylococcus capitis,0,0.8041048,0.82855624,0.79985154,1.0,0.1657733375874139,True
pg-2021 4,staphylococcus auricularis,0,0.12520373,0.22468738,0.6519221,1.0,0.23123470973025118,False
pg-2021 4,staphylococcus arlettae,0,0.45493296,0.70805424,0.87063676,1.0,0.19841262970484413,False
pg-2021 47,staphylococcus warneri,0,0.9569956,0.99012274,0.48773938,0.05933791795891328,0.002509487238135761,True
pg-2021 47,staphylococcus sciuri,0,0.98146546,0.99203277,0.40419912,0.05933791795891328,0.19841262970484413,False
pg-2021 47,staphylococcus saprophyticus,0,0.9454062,0.96446764,0.7262409,0.05933791795891328,0.12806466990905035,True
pg-2021 47,staphylococcus pseudintermedius,0,0.7811892,0.87009203,0.03823814,0.05933791795891328,0.15533025306326895,False
pg-2021 47,staphylococcus pettenkoferi,0,0.785175,0.8316897,0.34882766,0.05933791795891328,0.23123470973025118,False
pg-2021 47,staphylococcus pasteuri,0,0.9206954,0.97037315,0.347561,0.05933791795891328,0.15533025306326895,True
pg-2021 47,staphylococcus nepalensis,0,0.98429465,0.9855655,0.84428746,0.05933791795891328,0.15533025306326895,False
pg-2021 47,staphylococcus lentus,0,0.99361235,0.99587256,0.9433672,0.05933791795891328,0.17928898059388013,False
pg-2021 47,staphylococcus kloosii,0,0.977856,0.9794516,0.6614316,0.05933791795891328,0.17928898059388013,False
pg-2021 47,staphylococcus hyicus,0,0.86746234,0.92449594,0.5383472,0.05933791795891328,0.19841262970484413,False
pg-2021 47,staphylococcus hominis,0,0.9769593,0.9925559,0.6225304,0.05933791795891328,0.021109879109110687,True
pg-2021 4,staphylococcus hyicus,0,0.4660997,0.64392847,0.89280194,1.0,0.19841262970484413,False
pg-2021 4,staphylococcus kloosii,0,0.73953813,0.8140102,0.6577459,1.0,0.17928898059388013,False
pg-2021 4,staphylococcus lentus,0,0.9777328,0.9834378,0.67071897,1.0,0.17928898059388013,False
pg-2021 5,staphylococcus arlettae,0,0.5068916,0.5687616,0.63217187,1.0,0.19841262970484413,False
pg-2021 5,staphylococcus hominis,0,0.73117054,0.6017702,0.8937401,1.0,0.021109879109110687,True
pg-2021 5,staphylococcus haemolyticus,0,0.32617283,0.33880967,0.53908384,1.0,0.006781920954369934,True
pg-2021 5,staphylococcus fleuretti,0,0.8839151,0.8613611,0.9794611,1.0,0.19841262970484413,False
pg-2021 5,staphylococcus equorum,0,0.6646251,0.6747238,0.603487,1.0,0.1468303739987189,False
pg-2021 5,staphylococcus cohnii,0,0.57672113,0.54495394,0.8391468,1.0,0.15533025306326895,True
pg-2021 5,staphylococcus chromogenes,0,0.052569155,0.2436223,0.8698828,1.0,0.17928898059388013,False
pg-2021 5,staphylococcus capitis,0,0.75496364,0.76326287,0.8210642,1.0,0.1657733375874139,True
pg-2021 5,staphylococcus auricularis,0,0.040747408,0.09377987,0.9543432,1.0,0.23123470973025118,False
pg-2021 5,staphylococcus aureus,0,0.2540686,0.46258658,0.43373048,1.0,0.07887918338471253,True
pg-2021 4,staphylococcus xylosus,0,0.8333763,0.85358584,0.796171,1.0,0.015016990219428636,True
pg-2021 4,staphylococcus lugdunensis,0,0.68763965,0.6679704,0.89553106,1.0,0.15533025306326895,False
pg-2021 4,staphylococcus warneri,0,0.41533384,0.55375993,0.7885022,1.0,0.002509487238135761,True
pg-2021 4,staphylococcus vitulinus,0,0.95622414,0.91089314,0.86625975,1.0,0.19841262970484413,False
pg-2021 4,staphylococcus succinus,0,0.7705,0.8059354,0.82121295,1.0,0.1657733375874139,False
pg-2021 4,staphylococcus schleiferi,0,0.20388266,0.44572625,0.80155116,1.0,0.23123470973025118,False
pg-2021 4,staphylococcus saprophyticus,0,0.7180338,0.7094414,0.8865425,1.0,0.12806466990905035,True
pg-2021 4,staphylococcus pseudintermedius,0,0.09629622,0.20350884,0.45598325,1.0,0.15533025306326895,False
pg-2021 4,staphylococcus pettenkoferi,0,0.24463527,0.45765412,0.8519002,1.0,0.23123470973025118,False
pg-2021 4,staphylococcus pasteuri,0,0.48018372,0.6284343,0.7885022,1.0,0.15533025306326895,True
pg-2021 4,staphylococcus nepalensis,0,0.81917864,0.85540485,0.89240015,1.0,0.15533025306326895,False
pg-2021 67,staphylococcus xylosus,0,0.8779039,0.91156214,0.68958074,1.0,0.015016990219428636,True
pg-2021 68,staphylococcus arlettae,0,0.45493296,0.6951689,0.8611929,1.0,0.19841262970484413,False
pg-2021 68,staphylococcus auricularis,0,0.12520373,0.21414618,0.665599,1.0,0.23123470973025118,False
pg-2021 68,staphylococcus capitis,0,0.8041048,0.81963456,0.79985154,1.0,0.1657733375874139,True
pg-2021 84,staphylococcus haemolyticus,0,0.94150233,0.9880917,0.48059043,0.07887918338471253,0.006781920954369934,True
pg-2021 84,staphylococcus fleuretti,0,0.9900373,0.99539423,0.85191053,0.07887918338471253,0.19841262970484413,False
pg-2021 84,staphylococcus caprae,0,0.88097847,0.9151291,0.6111467,0.07887918338471253,0.1657733375874139,False
pg-2021 84,staphylococcus auricularis,0,0.7501557,0.84652233,0.0503834,0.07887918338471253,0.23123470973025118,False
pg-2021 84,staphylococcus arlettae,0,0.980008,0.9865936,0.8582634,0.07887918338471253,0.19841262970484413,False
pg-2021 76,staphylococcus warneri,0,0.7641438,0.884816,0.39596945,0.19841262970484413,0.002509487238135761,True
pg-2021 76,staphylococcus succinus,0,0.70215636,0.8243893,0.6148388,0.19841262970484413,0.1657733375874139,False
pg-2021 76,staphylococcus saprophyticus,0,0.75986,0.8503235,0.5503083,0.19841262970484413,0.12806466990905035,True
pg-2021 76,staphylococcus pseudintermedius,0,0.30459988,0.5614335,0.22116888,0.19841262970484413,0.15533025306326895,False
pg-2021 76,staphylococcus pettenkoferi,0,0.43380937,0.58919466,0.025731256,0.19841262970484413,0.23123470973025118,False
pg-2021 76,staphylococcus pasteuri,0,0.8413815,0.94939977,0.55224705,0.19841262970484413,0.15533025306326895,True
pg-2021 76,staphylococcus nepalensis,0,0.76302326,0.8797349,0.6402206,0.19841262970484413,0.15533025306326895,False
pg-2021 76,staphylococcus lugdunensis,0,0.9276182,0.95898706,0.78556824,0.19841262970484413,0.15533025306326895,False
pg-2021 76,staphylococcus hyicus,0,0.32539326,0.69276404,0.59816784,0.19841262970484413,0.19841262970484413,False
pg-2021 76,staphylococcus hominis,0,0.91211075,0.9680678,0.53267795,0.19841262970484413,0.021109879109110687,True
pg-2021 76,staphylococcus haemolyticus,0,0.81623816,0.9508447,0.65671086,0.19841262970484413,0.006781920954369934,True
pg-2021 76,staphylococcus fleuretti,0,0.9752559,0.9839774,0.882731,0.19841262970484413,0.19841262970484413,False
pg-2021 76,staphylococcus equorum,0,0.77960837,0.86467624,0.42194816,0.19841262970484413,0.1468303739987189,False
pg-2021 76,staphylococcus epidermidis,0,0.85657495,0.91929346,0.4630877,0.19841262970484413,0.0877824514177322,True
pg-2021 76,staphylococcus cohnii,0,0.74347323,0.8782785,0.46582955,0.19841262970484413,0.15533025306326895,True
pg-2021 76,staphylococcus chromogenes,0,0.26503363,0.5038451,0.5133358,0.19841262970484413,0.17928898059388013,False
pg-2021 84,staphylococcus hominis,0,0.97414714,0.99173474,0.6136013,0.07887918338471253,0.021109879109110687,True
pg-2021 84,staphylococcus hyicus,0,0.8623543,0.9299851,0.53778446,0.07887918338471253,0.19841262970484413,False
pg-2021 84,staphylococcus kloosii,0,0.97921145,0.9843642,0.48614573,0.07887918338471253,0.17928898059388013,False
pg-2021 86,staphylococcus hominis,0,0.9793769,0.9940023,0.56788,0.07032247362314317,0.021109879109110687,True
pg-2021 87,staphylococcus arlettae,0,0.9663231,0.96934646,0.8611474,0.08050777868365173,0.19841262970484413,False
pg-2021 86,staphylococcus warneri,0,0.9428345,0.98318005,0.29806796,0.07032247362314317,0.002509487238135761,True
pg-2021 86,staphylococcus sciuri,0,0.9810035,0.993381,0.54385406,0.07032247362314317,0.19841262970484413,False
pg-2021 86,staphylococcus saprophyticus,0,0.9363136,0.96014285,0.5824823,0.07032247362314317,0.12806466990905035,True
pg-2021 86,staphylococcus pseudintermedius,0,0.7601995,0.87393403,0.015960291,0.07032247362314317,0.15533025306326895,False
pg-2021 86,staphylococcus pettenkoferi,0,0.7753604,0.8185867,0.066790715,0.07032247362314317,0.23123470973025118,False
pg-2021 86,staphylococcus pasteuri,0,0.9349872,0.9706873,0.27165067,0.07032247362314317,0.15533025306326895,True
pg-2021 86,staphylococcus nepalensis,0,0.98594403,0.98805517,0.5424291,0.07032247362314317,0.15533025306326895,False
pg-2021 86,staphylococcus lentus,0,0.99406034,0.997747,0.9018168,0.07032247362314317,0.17928898059388013,False
pg-2021 86,staphylococcus haemolyticus,0,0.94944054,0.9895475,0.27217406,0.07032247362314317,0.006781920954369934,True
pg-2021 84,staphylococcus lentus,0,0.9898353,0.9934957,0.9394001,0.07887918338471253,0.17928898059388013,False
pg-2021 86,staphylococcus fleuretti,0,0.99171364,0.9964947,0.8959554,0.07032247362314317,0.19841262970484413,False
pg-2021 86,staphylococcus caprae,0,0.85666686,0.9153581,0.5885914,0.07032247362314317,0.1657733375874139,False
pg-2021 86,staphylococcus arlettae,0,0.9716755,0.98046565,0.8985674,0.07032247362314317,0.19841262970484413,False
pg-2021 84,staphylococcus warneri,0,0.9526617,0.98676866,0.31464922,0.07887918338471253,0.002509487238135761,True
pg-2021 84,staphylococcus saprophyticus,0,0.95236015,0.97182876,0.6271942,0.07887918338471253,0.12806466990905035,True
pg-2021 84,staphylococcus pseudintermedius,0,0.7693476,0.8725711,0.013193313,0.07887918338471253,0.15533025306326895,False
pg-2021 84,staphylococcus pettenkoferi,0,0.8167968,0.8738448,0.34882766,0.07887918338471253,0.23123470973025118,False
pg-2021 84,staphylococcus pasteuri,0,0.867979,0.94787335,0.31652808,0.07887918338471253,0.15533025306326895,True
pg-2021 84,staphylococcus nepalensis,0,0.9821253,0.9878671,0.4594925,0.07887918338471253,0.15533025306326895,False
pg-2021 76,staphylococcus caprae,0,0.4075375,0.5887127,0.49876738,0.19841262970484413,0.1657733375874139,False
pg-2021 76,staphylococcus capitis,0,0.7995468,0.94764847,0.3832394,0.19841262970484413,0.1657733375874139,True
pg-2021 76,staphylococcus auricularis,0,0.19625016,0.39982232,0.2725322,0.19841262970484413,0.23123470973025118,False
pg-2021 68,staphylococcus lugdunensis,0,0.68763965,0.65417993,0.89553106,1.0,0.15533025306326895,False
pg-2021 68,staphylococcus warneri,0,0.41957298,0.539811,0.7885022,1.0,0.002509487238135761,True
pg-2021 68,staphylococcus vitulinus,0,0.95027,0.89855593,0.86625975,1.0,0.19841262970484413,False
pg-2021 68,staphylococcus succinus,0,0.7705,0.7961262,0.77094716,1.0,0.1657733375874139,False
pg-2021 68,staphylococcus schleiferi,0,0.20388266,0.43057403,0.80155116,1.0,0.23123470973025118,False
pg-2021 68,staphylococcus saprophyticus,0,0.7180338,0.7094414,0.90088916,1.0,0.12806466990905035,True
pg-2021 68,staphylococcus pseudintermedius,0,0.09629622,0.19371296,0.45598325,1.0,0.15533025306326895,False
pg-2021 68,staphylococcus pettenkoferi,0,0.24463527,0.4424201,0.8519002,1.0,0.23123470973025118,False
pg-2021 68,staphylococcus pasteuri,0,0.48018372,0.6139507,0.7885022,1.0,0.15533025306326895,True
pg-2021 68,staphylococcus nepalensis,0,0.8078184,0.8334918,0.89240015,1.0,0.15533025306326895,False
pg-2021 68,staphylococcus lentus,0,0.97690225,0.9826287,0.6386261,1.0,0.17928898059388013,False
pg-2021 74,staphylococcus arlettae,0,0.5004338,0.58369017,0.4414317,0.04189583444151167,0.19841262970484413,False
pg-2021 68,staphylococcus hyicus,0,0.4660997,0.64392847,0.89280194,1.0,0.19841262970484413,False
pg-2021 68,staphylococcus hominis,0,0.86595213,0.7559114,0.6474007,1.0,0.021109879109110687,True
pg-2021 68,staphylococcus haemolyticus,0,0.62640435,0.7721315,0.8138078,1.0,0.006781920954369934,True
pg-2021 68,staphylococcus fleuretti,0,0.9721038,0.9627986,0.5790325,1.0,0.19841262970484413,False
pg-2021 68,staphylococcus equorum,0,0.79548323,0.8232215,0.8155265,1.0,0.1468303739987189,False
pg-2021 68,staphylococcus epidermidis,0,0.85178304,0.8657106,0.8173939,1.0,0.0877824514177322,True
pg-2021 68,staphylococcus cohnii,0,0.7122947,0.684334,0.9260708,1.0,0.15533025306326895,True
pg-2021 68,staphylococcus chromogenes,0,0.096275,0.21278872,0.55273354,1.0,0.17928898059388013,False
pg-2021 68,staphylococcus caprae,0,0.2940409,0.5403308,0.50330985,1.0,0.1657733375874139,False
pg-2021 68,staphylococcus xylosus,0,0.8333763,0.84572417,0.7885022,1.0,0.015016990219428636,True
pg-2021 74,staphylococcus aureus,0,0.32914603,0.4308523,0.29610437,0.04189583444151167,0.07887918338471253,True
pg-2021 76,staphylococcus aureus,0,0.65300965,0.77323395,0.47828582,0.19841262970484413,0.07887918338471253,True
pg-2021 74,staphylococcus nepalensis,0,0.709699,0.6976207,0.66356546,0.04189583444151167,0.15533025306326895,False
pg-2021 76,staphylococcus arlettae,0,0.8194095,0.88648087,0.35632223,0.19841262970484413,0.19841262970484413,False
pg-2021 74,staphylococcus xylosus,0,0.7550437,0.6400818,0.7273767,0.04189583444151167,0.015016990219428636,True
pg-2021 74,staphylococcus warneri,0,0.6406971,0.45634758,0.71636766,0.04189583444151167,0.002509487238135761,True
pg-2021 74,staphylococcus vitulinus,0,0.5797481,0.69858474,0.47071224,0.04189583444151167,0.19841262970484413,False
pg-2021 74,staphylococcus succinus,0,0.67841715,0.66496396,0.80738,0.04189583444151167,0.1657733375874139,False
pg-2021 74,staphylococcus saprophyticus,0,0.6634814,0.3828831,0.5491534,0.04189583444151167,0.12806466990905035,True
pg-2021 74,staphylococcus pseudintermedius,0,0.04448243,0.098512575,0.8909244,0.04189583444151167,0.15533025306326895,False
pg-2021 74,staphylococcus pettenkoferi,0,0.09546239,0.19096586,0.7409494,0.04189583444151167,0.23123470973025118,False
pg-2021 74,staphylococcus pasteuri,0,0.39699522,0.30497777,0.6968527,0.04189583444151167,0.15533025306326895,True
pg-2021 74,staphylococcus lentus,0,0.9443743,0.9389196,0.9913318,0.04189583444151167,0.17928898059388013,False
pg-2021 74,staphylococcus auricularis,0,0.07561827,0.1404692,0.9278073,0.04189583444151167,0.23123470973025118,False
pg-2021 74,staphylococcus kloosii,0,0.43538702,0.45262662,0.44559428,0.04189583444151167,0.17928898059388013,False
pg-2021 74,staphylococcus hyicus,0,0.13945478,0.31808895,0.9382844,0.04189583444151167,0.19841262970484413,False
pg-2021 74,staphylococcus hominis,0,0.8237378,0.67195845,0.80817574,0.04189583444151167,0.021109879109110687,True
pg-2021 74,staphylococcus haemolyticus,0,0.47152856,0.4350416,0.49786198,0.04189583444151167,0.006781920954369934,True
pg-2021 74,staphylococcus fleuretti,0,0.9230008,0.8698509,0.9693198,0.04189583444151167,0.19841262970484413,False
pg-2021 74,staphylococcus equorum,0,0.77086127,0.6797905,0.82298404,0.04189583444151167,0.1468303739987189,False
pg-2021 74,staphylococcus cohnii,0,0.68576175,0.59058964,0.522285,0.04189583444151167,0.15533025306326895,True
pg-2021 74,staphylococcus chromogenes,0,0.100802876,0.34757757,0.89341295,0.04189583444151167,0.17928898059388013,False
pg-2021 74,staphylococcus capitis,0,0.84992194,0.79415584,0.71747345,0.04189583444151167,0.1657733375874139,True
