phage,host,hom16_frac_kmers,hom16_cov_frac,hom16_log_shared,hom16_longest_frac,hom20_frac_kmers,hom20_cov_frac,hom20_log_shared,hom20_longest_frac,crispr_n_spacers,crispr_n_hits,crispr_best_frac,crispr_has_hit,prot_frac_kmers,prot_cov_frac,prot_log_shared,prot_longest_frac
pg-2021 1,staphylococcus arlettae,0.018720130226992884,0.17244929189505023,7.898039690764619,0.00015302857460838598,0.00021565967511913458,0.00312317409087115,3.4657359027997265,0.00015302857460838598,210.0,0.0,0.0,0.0,0.004321044405626551,0.02518098132094021,5.241747015059643,0.00035475052690887084
pg-2021 10,staphylococcus arlettae,0.01284687625871828,0.12811599118195693,7.506042178518122,0.00016251201175739076,0.00011306701340550778,0.0015897914193657792,2.833213344056216,0.00016251201175739076,210.0,0.0,0.0,0.0,0.004175655925951702,0.02156583790619425,5.198497031265826,0.00031795828387315585
pg-2021 12,staphylococcus arlettae,0.010559982354076484,0.10761522079246817,7.334981878871814,0.00015162897767607915,6.20381603617514e-05,0.0008477438297344425,2.302585092994046,0.00015162897767607915,210.0,0.0,0.0,0.0,0.004361210877373012,0.023399117328670165,5.3230099791384085,0.0003721853483034551
pg-2021 14,staphylococcus arlettae,0.01056005514389109,0.10761596250603074,7.334981878871814,0.00015163002274450342,6.203858800173708e-05,0.0008477496726169964,2.302585092994046,0.00015163002274450342,210.0,0.0,0.0,0.0,0.004380809915589272,0.023532593995131187,5.327876168789581,0.0003721853483034551
pg-2021 15,staphylococcus arlettae,0.010594520075822851,0.10771245433868633,7.338238150065589,0.00015163002274450342,6.203858800173708e-05,0.0008477496726169964,2.302585092994046,0.00015163002274450342,210.0,0.0,0.0,0.0,0.004361210877373012,0.023399117328670165,5.3230099791384085,0.0003721853483034551
pg-2021 16,staphylococcus arlettae,0.012830311522511429,0.12652047466406266,7.503289630675082,0.0001627500513016466,0.0001203096912994862,0.0015991961562683535,2.8903717578961645,0.0001627500513016466,210.0,0.0,0.0,0.0,0.004005917833162627,0.021466072971356418,5.176149732573829,0.0003184240134162651
pg-2021 17,staphylococcus arlettae,0.012672811059907835,0.1268460588669458,7.516433302915632,0.00014485655751840024,6.898835476571554e-05,0.0011174648722848018,2.3978952727983707,0.00014485655751840024,210.0,0.0,0.0,0.0,0.003928618990544679,0.02080904891421664,5.181783550292085,0.00031041119135815243
pg-2021 18,staphylococcus arlettae,0.01326812121386742,0.1303333237302296,7.519149957669823,0.00016565353922387715,0.00012965964343598056,0.0017717726369162513,2.9444389791664403,0.00016565353922387715,210.0,0.0,0.0,0.0,0.00414782180770042,0.022145613113855846,5.181783550292085,0.00032410708498087766
pg-2021 19,staphylococcus arlettae,0.012627819468951296,0.12416036051356177,7.48605261786314,0.0001629680015871666,9.921127040031748e-05,0.0018493325397500213,2.70805020110221,0.00014879687101436952,210.0,0.0,0.0,0.0,0.0039038239730281254,0.02098414339882799,5.176149732573829,0.0003188504378879347
pg-2021 2,staphylococcus arlettae,0.012847378487848785,0.1286711713295318,7.510977752014095,0.00016171786560542246,9.845011392084611e-05,0.0013007741363914415,2.70805020110221,0.00016171786560542246,210.0,0.0,0.0,0.0,0.004223889209463359,0.022207736743914228,5.214935757608986,0.00031640896913957855
pg-2021 22,staphylococcus arlettae,0.01057775621252556,0.10755475464374827,7.3310603052186325,0.0001524812863875797,6.238692370079231e-05,0.000852509010257832,2.302585092994046,0.0001524812863875797,210.0,0.0,0.0,0.0,0.004370196551204495,0.023417681712404874,5.318119993844216,0.0003742748424926705
pg-2021 23,staphylococcus arlettae,0.018167253168540613,0.16540439257081965,7.840312983320164,0.00015733728106874924,0.00018596932936598763,0.0024959414133178858,3.295836866004329,0.00015733728106874924,210.0,0.0,0.0,0.0,0.004485645933014354,0.02605098389982111,5.278114659230517,0.0003432813405136347
pg-2021 27,staphylococcus arlettae,0.012560032433106718,0.12493081486447509,7.385230923066573,0.0001792966892476555,0.0001481365975362545,0.0017773758760202371,2.995732273553991,0.0001792966892476555,210.0,0.0,0.0,0.0,0.0035646019527819394,0.020191098818204675,4.9344739331306915,0.00030402956102808763
pg-2021 29,staphylococcus arlettae,0.013173197521948996,0.13051607509310634,7.458186157340487,0.00017481188720833016,0.00011402421874406124,0.001413696131336931,2.772588722239781,0.00017481188720833016,210.0,0.0,0.0,0.0,0.0041763573161277415,0.0216358453329435,5.123963979403259,0.00034202845676760304
pg-2021 31,staphylococcus arlettae,0.01092351388570117,0.10825522271387489,7.329093736246592,0.00016494667919305216,0.00010758858126524171,0.0014701769232424214,2.772588722239781,0.00015777508444552815,210.0,0.0,0.0,0.0,0.003687936804243404,0.021726144383725304,5.093750200806762,0.00023666602121388155
pg-2021 33,staphylococcus arlettae,0.01097639927020187,0.10861905357392436,7.30854279753919,0.00016918855696872954,0.0001103557870574733,0.0015079849642865024,2.772588722239781,0.00016183253275269782,210.0,0.0,0.0,0.0,0.003668738608216105,0.021650233995183787,5.062595033026967,0.00024275058480822704
pg-2021 35,staphylococcus arlettae,0.012673293036541208,0.12728898761656798,7.471932078245122,0.00015145723496786943,7.213237733889233e-05,0.001031351647638349,2.3978952727983707,0.00015145723496786943,210.0,0.0,0.0,0.0,0.004102053397828045,0.021320780838986572,5.159055299214529,0.0003245558993443971
pg-2021 38,staphylococcus arlettae,0.012849138176233005,0.12760314830746478,7.4999765409521215,0.0001635299721999047,0.00011377535057029895,0.0014646597510078424,2.833213344056216,0.0001635299721999047,210.0,0.0,0.0,0.0,0.004288526434195725,0.022535468272432826,5.214935757608986,0.00031995222046841005
pg-2021 4,staphylococcus arlettae,0.01418694539713648,0.13514043109079033,7.1731917424865985,0.00023949488351839756,0.00011977221502379112,0.0013607663836272589,2.4849066497880004,0.00023949488351839756,210.0,0.0,0.0,0.0,0.0039436233325331775,0.021319830773843234,4.7535901911063645,0.0004898758981058132
pg-2021 40,staphylococcus arlettae,0.010674786504269914,0.10857042869641295,7.330405211844402,0.00015398075240594924,6.300050400403203e-05,0.0008608923884514436,2.302585092994046,0.00015398075240594924,210.0,0.0,0.0,0.0,0.004432663607609035,0.02369104283859801,5.298317366548036,0.0003779527559055118
pg-2021 41,staphylococcus arlettae,0.010594520075822851,0.10771245433868633,7.338238150065589,0.00015163002274450342,6.203858800173708e-05,0.0008477496726169964,2.302585092994046,0.00015163002274450342,210.0,0.0,0.0,0.0,0.004359440111122983,0.023386945756434532,5.3230099791384085,0.0003721853483034551
pg-2021 43,staphylococcus arlettae,0.01056005514389109,0.10761596250603074,7.334981878871814,0.00015163002274450342,6.203858800173708e-05,0.0008477496726169964,2.302585092994046,0.00015163002274450342,210.0,0.0,0.0,0.0,0.004361210877373012,0.023399117328670165,5.3230099791384085,0.0003721853483034551
pg-2021 46,staphylococcus arlettae,0.015011104263804751,0.14410937245692762,7.163946684342547,0.00026738589597526097,0.0001511645484249817,0.0014764351647329628,2.6390573296152584,0.00026738589597526097,210.0,0.0,0.0,0.0,0.004058578820982852,0.022964303339365028,4.795790545596741,0.00038364955357142856
pg-2021 47,staphylococcus arlettae,0.013011828935395814,0.1281240158169157,7.528331766707247,0.00016096861112083145,0.00012599218848431397,0.0015886902054099452,2.9444389791664403,0.00016096861112083145,210.0,0.0,0.0,0.0,0.004000275881095248,0.021246110103655944,5.1647859739235145,0.0003149407911312673
pg-2021 5,staphylococcus arlettae,0.015638725910180354,0.14726421027520548,7.274479558773871,0.00024939819132094293,0.00020606704770994436,0.0018542213354730975,2.995732273553991,0.00024939819132094293,210.0,0.0,0.0,0.0,0.0035842293906810036,0.02049727897806889,4.68213122712422,0.000357839947950553
pg-2021 64,staphylococcus arlettae,0.012834570400359874,0.12758017246832107,7.510430556378006,0.00016164512569665534,0.00011246380071414513,0.0015813110122498892,2.833213344056216,0.00016164512569665534,210.0,0.0,0.0,0.0,0.004216061835573589,0.022397775669174922,5.231108616854587,0.0003162622024499779
pg-2021 67,staphylococcus arlettae,0.013938228552184163,0.13355926312130692,7.157735484249907,0.00023896419881821342,0.00011950676299636047,0.00135775112964894,2.4849066497880004,0.00023896419881821342,210.0,0.0,0.0,0.0,0.003966236143598088,0.021526612027253877,4.770684624465665,0.0004887904066736184
pg-2021 68,staphylococcus arlettae,0.014173519557934125,0.135012561584391,7.1731917424865985,0.0002392682741144355,0.00011965886345835871,0.0013594788301956563,2.4849066497880004,0.0002392682741144355,210.0,0.0,0.0,0.0,0.0039410555174777245,0.02130209026760751,4.7535901911063645,0.0004894123788704363
pg-2021 74,staphylococcus arlettae,0.014834338227576476,0.14308201767682657,7.149131598557407,0.00026818404421538676,0.00015161587534842495,0.001480842331102353,2.6390573296152584,0.00026818404421538676,210.0,0.0,0.0,0.0,0.0036309045840170373,0.020672537485974637,4.653960350157523,0.00038479028929233567
pg-2021 76,staphylococcus arlettae,0.010916341519394078,0.1081404771979145,7.328437352895162,0.00016494667919305216,0.00010758858126524171,0.0014701769232424214,2.772588722239781,0.00015777508444552815,210.0,0.0,0.0,0.0,0.003693907333090113,0.021763219715438147,5.093750200806762,0.00023666602121388155
pg-2021 8,staphylococcus arlettae,0.01281372141967443,0.1274076831127558,7.490529402060711,0.0001646279051456957,0.0001002219199656382,0.0013241809761719001,2.70805020110221,0.0001646279051456957,210.0,0.0,0.0,0.0,0.004223791718598532,0.022333063718882,5.214935757608986,0.00032210268633640405
pg-2021 84,staphylococcus arlettae,0.0132152665704012,0.12906696109447877,7.532623618788788,0.0001627846076537076,0.00013449232685882554,0.0017481651343680773,2.995732273553991,0.0001627846076537076,210.0,0.0,0.0,0.0,0.004049713727133082,0.02150756957664763,5.1647859739235145,0.0003184916236702975
pg-2021 86,staphylococcus arlettae,0.013053892215568862,0.12820765681682106,7.5251007461258,0.00016201176346282534,0.00011271892127992335,0.0015848976860493784,2.833213344056216,0.00016201176346282534,210.0,0.0,0.0,0.0,0.003902813183838293,0.02081457898781425,5.159055299214529,0.0003169840028739883
pg-2021 87,staphylococcus arlettae,0.01279064002776263,0.12801320001133049,7.499423290592229,0.00016287567628813415,9.915505726204556e-05,0.0013100869614480356,2.70805020110221,0.00016287567628813415,210.0,0.0,0.0,0.0,0.0041581012894786025,0.021669925872026922,5.187385805840755,0.00031867431485022306
pg-2021 88,staphylococcus arlettae,0.015649571073779647,0.14723168007633752,7.275172319452771,0.00024939819132094293,0.00020606704770994436,0.0018542213354730975,2.995732273553991,0.00024939819132094293,210.0,0.0,0.0,0.0,0.0035784756362663454,0.02046127321817768,4.68213122712422,0.000357839947950553
pg-2021 89,staphylococcus arlettae,0.008483637039791743,0.09214898115662538,5.902633333401366,0.0006505727363553986,0.0002556950255695026,0.0015799623597202537,2.4849066497880004,0.0006505727363553986,210.0,0.0,0.0,0.0,0.00392501861000203,0.02346368715083799,4.07753744390572,0.000766764254844556
pg-2021 9,staphylococcus arlettae,0.012832743281535972,0.12796054490984116,7.504942068396171,0.00016251201175739076,0.00011306701340550778,0.0015897914193657792,2.833213344056216,0.00016251201175739076,210.0,0.0,0.0,0.0,0.004173816259333117,0.021553669766182178,5.198497031265826,0.00031795828387315585
pg-2021 90,staphylococcus arlettae,0.006857322721345384,0.07700087654237746,5.723585101952381,0.0004944598026655878,8.994018977380042e-05,0.0009439687141797586,1.6094379124341003,0.0004944598026655878,210.0,0.0,0.0,0.0,0.003250975292587776,0.019687026754164564,3.9318256327243257,0.0007416897039983817
pg-2021 93,staphylococcus arlettae,0.007711076328146579,0.08486159368600289,5.817111159963204,0.00046020387031454934,0.0,0.0,0.0,0.0,210.0,0.0,0.0,0.0,0.0031440230115726804,0.018644838562983174,3.871201010907891,0.0009664503658704957
pg-2021 1,staphylococcus aureus,0.019241872986942517,0.1737500347792215,7.925518979786926,0.00015998441890876714,0.00022261643883265505,0.0032622909768787733,3.4965075614664802,0.00015998441890876714,168.0,0.0,0.0,0.0,0.004252091569366553,0.025069264456162303,5.225746673713202,0.0002712798146950189
pg-2021 10,staphylococcus aureus,0.013412195346010614,0.1284622124243966,7.549082710812286,0.00017664349104064213,0.00016960052010826166,0.002049064496071449,3.2188758248682006,0.0001554462721157651,168.0,0.0,0.0,0.0,0.004546825341591853,0.024930560260144976,5.2832037287379885,0.00031795828387315585
pg-2021 12,staphylococcus aureus,0.011331991507899307,0.11022048231799353,7.405495663199472,0.00017919788270809355,0.00016543509429800375,0.0018609010896609714,3.2188758248682006,0.00016541343019208635,168.0,0.0,0.0,0.0,0.004767402086540106,0.027500208177200433,5.4116460518550396,0.00022744660174100036
pg-2021 14,staphylococcus aureus,0.011332069619162503,0.11022124198773176,7.405495663199472,0.00017919911778895858,0.0001654362346712989,0.0018609139155007237,3.2188758248682006,0.00016541457026673098,168.0,0.0,0.0,0.0,0.004765466395982477,0.027485903331183288,5.4116460518550396,0.00022744660174100036
pg-2021 15,staphylococcus aureus,0.011387213510253317,0.1104969329381763,7.410347097821024,0.00017919911778895858,0.0001654362346712989,0.0018609139155007237,3.2188758248682006,0.00016541457026673098,168.0,0.0,0.0,0.0,0.004746023601847101,0.02735448413689733,5.407171771460119,0.00022744660174100036
pg-2021 16,staphylococcus aureus,0.013155846177798537,0.12654877902081077,7.528331766707247,0.00017690222967570282,0.00017692601661689148,0.0019246962588716468,3.258096538021482,0.0001698261404886747,168.0,0.0,0.0,0.0,0.0048935928075566175,0.026561219290667022,5.375278407684165,0.0003184240134162651
pg-2021 17,staphylococcus aureus,0.013190209442865421,0.1269426299052914,7.556427969440253,0.00017244828276000027,0.00017247088691428887,0.0017451766215312028,3.258096538021482,0.00016555035144960026,168.0,0.0,0.0,0.0,0.004816442491232743,0.02629193109700816,5.384495062789089,0.00031041119135815243
pg-2021 18,staphylococcus aureus,0.013037621822529875,0.12564460833741464,7.501634457883413,0.00018005819480856213,0.00016567621105708627,0.0015340958197689494,3.1780538303479458,0.00017285586701621964,168.0,0.0,0.0,0.0,0.004499332130386896,0.024656971302025068,5.262690188904886,0.00032410708498087766
pg-2021 19,staphylococcus aureus,0.012996308028090167,0.12826290281438654,7.51479976048867,0.00015588243630076807,9.921127040031748e-05,0.0013108295779837315,2.70805020110221,0.00015588243630076807,168.0,0.0,0.0,0.0,0.004724514240085174,0.02634867287142365,5.365976015021851,0.0003188504378879347
pg-2021 2,staphylococcus aureus,0.013346647164716471,0.12895241979145428,7.549082710812286,0.00017578028870154615,0.0001687716238643076,0.0016382722906984103,3.2188758248682006,0.0001687490771534843,168.0,0.0,0.0,0.0,0.0045239469128678595,0.02503989750275349,5.2832037287379885,0.00031640896913957855
pg-2021 22,staphylococcus aureus,0.011367968668769279,0.11043803714998614,7.403061091090091,0.00018020515663986692,0.0001663651298687795,0.0018713612420293874,3.2188758248682006,0.00016634322151372333,168.0,0.0,0.0,0.0,0.004779229725947773,0.027547747332229186,5.407171771460119,0.00022872351485663195
pg-2021 23,staphylococcus aureus,0.01932595199267588,0.17315682951075256,7.902117546276448,0.0001644889756627833,0.00021457999542229343,0.0032039591781272574,3.4339872044851463,0.00015733728106874924,168.0,0.0,0.0,0.0,0.004646669120353331,0.02723613595706619,5.313205979041787,0.0002789160891673282
pg-2021 27,staphylococcus aureus,0.014594898022827917,0.13844822613210267,7.5352967024440884,0.00020268321393213231,0.00016372992359270234,0.0020891962051465944,3.091042453358316,0.00017150118101949658,168.0,0.0,0.0,0.0,0.0047011417058428475,0.025044003017349763,5.209486152841421,0.0005145115648167637
pg-2021 29,staphylococcus aureus,0.013340427957888335,0.129185984646956,7.470793774195062,0.00018241240404347496,0.00017483713540756058,0.0019077297256213422,3.1780538303479458,0.00018241240404347496,168.0,0.0,0.0,0.0,0.004876584890089279,0.0266793363058256,5.278114659230517,0.00034202845676760304
pg-2021 31,staphylococcus aureus,0.011669439981638743,0.11440127941250296,7.395107546562485,0.00016494667919305216,0.00011476115334959116,0.0013410882177869892,2.833213344056216,0.00016494667919305216,168.0,0.0,0.0,0.0,0.004097707560270449,0.024535941060642934,5.198497031265826,0.00021515092837625594
pg-2021 33,staphylococcus aureus,0.01154287564004473,0.11365057413769006,7.358830898342354,0.00016918855696872954,0.00011771283952797152,0.0013755765283979314,2.833213344056216,0.00016918855696872954,168.0,0.0,0.0,0.0,0.004019255035752675,0.023922031896042528,5.153291594497779,0.00022068234982566094
pg-2021 35,staphylococcus aureus,0.013077222695076387,0.1261350277310985,7.503289630675082,0.00018030623210460645,0.00018754418108112006,0.0022430095273813042,3.295836866004329,0.0001586694842520537,168.0,0.0,0.0,0.0,0.0047185469720680984,0.02625871060039688,5.298317366548036,0.0003245558993443971
pg-2021 38,staphylococcus aureus,0.013133568462369873,0.12722631837152587,7.521859252201629,0.00017774996978250514,0.0001706630258554484,0.0017917196954076518,3.2188758248682006,0.00017063997099120494,168.0,0.0,0.0,0.0,0.004569741282339708,0.02524976050362666,5.278114659230517,0.00031995222046841005
pg-2021 4,staphylococcus aureus,0.01487288366269258,0.13928804702808623,7.220373836723949,0.0002503810145874156,0.0003157631123354493,0.004038754626605704,3.4011973816621555,0.0002503810145874156,168.0,0.0,0.0,0.0,0.005040979390281541,0.027515906592491424,4.997212273764115,0.0004898758981058132
pg-2021 40,staphylococcus aureus,0.011108777824443512,0.10903937007874016,7.370230641807081,0.00018197725284339457,0.0001540012320098561,0.0017427821522309711,3.1354942159291497,0.00016797900262467192,168.0,0.0,0.0,0.0,0.004722234597050831,0.02704456945045435,5.3612921657094255,0.0002309711286089239
pg-2021 41,staphylococcus aureus,0.011380320523866965,0.11038665655799848,7.409741954080923,0.00017919911778895858,0.0001654362346712989,0.0018609139155007237,3.2188758248682006,0.00016541457026673098,168.0,0.0,0.0,0.0,0.004744096591516187,0.02734025509248663,5.407171771460119,0.00022744660174100036
pg-2021 43,staphylococcus aureus,0.01132517663277615,0.11011096560755393,7.404887575616125,0.00017919911778895858,0.0001654362346712989,0.0018609139155007237,3.2188758248682006,0.00016541457026673098,168.0,0.0,0.0,0.0,0.004767402086540106,0.027500208177200433,5.4116460518550396,0.00022744660174100036
pg-2021 46,staphylococcus aureus,0.01698777949606409,0.160094398846753,7.2875606403097235,0.00025576042223720614,0.00020930475935766694,0.0030807505405845287,2.9444389791664403,0.00025576042223720614,168.0,0.0,0.0,0.0,0.00514086650657828,0.02947853265339694,5.030437921392435,0.00038364955357142856
pg-2021 47,staphylococcus aureus,0.013088822006019457,0.12642334744724779,7.534228326274089,0.00017496588165307766,0.00018898828272647097,0.00205060013297407,3.332204510175204,0.00016796724638695455,168.0,0.0,0.0,0.0,0.004621008345403132,0.02545503391765733,5.308267697401205,0.0003149407911312673
pg-2021 5,staphylococcus aureus,0.017287190777272875,0.16119797879031034,7.374629015218945,0.00026024159094359265,0.0002711408522499268,0.003155429290191061,3.258096538021482,0.00024939819132094293,168.0,0.0,0.0,0.0,0.005024620641141593,0.02870922540489458,5.017279836814924,0.000357839947950553
pg-2021 64,staphylococcus aureus,0.01349527665317139,0.12971669934709426,7.560601162768557,0.00017570122358332102,0.00016166671352658364,0.0016305073548532193,3.1780538303479458,0.0001686731746399882,168.0,0.0,0.0,0.0,0.0047827368134732645,0.026369794999669,5.356586274672012,0.0003162622024499779
pg-2021 67,staphylococcus aureus,0.014872513552564396,0.1374261383385471,7.222566018822171,0.00024982620785540496,0.0002716062795371829,0.0035736009732360097,3.258096538021482,0.00024982620785540496,168.0,0.0,0.0,0.0,0.004847621953286552,0.02626641651031895,4.969813299576001,0.0004887904066736184
pg-2021 68,staphylococcus aureus,0.014880563895052865,0.13934114217973398,7.221835825288449,0.00025014410475600074,0.00031546427639021844,0.004034933168020708,3.4011973816621555,0.00025014410475600074,168.0,0.0,0.0,0.0,0.005037697052775874,0.02749301025163094,4.997212273764115,0.0004894123788704363
pg-2021 74,staphylococcus aureus,0.016770266015137557,0.1587066532963317,7.271703706887368,0.00026818404421538676,0.00023325519284373068,0.003113266948065577,3.044522437723423,0.00026818404421538676,168.0,0.0,0.0,0.0,0.005201969067485948,0.02971677263608854,5.0106352940962555,0.00038479028929233567
pg-2021 76,staphylococcus aureus,0.011669439981638743,0.11440127941250296,7.395107546562485,0.00016494667919305216,0.00011476115334959116,0.0013410882177869892,2.833213344056216,0.00016494667919305216,168.0,0.0,0.0,0.0,0.004104341481211237,0.02457781126723106,5.198497031265826,0.00021515092837625594
pg-2021 8,staphylococcus aureus,0.013465145246037768,0.12946195305957384,7.540090320145325,0.0001789433751583649,0.00016465029708640562,0.0016605945214696262,3.1780538303479458,0.0001717856401520303,168.0,0.0,0.0,0.0,0.004846974103309791,0.02669183068212456,5.351858133476067,0.00032210268633640405
pg-2021 84,staphylococcus aureus,0.013087856394575157,0.1265614936549391,7.52294091807237,0.00017693979092794305,0.0001840421314910244,0.001932182516933138,3.295836866004329,0.0001698621992908253,168.0,0.0,0.0,0.0,0.004608294930875576,0.025156377481642643,5.293304824724492,0.0003184916236702975
pg-2021 86,staphylococcus aureus,0.013096160619936598,0.12815130489909485,7.528331766707247,0.00016905575317860037,0.0001408986515999042,0.0014792378403127532,3.044522437723423,0.00016905575317860037,168.0,0.0,0.0,0.0,0.004940555417691249,0.026808650784937972,5.393627546352362,0.0003169840028739883
pg-2021 87,staphylococcus aureus,0.013328895089839018,0.12828229895476306,7.5406215286571525,0.00017703877857405887,0.00018414510634379893,0.0019332634620287227,3.295836866004329,0.0001699572274310965,168.0,0.0,0.0,0.0,0.004578583442347225,0.025057983537223157,5.2832037287379885,0.00031867431485022306
pg-2021 88,staphylococcus aureus,0.01726550045007429,0.16112207499295178,7.373374309910049,0.00026024159094359265,0.0002602952181599297,0.003144585890568411,3.2188758248682006,0.00024939819132094293,168.0,0.0,0.0,0.0,0.005016554630279924,0.02865879444390228,5.017279836814924,0.000357839947950553
pg-2021 89,staphylococcus aureus,0.011853849014503533,0.105857478101257,6.236369590203704,0.0007899811798601268,0.00099953509995351,0.005855154627198587,3.784189633918261,0.0007899811798601268,168.0,0.0,0.0,0.0,0.027204439331393382,0.07262569832402235,5.998936561946683,0.002300292764533668
pg-2021 9,staphylococcus aureus,0.013412195346010614,0.1284622124243966,7.549082710812286,0.00017664349104064213,0.00016960052010826166,0.002049064496071449,3.2188758248682006,0.0001554462721157651,168.0,0.0,0.0,0.0,0.004544822149051616,0.024916493635460866,5.2832037287379885,0.00031795828387315585
pg-2021 90,staphylococcus aureus,0.012298214847789918,0.10669094014788844,6.306275286948016,0.0009889196053311756,0.0013491028466070063,0.006472928325804059,4.110873864173311,0.0009889196053311756,168.0,0.0,0.0,0.0,0.01703511053315995,0.0571680969207471,5.572154032177765,0.0013485267345425124
pg-2021 93,staphylococcus aureus,0.011670196114538256,0.11127729584205803,6.230481447578482,0.0005522446443774592,0.0005524861878453039,0.004924181412365678,3.2188758248682006,0.0005522446443774592,168.0,0.0,0.0,0.0,0.017860726469997992,0.058143311895017216,5.5909869805108565,0.0036587049565097334
pg-2021 1,staphylococcus auricularis,0.010073113552094275,0.10378815280598759,7.278628942320682,0.00015998441890876714,0.00011130821941632753,0.0015650649675857655,2.833213344056216,0.00015998441890876714,160.0,0.0,0.0,0.0,0.003792405994299899,0.020980427205290912,5.111987788356544,0.0002712798146950189
pg-2021 10,staphylococcus auricularis,0.007207818362977253,0.07475552540839975,6.928537818164665,0.00018370923068226783,9.186694839197506e-05,0.00103159798767735,2.6390573296152584,0.00018370923068226783,160.0,0.0,0.0,0.0,0.004198854014429211,0.021769076169184564,5.204006687076795,0.0002967610649482788
pg-2021 12,staphylococcus auricularis,0.00582453334803827,0.061961114059452344,6.740519359606223,0.00015162897767607915,6.20381603617514e-05,0.0007167915308323742,2.302585092994046,0.00015162897767607915,160.0,0.0,0.0,0.0,0.003869505729433898,0.021546340244816387,5.204006687076795,0.00022744660174100036
pg-2021 14,staphylococcus auricularis,0.005817680510080993,0.061851264732235164,6.739336627357174,0.00015163002274450342,6.203858800173708e-05,0.0007167964711558343,2.302585092994046,0.00015163002274450342,160.0,0.0,0.0,0.0,0.003867934608398333,0.021535132435862758,5.204006687076795,0.00022744660174100036
pg-2021 15,staphylococcus auricularis,0.005824573496467344,0.061961541112412984,6.740519359606223,0.00015163002274450342,6.203858800173708e-05,0.0007167964711558343,2.302585092994046,0.00015163002274450342,160.0,0.0,0.0,0.0,0.0038908842141269027,0.021692064285119494,5.209486152841421,0.00022744660174100036
pg-2021 16,staphylococcus auricularis,0.00757929599592374,0.077023230800801,6.977281341630747,0.00018397831886273096,0.0001344637726288375,0.0013444569455353416,2.995732273553991,0.00018397831886273096,160.0,0.0,0.0,0.0,0.0039603960396039604,0.02089009990917348,5.1647859739235145,0.0002971957458551808
pg-2021 17,staphylococcus auricularis,0.007712685228621099,0.07927792455042733,7.020190708311925,0.00017934621407040028,0.00011038136762514487,0.001158852460147202,2.833213344056216,0.00017934621407040028,160.0,0.0,0.0,0.0,0.00408398810316509,0.021650908776928723,5.220355825078324,0.0002897171119342756
pg-2021 18,staphylococcus auricularis,0.007462417794553011,0.07699288410014117,6.9440872082295275,0.0001872605226009046,0.00010084638933909599,0.0010587421854743454,2.70805020110221,0.0001872605226009046,160.0,0.0,0.0,0.0,0.004100953764675556,0.021711833063172075,5.170483995038151,0.0003024999459821525
pg-2021 19,staphylococcus auricularis,0.00692333312074378,0.07342062749766176,6.885509670034818,0.00018422469744636228,0.00013464386697185942,0.0012116316639741518,2.995732273553991,0.00018422469744636228,160.0,0.0,0.0,0.0,0.0041256321533138145,0.021867459496725267,5.231108616854587,0.00029759374202873904
pg-2021 2,staphylococcus auricularis,0.007313231323132313,0.0754659935453478,6.947937068614969,0.00018281150024960802,9.141796292649995e-05,0.0010265568860170296,2.6390573296152584,0.00018281150024960802,160.0,0.0,0.0,0.0,0.0041084824004616275,0.02137607048933444,5.187385805840755,0.00029531503786360666
pg-2021 22,staphylococcus auricularis,0.005843413163275916,0.06208760742999723,6.738152494595957,0.0001524812863875797,6.238692370079231e-05,0.0007208206265594677,2.302585092994046,0.0001524812863875797,160.0,0.0,0.0,0.0,0.0038965791909754367,0.02169856810415313,5.204006687076795,0.00022872351485663195
pg-2021 23,staphylococcus auricularis,0.009927617085800932,0.10353508263783104,7.236339342754344,0.00015733728106874924,5.722133211261158e-05,0.0008725067404721548,2.1972245773362196,0.00015733728106874924,160.0,0.0,0.0,0.0,0.0036575266838424735,0.020594812164579607,5.075173815233827,0.0002789160891673282
pg-2021 27,staphylococcus auricularis,0.007796419883989272,0.07924134113923557,6.90875477931522,0.00018709219747581443,0.0001559332605644784,0.0019332860405834157,3.044522437723423,0.00018709219747581443,160.0,0.0,0.0,0.0,0.003926228237846774,0.020442544631631882,5.030437921392435,0.0003274164503379406
pg-2021 29,staphylococcus auricularis,0.007304929497168484,0.07528311925210915,6.8690144506657065,0.00019761343771376453,0.00010642260416112382,0.0009728661548985331,2.70805020110221,0.00019761343771376453,160.0,0.0,0.0,0.0,0.003976292294995873,0.02036888141705041,5.075173815233827,0.0003192265596497629
pg-2021 31,staphylococcus auricularis,0.006383406013311912,0.06660977201500298,6.792344427470809,0.00016494667919305216,7.889829292784393e-05,0.0008964493434405009,2.4849066497880004,0.00016494667919305216,160.0,0.0,0.0,0.0,0.003232635964213354,0.020332308236907896,4.962844630259907,0.00023666602121388155
pg-2021 33,staphylococcus auricularis,0.006415160967571067,0.0666970715667596,6.771935555839602,0.00016918855696872954,8.092757717548042e-05,0.0009195030270039649,2.4849066497880004,0.00016918855696872954,160.0,0.0,0.0,0.0,0.0032481188951722206,0.02040074514971148,4.941642422609304,0.00024275058480822704
pg-2021 35,staphylococcus auricularis,0.007544828979067788,0.07498575580766374,6.953684210870537,0.00018751848138879072,0.0001514779924116739,0.0012477191261638767,3.091042453358316,0.00018751848138879072,160.0,0.0,0.0,0.0,0.004220609854412671,0.02233605611703355,5.187385805840755,0.00030291883938810395
pg-2021 38,staphylococcus auricularis,0.00729563683941066,0.07515268722404317,6.934397209928558,0.00018485996857380533,9.244247233836789e-05,0.00103805982352983,2.6390573296152584,0.00018485996857380533,160.0,0.0,0.0,0.0,0.004030746156730409,0.02096163496190867,5.153291594497779,0.00029862207243718273
pg-2021 4,staphylococcus auricularis,0.008405465730306495,0.08431308512954495,6.650279048587422,0.00028303940779446986,0.00013066059820777214,0.001371652514696277,2.5649493574615367,0.00028303940779446986,160.0,0.0,0.0,0.0,0.003566407187682178,0.019221159932043038,4.653960350157523,0.0004898758981058132
pg-2021 40,staphylococcus auricularis,0.005802883942321153,0.062019247594050746,6.721425700790643,0.00015398075240594924,6.300050400403203e-05,0.0007279090113735783,2.302585092994046,0.00015398075240594924,160.0,0.0,0.0,0.0,0.003920345703212011,0.021895283427087842,5.176149732573829,0.0002309711286089239
pg-2021 41,staphylococcus auricularis,0.005817680510080993,0.061851264732235164,6.739336627357174,0.00015163002274450342,6.203858800173708e-05,0.0007167964711558343,2.302585092994046,0.00015163002274450342,160.0,0.0,0.0,0.0,0.0038893044128646224,0.021680780674559415,5.209486152841421,0.00022744660174100036
pg-2021 43,staphylococcus auricularis,0.005817680510080993,0.061851264732235164,6.739336627357174,0.00015163002274450342,6.203858800173708e-05,0.0007167964711558343,2.302585092994046,0.00015163002274450342,160.0,0.0,0.0,0.0,0.003869505729433898,0.021546340244816387,5.204006687076795,0.00022744660174100036
pg-2021 46,staphylococcus auricularis,0.009290373591618897,0.09088795368411262,6.684611727667927,0.00025576042223720614,9.302433749229642e-05,0.0009765397939966053,2.1972245773362196,0.00025576042223720614,160.0,0.0,0.0,0.0,0.004193864781682281,0.022372100674453034,4.8283137373023015,0.0005231584821428571
pg-2021 47,staphylococcus auricularis,0.007643312101910828,0.07783882142982118,6.996681488176539,0.00018196451691920076,0.00011199305643050131,0.0011757707247086818,2.833213344056216,0.00018196451691920076,160.0,0.0,0.0,0.0,0.0040922362461778975,0.021469989029932614,5.187385805840755,0.00029394473838918284
pg-2021 5,staphylococcus auricularis,0.009348531022590477,0.08900262410270868,6.760414691083428,0.00024939819132094293,0.00010845634089997072,0.0011385569603782177,2.3978952727983707,0.00024939819132094293,160.0,0.0,0.0,0.0,0.004120188925736107,0.02150747873692443,4.820281565605037,0.00048796356538711777
pg-2021 64,staphylococcus auricularis,0.007527834008097166,0.07647220055240465,6.977281341630747,0.00018272927252665388,0.00012652177580341328,0.0013283012502899071,2.9444389791664403,0.00018272927252665388,160.0,0.0,0.0,0.0,0.004102726839993653,0.021338570514376504,5.204006687076795,0.0002951780556199793
pg-2021 67,staphylococcus auricularis,0.008289063433606015,0.08400677789363921,6.638567789166521,0.00028241223496697947,0.00011950676299636047,0.001151372957942301,2.4849066497880004,0.00028241223496697947,160.0,0.0,0.0,0.0,0.003525543238753856,0.019189625094631513,4.653960350157523,0.0004887904066736184
pg-2021 68,staphylococcus auricularis,0.008397511203933342,0.08423330831892285,6.650279048587422,0.00028277159668069646,0.00013053694195457315,0.0013703546608372214,2.5649493574615367,0.00028277159668069646,160.0,0.0,0.0,0.0,0.0035640849897189855,0.019205165756889894,4.653960350157523,0.0004894123788704363
pg-2021 74,staphylococcus auricularis,0.009049879296068666,0.08707819313915253,6.655440350367647,0.00026818404421538676,0.00010496483677967881,0.0009911149460133859,2.302585092994046,0.00026818404421538676,160.0,0.0,0.0,0.0,0.004189505289250428,0.021726564890687156,4.795790545596741,0.000524714030853185
pg-2021 76,staphylococcus auricularis,0.006383406013311912,0.06660977201500298,6.792344427470809,0.00016494667919305216,7.889829292784393e-05,0.0008964493434405009,2.4849066497880004,0.00016494667919305216,160.0,0.0,0.0,0.0,0.0032150674936154687,0.020211870041221578,4.955827057601261,0.00023666602121388155
pg-2021 8,staphylococcus auricularis,0.007530745772903632,0.07627282422750145,6.959398512133975,0.00018610111016469948,0.00012885675424153482,0.0013528119161972385,2.9444389791664403,0.00018610111016469948,160.0,0.0,0.0,0.0,0.0041776300604717724,0.02172643120337917,5.204006687076795,0.0003006291739139771
pg-2021 84,staphylococcus auricularis,0.007517200373736516,0.07674940371290458,6.968850378341948,0.00018401738256506076,0.00011325669630216887,0.0011890353950357773,2.833213344056216,0.00018401738256506076,160.0,0.0,0.0,0.0,0.004072987943955686,0.021643549995467318,5.170483995038151,0.0002972588487589443
pg-2021 86,staphylococcus auricularis,0.0071292708700246565,0.0750748423907301,6.920671504248683,0.0001831437326101504,0.00011271892127992335,0.0009157186630507519,2.833213344056216,0.0001831437326101504,160.0,0.0,0.0,0.0,0.003925372797617704,0.020573059611373366,5.1647859739235145,0.0002958517360157224
pg-2021 87,staphylococcus auricularis,0.00732310176561825,0.07519899158711724,6.942156705699469,0.00018412032971702123,8.499004908175335e-05,0.0008922754440132567,2.5649493574615367,0.00018412032971702123,160.0,0.0,0.0,0.0,0.004111381050270977,0.02139706216744736,5.176149732573829,0.0002974293605268749
pg-2021 88,staphylococcus auricularis,0.009391911676987648,0.08950142048535056,6.7650389767805414,0.00024939819132094293,0.00010845634089997072,0.0011385569603782177,2.3978952727983707,0.00024939819132094293,160.0,0.0,0.0,0.0,0.004113574796829537,0.02146969844832634,4.820281565605037,0.00048796356538711777
pg-2021 89,staphylococcus auricularis,0.005322610635924136,0.05732010502102744,5.438079308923196,0.0004646948116824276,2.3245002324500234e-05,0.0004646948116824276,0.6931471805599453,0.0004646948116824276,160.0,0.0,0.0,0.0,0.003992691344657237,0.021754847190272757,4.0943445622221,0.000766764254844556
pg-2021 9,staphylococcus auricularis,0.007221951340159561,0.0748756429823074,6.930494765951626,0.00018370923068226783,9.186694839197506e-05,0.00103159798767735,2.6390573296152584,0.00018370923068226783,160.0,0.0,0.0,0.0,0.004197004127440523,0.021756793355601697,5.204006687076795,0.0002967610649482788
pg-2021 90,staphylococcus auricularis,0.005755654480866945,0.06284134582968107,5.54907608489522,0.0004719843570898793,6.745514233035032e-05,0.00092149326860405,1.3862943611198906,0.0004719843570898793,160.0,0.0,0.0,0.0,0.00494148244473342,0.023914689550731952,4.343805421853684,0.00107882138763401
pg-2021 93,staphylococcus auricularis,0.005708498296657766,0.06194344094433834,5.517452896464707,0.00046020387031454934,6.906077348066299e-05,0.001380611610943648,1.3862943611198906,0.00046020387031454934,160.0,0.0,0.0,0.0,0.004883269783932036,0.025336191775482363,4.30406509320417,0.0009664503658704957
pg-2021 1,staphylococcus capitis,0.019415787240259063,0.17276230488856736,7.934513463882263,0.00018780779611029188,0.00038262200424362585,0.0038187585209092678,4.02535169073515,0.00018780779611029188,219.0,0.0,0.0,0.0,0.006067849590879838,0.03107963178121369,5.579729825986222,0.0004173535610692598
pg-2021 10,staphylococcus capitis,0.013341530460099072,0.12945848171386581,7.543802867501509,0.0001554462721157651,0.00016960052010826166,0.0021833135492623367,3.2188758248682006,0.0001554462721157651,219.0,0.0,0.0,0.0,0.0064954647737026465,0.03030508321477768,5.638354669333745,0.00040274715957266407
pg-2021 12,staphylococcus capitis,0.010518624720835975,0.10895920491277887,7.3310603052186325,0.00016541343019208635,6.20381603617514e-05,0.000978696128636511,2.302585092994046,0.00015162897767607915,219.0,0.0,0.0,0.0,0.00547289208140927,0.027104671496377717,5.54907608489522,0.00026880052933027316
pg-2021 14,staphylococcus capitis,0.010504911252800276,0.10878075677165897,7.329749689041512,0.00016541457026673098,6.203858800173708e-05,0.0009787028740781583,2.302585092994046,0.00015163002274450342,219.0,0.0,0.0,0.0,0.0054706699433700184,0.02709057239757808,5.54907608489522,0.00026880052933027316
pg-2021 15,staphylococcus capitis,0.01051869722557298,0.10920118547108691,7.3310603052186325,0.00016541457026673098,6.203858800173708e-05,0.0009787028740781583,2.302585092994046,0.00015163002274450342,219.0,0.0,0.0,0.0,0.00547289208140927,0.027104671496377717,5.54907608489522,0.00026880052933027316
pg-2021 16,staphylococcus capitis,0.013941375454686992,0.1322450308163684,7.58629630715272,0.0001556739621146185,0.00016984897595221583,0.0023209572533452213,3.2188758248682006,0.0001556739621146185,219.0,0.0,0.0,0.0,0.006145442130419939,0.028798653109146897,5.602118820879701,0.00040333708366060246
pg-2021 17,staphylococcus capitis,0.01406633737134027,0.13189534458615862,7.620705086838262,0.00015175448882880023,0.00013107787405485953,0.001834849728566403,2.995732273553991,0.00015175448882880023,219.0,0.0,0.0,0.0,0.006370133617436853,0.028925441436774165,5.662960480135946,0.00039318750905365977
pg-2021 18,staphylococcus capitis,0.013938010069942159,0.13282532914638012,7.568379267836522,0.00015845121143153468,0.00014406627048442282,0.0019230215205554436,3.044522437723423,0.00015845121143153468,219.0,0.0,0.0,0.0,0.0062568837438192765,0.02920024656971302,5.5909869805108565,0.0004105356409757784
pg-2021 19,staphylococcus capitis,0.01326558812899934,0.12654819601507808,7.5352967024440884,0.0001629680015871666,0.00019842254080063495,0.0023524076750843182,3.367295829986474,0.0001629680015871666,219.0,0.0,0.0,0.0,0.006498979682370686,0.030054291623578075,5.683579767338681,0.0004038772213247173
pg-2021 2,staphylococcus capitis,0.013606829432943295,0.1300352263698558,7.568379267836522,0.00015468665405736062,0.00016173947286996147,0.0021656131568030487,3.1780538303479458,0.00015468665405736062,219.0,0.0,0.0,0.0,0.006070398153491056,0.02892849917957248,5.575949103146316,0.00040078469424346616
pg-2021 22,staphylococcus capitis,0.010480712577548262,0.10876074299972276,7.321849713788356,0.00016634322151372333,6.238692370079231e-05,0.0009841973939561962,2.302585092994046,0.0001524812863875797,219.0,0.0,0.0,0.0,0.005489655766291361,0.027149416130317197,5.545177444479562,0.00027030960846692863
pg-2021 23,staphylococcus capitis,0.01883958458501416,0.17287791342158523,7.876638460975463,0.0001787923648508514,0.00018596932936598763,0.0022241770187445917,3.295836866004329,0.00017164067025681736,219.0,0.0,0.0,0.0,0.005980861244019139,0.0315742397137746,5.564520407322694,0.0003432813405136347
pg-2021 27,staphylococcus capitis,0.013690513316285163,0.1303019200336766,7.471363088187097,0.0001792966892476555,0.00014033993450803057,0.002362038993132157,2.9444389791664403,0.00016370567279133763,219.0,0.0,0.0,0.0,0.005011107093041277,0.025194870505406086,5.272999558563747,0.00030402956102808763
pg-2021 29,staphylococcus capitis,0.013690091596670595,0.13147374021433458,7.496652438168283,0.00016721137037318536,0.00019764197915637282,0.002652580375465532,3.295836866004329,0.00016721137037318536,219.0,0.0,0.0,0.0,0.006202015655087903,0.028872158467948248,5.517452896464707,0.00043323604523896387
pg-2021 31,staphylococcus capitis,0.01222171218728483,0.11679659205817598,7.4413203897176174,0.00015777508444552815,0.00018648687419308565,0.002947525441232367,3.295836866004329,0.00015777508444552815,219.0,0.0,0.0,0.0,0.004416418148291483,0.026682006239076086,5.272999558563747,0.00025818111405150713
pg-2021 33,staphylococcus capitis,0.012138779353775529,0.11623989466173322,7.409136443920128,0.00016183253275269782,0.0001912833642329537,0.003023325952789037,3.295836866004329,0.00016183253275269782,219.0,0.0,0.0,0.0,0.004416506986960789,0.026602753419055842,5.247024072160486,0.00026481881979079314
pg-2021 35,staphylococcus capitis,0.013243122376260477,0.12754141634151442,7.515889085215125,0.00016588173353623796,0.00020918389428278776,0.002538711748032859,3.4011973816621555,0.00016588173353623796,219.0,0.0,0.0,0.0,0.005643287333428179,0.028450782223452858,5.476463551931511,0.0003245558993443971
pg-2021 38,staphylococcus capitis,0.013638432220262814,0.13142121765839299,7.5595594960077,0.00015641997340860452,0.00019910686349802314,0.002495609575746372,3.367295829986474,0.00015641997340860452,219.0,0.0,0.0,0.0,0.006139857517810274,0.029195748369143744,5.572154032177765,0.0004052728125933194
pg-2021 4,staphylococcus capitis,0.014731340845990528,0.14048552144567822,7.21081845347222,0.00023949488351839756,0.0002068792804956392,0.002895710864358807,2.995732273553991,0.00023949488351839756,219.0,0.0,0.0,0.0,0.005932581187202085,0.028715147073520103,5.159055299214529,0.0005225342913128674
pg-2021 40,staphylococcus capitis,0.010450790984180317,0.1090113735783027,7.309212365692763,0.00016797900262467192,5.600044800358403e-05,0.0008538932633420823,2.1972245773362196,0.00015398075240594924,219.0,0.0,0.0,0.0,0.005501848799394128,0.02704456945045435,5.5134287461649825,0.00027296587926509185
pg-2021 41,staphylococcus capitis,0.010504911252800276,0.10902198635329795,7.329749689041512,0.00016541457026673098,6.203858800173708e-05,0.0009787028740781583,2.302585092994046,0.00015163002274450342,219.0,0.0,0.0,0.0,0.0054706699433700184,0.02709057239757808,5.54907608489522,0.00026880052933027316
pg-2021 43,staphylococcus capitis,0.010504911252800276,0.10878075677165897,7.329749689041512,0.00016541457026673098,6.203858800173708e-05,0.0009787028740781583,2.302585092994046,0.00015163002274450342,219.0,0.0,0.0,0.0,0.00547289208140927,0.027104671496377717,5.54907608489522,0.00026880052933027316
pg-2021 46,staphylococcus capitis,0.01815052963268723,0.1606640470599177,7.3537223303996315,0.0002790113697133158,0.00040698147652879684,0.0032783835941314608,3.58351893845611,0.0002790113697133158,219.0,0.0,0.0,0.0,0.008928873406162276,0.03661786478039151,5.579729825986222,0.0008021763392857143
pg-2021 47,staphylococcus capitis,0.013788759011688948,0.13237218742345241,7.58629630715272,0.00015396997585470832,0.00013999132053812665,0.0018686356160548692,3.044522437723423,0.00015396997585470832,219.0,0.0,0.0,0.0,0.006230314734349495,0.02912664830859471,5.605802066295998,0.00039892500209960527
pg-2021 5,staphylococcus capitis,0.01787282961163469,0.1608835202012535,7.407924322559599,0.00026024159094359265,0.00032536902269991215,0.0036216954739649973,3.4339872044851463,0.00026024159094359265,219.0,0.0,0.0,0.0,0.008474860148058821,0.03551992700492065,5.537334267018537,0.0007482108002602472
pg-2021 64,staphylococcus capitis,0.013825629779577148,0.1304546444861442,7.584773077612199,0.00015461707675332252,0.0001897826637051199,0.0025933500600898184,3.332204510175204,0.00015461707675332252,219.0,0.0,0.0,0.0,0.006052088763968538,0.02901780788666505,5.5909869805108565,0.00040059878976997197
pg-2021 67,staphylococcus capitis,0.014774739540896696,0.141162669447341,7.215975002651466,0.00023896419881821342,0.00019555652126677169,0.002672054223149114,2.9444389791664403,0.00023896419881821342,219.0,0.0,0.0,0.0,0.006068002305162887,0.029755439254797407,5.19295685089021,0.0005213764337851929
pg-2021 68,staphylococcus capitis,0.014739155027629116,0.14053748355030615,7.212294468500341,0.0002392682741144355,0.00020668349142807414,0.0028929709506563565,2.995732273553991,0.0002392682741144355,219.0,0.0,0.0,0.0,0.00592871830020562,0.028691252829183864,5.159055299214529,0.0005220398707951319
pg-2021 74,staphylococcus capitis,0.017469998950400595,0.157190830437723,7.312553498102598,0.00027984422005083835,0.0003382200296234095,0.003661295212331802,3.4011973816621555,0.00027984422005083835,219.0,0.0,0.0,0.0,0.008763048563348811,0.036584951208731425,5.529429087511423,0.0008045615139748837
pg-2021 76,staphylococcus capitis,0.01222171218728483,0.11679659205817598,7.4413203897176174,0.00015777508444552815,0.00018648687419308565,0.002947525441232367,3.295836866004329,0.00015777508444552815,219.0,0.0,0.0,0.0,0.004423568040861,0.026727538672931164,5.272999558563747,0.00025818111405150713
pg-2021 8,staphylococcus capitis,0.013851704439703924,0.13019204203021995,7.568379267836522,0.0001574701701393611,0.00019328513136230224,0.0026412042173374656,3.332204510175204,0.0001574701701393611,219.0,0.0,0.0,0.0,0.006116419701795688,0.02923070009885863,5.583496308781699,0.0004079967360261118
pg-2021 84,staphylococcus capitis,0.013746142303009712,0.13157950612565555,7.57198844937744,0.00015570701601658987,0.00014157087037771108,0.0018897169671104317,3.044522437723423,0.00015570701601658987,219.0,0.0,0.0,0.0,0.0061909416748126425,0.028827848789774273,5.58724865840025,0.00040342272331571013
pg-2021 86,staphylococcus capitis,0.014202183867559,0.1338639805585884,7.6093665379542115,0.00015496777374705034,0.00018316824707987546,0.0025921882154052054,3.295836866004329,0.00015496777374705034,219.0,0.0,0.0,0.0,0.006113655334220678,0.028762762103414205,5.605802066295998,0.00040151307030705184
pg-2021 87,staphylococcus capitis,0.01361218722777396,0.13099453304251762,7.56164174558878,0.0001557941251451718,0.00016289759407336058,0.0021811177520324053,3.1780538303479458,0.0001557941251451718,219.0,0.0,0.0,0.0,0.006353952532236965,0.02946928009459275,5.60947179518496,0.0004036541321436159
pg-2021 88,staphylococcus capitis,0.01790536510243257,0.1609485805989894,7.409741954080923,0.00026024159094359265,0.00032536902269991215,0.0036216954739649973,3.4339872044851463,0.00026024159094359265,219.0,0.0,0.0,0.0,0.008461255476405471,0.03545753228587229,5.537334267018537,0.0007482108002602472
pg-2021 89,staphylococcus capitis,0.012690591297880253,0.10406840307627965,6.304448802421981,0.0016961360626408606,0.0021617852161785215,0.005994563070703315,4.543294782270004,0.0016961360626408606,219.0,0.0,0.0,0.0,0.010083237463625905,0.032665133092343084,5.0106352940962555,0.0017426460337376273
pg-2021 9,staphylococcus capitis,0.013369796414463689,0.12959273076705669,7.545918151209323,0.0001554462721157651,0.00016960052010826166,0.0021833135492623367,3.2188758248682006,0.0001554462721157651,219.0,0.0,0.0,0.0,0.006492603070073737,0.03028798411122145,5.638354669333745,0.00040274715957266407
pg-2021 90,staphylococcus capitis,0.012568011151580556,0.10392646034207628,6.327936783729195,0.00092149326860405,0.0018437738903629086,0.008675521992223496,4.418840607796598,0.00092149326860405,219.0,0.0,0.0,0.0,0.01540962288686606,0.043917213528520946,5.472270673671475,0.004382711887263165
pg-2021 93,staphylococcus capitis,0.013281465795046497,0.10637612462320808,6.359573868672378,0.0020018868358682895,0.0028775322283609577,0.0068110172806553305,4.836281906951478,0.0020018868358682895,219.0,0.0,0.0,0.0,0.009365174928088835,0.029428961216137205,4.948759890378168,0.0025541902526577385
pg-2021 1,staphylococcus caprae,0.018880131340044105,0.17159372304610335,7.906547232368036,0.00016694026320914832,0.00022957320254617553,0.0032692468211791546,3.5263605246161616,0.00015302857460838598,184.0,0.0,0.0,0.0,0.0049875884894732,0.027728125837876486,5.384495062789089,0.0002712798146950189
pg-2021 10,staphylococcus caprae,0.012691413509712889,0.12419450568085467,7.493873886783559,0.00016957775139901646,0.00016253383177041743,0.001907749703238935,3.1780538303479458,0.00016251201175739076,184.0,0.0,0.0,0.0,0.004778806226366948,0.02556285707833706,5.332718793265369,0.00031795828387315585
pg-2021 12,staphylococcus caprae,0.01018087071603849,0.10379692744553418,7.298445101508147,0.00018609010896609713,8.271754714900187e-05,0.0009993728074105216,2.5649493574615367,0.00015852120393408274,184.0,0.0,0.0,0.0,0.004489481785531041,0.022961945207760848,5.351858133476067,0.00026880052933027316
pg-2021 14,staphylococcus caprae,0.010180940892641738,0.1037976428423737,7.298445101508147,0.00018609139155007236,8.271811733564945e-05,0.0009993796953614998,2.5649493574615367,0.0001585222965056172,184.0,0.0,0.0,0.0,0.004487658937920718,0.022950001040344562,5.351858133476067,0.00026880052933027316
pg-2021 15,staphylococcus caprae,0.010215405824573497,0.10415604107795162,7.301822342137932,0.00018609139155007236,8.271811733564945e-05,0.0009993796953614998,2.5649493574615367,0.0001585222965056172,184.0,0.0,0.0,0.0,0.004489481785531041,0.022961945207760848,5.351858133476067,0.00026880052933027316
pg-2021 16,staphylococcus caprae,0.012518930547888978,0.12402261518104174,7.478734825567875,0.0001698261404886747,0.00012738673196416187,0.0013373808563483134,2.9444389791664403,0.0001627500513016466,184.0,0.0,0.0,0.0,0.004574940252645954,0.024611772003278617,5.308267697401205,0.0003184240134162651
pg-2021 17,staphylococcus caprae,0.012334777449708878,0.122417586965669,7.489412083508719,0.00016555035144960026,0.00011728020310171644,0.001165750391457602,2.8903717578961645,0.00015865242013920024,184.0,0.0,0.0,0.0,0.004572291028543525,0.02458662522125804,5.332718793265369,0.00031041119135815243
pg-2021 18,staphylococcus caprae,0.012591029251813383,0.12436259399037769,7.466799475018602,0.00017285586701621964,0.00014406627048442282,0.0015124888363919219,3.044522437723423,0.00016565353922387715,184.0,0.0,0.0,0.0,0.004522766151899327,0.024086208077441155,5.267858159063328,0.00032410708498087766
pg-2021 19,staphylococcus caprae,0.012202640362252598,0.12093642830825044,7.45182223652793,0.00017005356687356519,0.0001559034249147846,0.0016367655811580647,3.1354942159291497,0.0001629680015871666,184.0,0.0,0.0,0.0,0.004502706059799485,0.024625129265770426,5.318119993844216,0.0003188504378879347
pg-2021 2,staphylococcus caprae,0.01217231098109811,0.1206344965300971,7.4570320891223805,0.0001687490771534843,0.0001687716238643076,0.0019054583295247604,3.2188758248682006,0.00016171786560542246,184.0,0.0,0.0,0.0,0.004685516445470283,0.024972465103733507,5.318119993844216,0.00031640896913957855
pg-2021 22,staphylococcus caprae,0.010189581672616365,0.10370806764624342,7.293697720601438,0.00018713612420293872,8.318256493438975e-05,0.0010049902966454117,2.5649493574615367,0.00015941225395065152,184.0,0.0,0.0,0.0,0.004477836860347463,0.022830667309587202,5.342334251964811,0.00027030960846692863
pg-2021 23,staphylococcus caprae,0.01932595199267588,0.1742510387836398,7.902117546276448,0.00017164067025681736,0.00021457999542229343,0.002932194783553963,3.4339872044851463,0.00015733728106874924,184.0,0.0,0.0,0.0,0.005267758557232241,0.028823792486583184,5.438079308923196,0.0002789160891673282
pg-2021 27,staphylococcus caprae,0.012700367991018525,0.12216340944347867,7.396335293800808,0.0001792966892476555,0.00017932324964915015,0.002401016534272952,3.1780538303479458,0.0001792966892476555,184.0,0.0,0.0,0.0,0.004959446195174872,0.025949207945687704,5.262690188904886,0.00030402956102808763
pg-2021 29,staphylococcus caprae,0.01216981490631295,0.1201261685794634,7.379008127628304,0.00018241240404347496,0.00016723552082462316,0.0020445390286539483,3.1354942159291497,0.00017481188720833016,184.0,0.0,0.0,0.0,0.004676519868957411,0.02470579635991521,5.236441962829949,0.00034202845676760304
pg-2021 31,staphylococcus caprae,0.011640750516410375,0.11407138605411686,7.392647520721623,0.00016494667919305216,9.324343709654283e-05,0.0014558337337473733,2.6390573296152584,0.00015777508444552815,184.0,0.0,0.0,0.0,0.004393653106289981,0.02396070709528972,5.267858159063328,0.00030121129972675835
pg-2021 33,staphylococcus caprae,0.011535518804072744,0.11310622834570372,7.358193752733032,0.00016918855696872954,9.564168211647686e-05,0.001493272915854439,2.6390573296152584,0.00016183253275269782,184.0,0.0,0.0,0.0,0.00443987474879656,0.024126493707119813,5.25227342804663,0.00030895528975592533
pg-2021 35,staphylococcus caprae,0.011879859778704252,0.1198098851088689,7.4073177104694174,0.00016588173353623796,0.00011541180374222773,0.0013486906161424563,2.833213344056216,0.00016588173353623796,184.0,0.0,0.0,0.0,0.004386588893631147,0.0233282569569431,5.225746673713202,0.0003245558993443971
pg-2021 38,staphylococcus caprae,0.01207406564651004,0.12059268949924279,7.4377951216719325,0.00017063997099120494,0.00015644110703416105,0.0016424097207903474,3.1354942159291497,0.0001635299721999047,184.0,0.0,0.0,0.0,0.004804086989126359,0.025660325715067742,5.327876168789581,0.00031995222046841005
pg-2021 4,staphylococcus caprae,0.01407806630736567,0.1330176355323318,7.165493475060845,0.0002503810145874156,0.00011977221502379112,0.0023949488351839754,2.4849066497880004,0.00021772262138036142,184.0,0.0,0.0,0.0,0.005966873564006722,0.029148206136113793,5.1647859739235145,0.0005225342913128674
pg-2021 40,staphylococcus caprae,0.010212795744085118,0.10446894138232721,7.286191714702382,0.0001889763779527559,7.700061600492804e-05,0.0008748906386701663,2.4849066497880004,0.00016097987751531058,184.0,0.0,0.0,0.0,0.004544037065086649,0.023171787105149284,5.3230099791384085,0.00027296587926509185
pg-2021 41,staphylococcus caprae,0.010208512838187144,0.1040457646977738,7.301147805856032,0.00018609139155007236,8.271811733564945e-05,0.0009993796953614998,2.5649493574615367,0.0001585222965056172,184.0,0.0,0.0,0.0,0.004487658937920718,0.022950001040344562,5.351858133476067,0.00026880052933027316
pg-2021 43,staphylococcus caprae,0.010174047906255385,0.10368736646219588,7.29776828253138,0.00018609139155007236,8.271811733564945e-05,0.0009993796953614998,2.5649493574615367,0.0001585222965056172,184.0,0.0,0.0,0.0,0.004489481785531041,0.022961945207760848,5.351858133476067,0.00026880052933027316
pg-2021 46,staphylococcus caprae,0.016290129414090207,0.14567881141156502,7.2456550675945355,0.0003138877909274803,0.00043023756090187094,0.0033016345416075703,3.6375861597263857,0.0003138877909274803,184.0,0.0,0.0,0.0,0.012446308384347415,0.04652080934364205,5.910796644040527,0.0008021763392857143
pg-2021 47,staphylococcus caprae,0.012612864842164204,0.12416278825629003,7.497207223203318,0.00016796724638695455,0.0001539904525919393,0.0016166847464744376,3.1354942159291497,0.00016096861112083145,184.0,0.0,0.0,0.0,0.004575028162861807,0.02451474242729532,5.298317366548036,0.0003149407911312673
pg-2021 5,staphylococcus caprae,0.01674493259730823,0.1500401205786038,7.3427791893318455,0.00029277178981154174,0.00036875155905990043,0.0028409707011342196,3.5553480614894135,0.00029277178981154174,184.0,0.0,0.0,0.0,0.01242756171909021,0.045719685860462086,5.918893854273146,0.0007482108002602472
pg-2021 64,staphylococcus caprae,0.012180892937471885,0.12076999304223154,7.458186157340487,0.0001686731746399882,0.00015463772598194955,0.0017570122358332102,3.1354942159291497,0.00016164512569665534,184.0,0.0,0.0,0.0,0.004760069814357277,0.025597457907628483,5.351858133476067,0.0003162622024499779
pg-2021 67,staphylococcus caprae,0.01395995611033254,0.1311370351060132,7.1592919047975645,0.00024982620785540496,0.00013037101417784778,0.0026068821689259644,2.5649493574615367,0.00021724018074383038,184.0,0.0,0.0,0.0,0.006305298484694397,0.031170797537934895,5.231108616854587,0.0005213764337851929
pg-2021 68,staphylococcus caprae,0.014064743506069703,0.13289177460928578,7.165493475060845,0.00025014410475600074,0.00011965886345835871,0.002392682741144355,2.4849066497880004,0.000217516612831305,184.0,0.0,0.0,0.0,0.005962988348183687,0.029123951537744643,5.1647859739235145,0.0005220398707951319
pg-2021 74,staphylococcus caprae,0.01635042625397973,0.1470231571092092,7.246368080102461,0.0003148247475571932,0.00038487106819215565,0.002821762552179287,3.5263605246161616,0.0003148247475571932,184.0,0.0,0.0,0.0,0.012882728764445066,0.047227227907925606,5.91350300563827,0.0008045615139748837
pg-2021 76,staphylococcus caprae,0.011640750516410375,0.11407138605411686,7.392647520721623,0.00016494667919305216,9.324343709654283e-05,0.0014558337337473733,2.6390573296152584,0.00015777508444552815,184.0,0.0,0.0,0.0,0.004400766143743159,0.02400159567395062,5.267858159063328,0.00030121129972675835
pg-2021 8,staphylococcus caprae,0.012097871061033402,0.12012110887630718,7.43307534889858,0.0001717856401520303,0.00015749158851743146,0.0017894337515836488,3.1354942159291497,0.0001646279051456957,184.0,0.0,0.0,0.0,0.004800812445183031,0.025748180102453493,5.342334251964811,0.00032210268633640405
pg-2021 84,staphylococcus caprae,0.012627764092981116,0.12460807836309461,7.487173694213739,0.0001698621992908253,0.00014157087037771108,0.0014862942437947216,3.044522437723423,0.0001627846076537076,184.0,0.0,0.0,0.0,0.004538472280407765,0.02422717795304143,5.278114659230517,0.0003184916236702975
pg-2021 86,staphylococcus caprae,0.012666431842197958,0.12407283485366111,7.4949862339505335,0.00016905575317860037,0.0001408986515999042,0.0014792378403127532,3.044522437723423,0.00016201176346282534,184.0,0.0,0.0,0.0,0.004399124686985359,0.023800636732901528,5.278114659230517,0.0003169840028739883
pg-2021 87,staphylococcus caprae,0.012507347889827687,0.1233818655638331,7.4770384723196965,0.0001699572274310965,0.00016289759407336058,0.001777469336883551,3.1780538303479458,0.00016287567628813415,184.0,0.0,0.0,0.0,0.00462530368155485,0.02460321069625722,5.293304824724492,0.00031867431485022306
pg-2021 88,staphylococcus caprae,0.016658171288513886,0.14953048079633927,7.337587743538596,0.00029277178981154174,0.00036875155905990043,0.0028409707011342196,3.5553480614894135,0.00029277178981154174,184.0,0.0,0.0,0.0,0.012441055483094212,0.04586708304869718,5.921578419643816,0.0007482108002602472
pg-2021 89,staphylococcus caprae,0.009785236147266643,0.09514626269197704,6.045005314036012,0.0005343990334347917,0.00020920502092050208,0.001974952949650317,2.302585092994046,0.0005343990334347917,184.0,0.0,0.0,0.0,0.008323746362590513,0.03904042063752875,4.820281565605037,0.0009061759375435662
pg-2021 9,staphylococcus caprae,0.012684347021121735,0.12408145384658865,7.493317248862145,0.00016957775139901646,0.00016253383177041743,0.001907749703238935,3.1780538303479458,0.00016251201175739076,184.0,0.0,0.0,0.0,0.004776700830125678,0.025548433691432698,5.332718793265369,0.00031795828387315585
pg-2021 90,staphylococcus caprae,0.015108593012275733,0.10630885757310139,6.511745329644728,0.001753084754905266,0.003912398255160318,0.011597329917065606,5.1647859739235145,0.001753084754905266,184.0,0.0,0.0,0.0,0.03133940182054616,0.0734477536597678,6.180016653652572,0.003303890499629155
pg-2021 93,staphylococcus caprae,0.02469846238836203,0.12731540072252007,6.97914527506881,0.0019098460618053798,0.010865561694290976,0.03053452679537035,6.159095388491933,0.0019098460618053798,184.0,0.0,0.0,0.0,0.07037260017392467,0.11115442084064185,6.959398512133975,0.009733535827695707
pg-2021 1,staphylococcus chromogenes,0.010845292836819734,0.11070921788486686,7.352441100243583,0.00015998441890876714,0.00012522174684336847,0.001314654572772043,2.9444389791664403,0.00015998441890876714,151.0,0.0,0.0,0.0,0.003953295945573228,0.021717758512825095,5.153291594497779,0.0002712798146950189
pg-2021 10,staphylococcus chromogenes,0.008536318218114236,0.08941693516477305,7.097548850614793,0.0001554462721157651,4.9466818364909656e-05,0.0007207054434458199,2.0794415416798357,0.0001483805324741394,151.0,0.0,0.0,0.0,0.003990071218131626,0.019985095860714043,5.153291594497779,0.00031795828387315585
pg-2021 12,staphylococcus chromogenes,0.006045107391987648,0.06582765299019236,6.777646593635117,0.00015162897767607915,6.20381603617514e-05,0.000978696128636511,2.302585092994046,0.00015162897767607915,151.0,0.0,0.0,0.0,0.003912262698819908,0.02065117828295445,5.214935757608986,0.0003721853483034551
pg-2021 14,staphylococcus chromogenes,0.006045149060830605,0.06582810669239782,6.777646593635117,0.00015163002274450342,6.203858800173708e-05,0.0009787028740781583,2.302585092994046,0.00015163002274450342,151.0,0.0,0.0,0.0,0.003910674217330911,0.02064043611244044,5.214935757608986,0.0003721853483034551
pg-2021 15,staphylococcus chromogenes,0.006072721006376012,0.0660624440002757,6.782192056006791,0.00015163002274450342,6.203858800173708e-05,0.0009787028740781583,2.302585092994046,0.00015163002274450342,151.0,0.0,0.0,0.0,0.003912262698819908,0.02065117828295445,5.214935757608986,0.0003721853483034551
pg-2021 16,staphylococcus chromogenes,0.008463901037464793,0.08787087552451511,7.087573705557973,0.0001627500513016466,0.0001203096912994862,0.0013303047671612853,2.8903717578961645,0.0001627500513016466,151.0,0.0,0.0,0.0,0.004370092181631956,0.02213065727387519,5.262690188904886,0.0003184240134162651
pg-2021 17,staphylococcus chromogenes,0.008167995805623775,0.08541708341668333,7.077498053569231,0.00015175448882880023,8.968486119543021e-05,0.0011381586662160019,2.6390573296152584,0.00015175448882880023,151.0,0.0,0.0,0.0,0.0041283792781994936,0.020614773561283082,5.231108616854587,0.00031041119135815243
pg-2021 18,staphylococcus chromogenes,0.008535680585468454,0.08809167122814093,7.078341579557671,0.00015845121143153468,0.00010804970286331713,0.0014764771974302095,2.772588722239781,0.00015845121143153468,151.0,0.0,0.0,0.0,0.004218123872237715,0.02120956142553823,5.198497031265826,0.00032410708498087766
pg-2021 19,staphylococcus chromogenes,0.008078403027275239,0.08136354618371454,7.039660349862076,0.00018422469744636228,0.00013464386697185942,0.0016155088852988692,2.995732273553991,0.0001629680015871666,151.0,0.0,0.0,0.0,0.0041256321533138145,0.021134953464322648,5.231108616854587,0.0003188504378879347
pg-2021 2,staphylococcus chromogenes,0.008494599459945995,0.08854404702474283,7.097548850614793,0.00015468665405736062,9.141796292649995e-05,0.0012937429248433797,2.6390573296152584,0.00014765544250929877,151.0,0.0,0.0,0.0,0.0041084824004616275,0.020566881701094653,5.187385805840755,0.00031640896913957855
pg-2021 22,staphylococcus chromogenes,0.006058295497868506,0.06607291377876351,6.774223886357614,0.0001524812863875797,6.238692370079231e-05,0.0009841973939561962,2.302585092994046,0.0001524812863875797,151.0,0.0,0.0,0.0,0.00391810725280403,0.020650328099121575,5.209486152841421,0.0003742748424926705
pg-2021 23,staphylococcus chromogenes,0.011021943753039797,0.11198838564797929,7.340835554123275,0.00017164067025681736,0.00017881666285191118,0.0018093787322906163,3.258096538021482,0.00017164067025681736,151.0,0.0,0.0,0.0,0.004186602870813397,0.022629695885509837,5.209486152841421,0.0002789160891673282
pg-2021 27,staphylococcus chromogenes,0.00834216927586852,0.08660809641484576,6.976348070447749,0.00017150118101949658,3.118665211289568e-05,0.0006236406582527148,1.6094379124341003,0.0001559101645631787,151.0,0.0,0.0,0.0,0.003952058686779976,0.020543122957002766,5.0369526024136295,0.00030402956102808763
pg-2021 29,staphylococcus chromogenes,0.008536353616358178,0.08784677358060348,7.024649030453636,0.00017481188720833016,0.00012162583332699865,0.0014212966481720758,2.833213344056216,0.00017481188720833016,151.0,0.0,0.0,0.0,0.004251381699052192,0.021294739663279976,5.14166355650266,0.00034202845676760304
pg-2021 31,staphylococcus chromogenes,0.006419267844847372,0.06957164064573039,6.79794041297493,0.00015777508444552815,7.172572084349448e-05,0.0007530174484900208,2.3978952727983707,0.00015777508444552815,151.0,0.0,0.0,0.0,0.0035285815102328866,0.0207526715192814,5.049856007249537,0.00023666602121388155
pg-2021 33,staphylococcus chromogenes,0.00631952209993526,0.06842573725752706,6.756932389247553,0.00016183253275269782,7.35705247049822e-05,0.0007723825426833305,2.3978952727983707,0.00016183253275269782,151.0,0.0,0.0,0.0,0.003481796513529934,0.020491617065745833,5.0106352940962555,0.00024275058480822704
pg-2021 35,staphylococcus chromogenes,0.008172362555720654,0.08534254577975234,7.033506484287697,0.00015145723496786943,5.7705901871113866e-05,0.0008798944126704796,2.1972245773362196,0.00015145723496786943,151.0,0.0,0.0,0.0,0.0039834969412434204,0.02009783561770271,5.1298987149230735,0.0003245558993443971
pg-2021 38,staphylococcus chromogenes,0.008433357983958133,0.08832040498553115,7.079184394609668,0.00014930997461730432,6.399863469579316e-05,0.001009619828364629,2.302585092994046,0.00014930997461730432,151.0,0.0,0.0,0.0,0.004171353580802399,0.020916016605081886,5.187385805840755,0.00031995222046841005
pg-2021 4,staphylococcus chromogenes,0.008982524906091785,0.09158502068364903,6.716594773520978,0.0002286087524493795,5.4441915919905054e-05,0.001088613106901807,1.791759469228055,0.00021772262138036142,151.0,0.0,0.0,0.0,0.0038407462021192687,0.01992071687930977,4.727387818712341,0.0004898758981058132
pg-2021 40,staphylococcus chromogenes,0.0060478790424191515,0.06585476815398075,6.762729506931879,0.00015398075240594924,5.600044800358403e-05,0.0008538932633420823,2.1972245773362196,0.00015398075240594924,151.0,0.0,0.0,0.0,0.0038312469372299195,0.01983989614885331,5.153291594497779,0.0003779527559055118
pg-2021 41,staphylococcus chromogenes,0.006072721006376012,0.0660624440002757,6.782192056006791,0.00015163002274450342,6.203858800173708e-05,0.0009787028740781583,2.302585092994046,0.00015163002274450342,151.0,0.0,0.0,0.0,0.003910674217330911,0.02064043611244044,5.214935757608986,0.0003721853483034551
pg-2021 43,staphylococcus chromogenes,0.006045149060830605,0.06582810669239782,6.777646593635117,0.00015163002274450342,6.203858800173708e-05,0.0009787028740781583,2.302585092994046,0.00015163002274450342,151.0,0.0,0.0,0.0,0.003912262698819908,0.02065117828295445,5.214935757608986,0.0003721853483034551
pg-2021 46,staphylococcus chromogenes,0.01112751880748346,0.10883768513566928,6.86484777797086,0.00025576042223720614,0.00013953650623844464,0.002127461694064033,2.5649493574615367,0.00025576042223720614,151.0,0.0,0.0,0.0,0.00723779889741942,0.028590228656028952,5.3706380281276624,0.0006626674107142857
pg-2021 47,staphylococcus chromogenes,0.008728214460698536,0.09005843860447213,7.129297548929373,0.00015396997585470832,0.00011199305643050131,0.0015746929348776988,2.833213344056216,0.00015396997585470832,151.0,0.0,0.0,0.0,0.004184196611260547,0.021156558533145273,5.209486152841421,0.0003149407911312673
pg-2021 5,staphylococcus chromogenes,0.010606570000108452,0.10476892715404133,6.88653164253051,0.00023855479169829325,0.00013014760907996485,0.001984342130944894,2.5649493574615367,0.00023855479169829325,151.0,0.0,0.0,0.0,0.006933976484775399,0.02694952259914622,5.337538079701318,0.0006180871828236825
pg-2021 64,staphylococcus chromogenes,0.008511864597390914,0.08832851911980714,7.10002716662926,0.00016164512569665534,0.0001194927882587792,0.001454806131269898,2.8903717578961645,0.00016164512569665534,151.0,0.0,0.0,0.0,0.004284062832921549,0.021448904384668007,5.247024072160486,0.0003162622024499779
pg-2021 67,staphylococcus chromogenes,0.00910384686417017,0.09228362877997914,6.732210706467206,0.0002281021897810219,5.432125590743658e-05,0.0010862009037191519,1.791759469228055,0.00021724018074383038,151.0,0.0,0.0,0.0,0.003864537780941727,0.020144169053026562,4.74493212836325,0.0004887904066736184
pg-2021 68,staphylococcus chromogenes,0.008974024278814776,0.09149836318748844,6.716594773520978,0.00022839244347287025,5.4390392481072144e-05,0.001087583064156525,1.791759469228055,0.000217516612831305,151.0,0.0,0.0,0.0,0.003838245373543523,0.019904140593795767,4.727387818712341,0.0004894123788704363
pg-2021 74,staphylococcus chromogenes,0.010426020735419315,0.10209649961521419,6.796823718274855,0.00025652386837993516,0.00012829035606405187,0.0019006086611786106,2.4849066497880004,0.00025652386837993516,151.0,0.0,0.0,0.0,0.0070872464476486405,0.027166706334364694,5.318119993844216,0.0006646377724140344
pg-2021 76,staphylococcus chromogenes,0.006419267844847372,0.06957164064573039,6.79794041297493,0.00015777508444552815,7.172572084349448e-05,0.0007530174484900208,2.3978952727983707,0.00015777508444552815,151.0,0.0,0.0,0.0,0.0035342940532652315,0.020788085634502018,5.049856007249537,0.00023666602121388155
pg-2021 8,staphylococcus chromogenes,0.008468509742723382,0.08788267040777617,7.076653815443951,0.0001646279051456957,0.00012169804567256068,0.0014816511463112613,2.8903717578961645,0.0001646279051456957,151.0,0.0,0.0,0.0,0.004339195863915432,0.02168149546149007,5.241747015059643,0.00032210268633640405
pg-2021 84,staphylococcus chromogenes,0.00859310852515643,0.08912811148622347,7.102499355774649,0.00015570701601658987,0.00010617815278328331,0.001450906285609133,2.772588722239781,0.00015570701601658987,151.0,0.0,0.0,0.0,0.004235907461713913,0.02141691596410117,5.209486152841421,0.0003184916236702975
pg-2021 86,staphylococcus chromogenes,0.008467770341669602,0.08755679216708344,7.0925737159746784,0.00016201176346282534,0.00012680878643991377,0.0014651498608812031,2.9444389791664403,0.00016201176346282534,151.0,0.0,0.0,0.0,0.004218647776750062,0.021648918651882752,5.236441962829949,0.0003169840028739883
pg-2021 87,staphylococcus chromogenes,0.008463352620806391,0.08942582783332861,7.086737934510577,0.0001557941251451718,6.3742536811315e-05,0.0010055802623006543,2.302585092994046,0.00014871257400220943,151.0,0.0,0.0,0.0,0.004088020930667165,0.020328345991177405,5.170483995038151,0.00031867431485022306
pg-2021 88,staphylococcus chromogenes,0.010584879672909865,0.10427013077139945,6.884486652042782,0.00023855479169829325,0.00013014760907996485,0.001984342130944894,2.5649493574615367,0.00023855479169829325,151.0,0.0,0.0,0.0,0.006922845389786295,0.02690218275267558,5.337538079701318,0.0006180871828236825
pg-2021 89,staphylococcus chromogenes,0.01106359241353663,0.0835753618810846,6.1675164908883415,0.0009526243639489765,0.0022547652254765226,0.00843421083203606,4.584967478670572,0.0009526243639489765,151.0,0.0,0.0,0.0,0.056642078906408606,0.13282944462701282,6.731018100482083,0.0018820577164366374
pg-2021 9,staphylococcus chromogenes,0.008522185240931929,0.08919083149624103,7.095893221097532,0.0001554462721157651,4.9466818364909656e-05,0.0007207054434458199,2.0794415416798357,0.0001483805324741394,151.0,0.0,0.0,0.0,0.003988313314473867,0.019973819626252595,5.153291594497779,0.00031795828387315585
pg-2021 90,staphylococcus chromogenes,0.010409640721255452,0.08996920863956127,6.139884552226255,0.0007192142584226733,0.0010343121823987048,0.005731238621805677,3.8501476017100584,0.0007192142584226733,151.0,0.0,0.0,0.0,0.048569570871261375,0.12026754164563352,6.617402977974478,0.0018205110916323917
pg-2021 93,staphylococcus chromogenes,0.010795506859405212,0.08127200349754941,6.152732694704104,0.0009434179341448262,0.00216390423572744,0.009158057019259532,4.553876891600541,0.0009434179341448262,151.0,0.0,0.0,0.0,0.04622382768078132,0.11602676541285,6.539585955617669,0.0018638685627502417
pg-2021 1,staphylococcus cohnii,0.019499266081851003,0.17183717759661668,7.938802248154481,0.0002086753290114354,0.0002852273122543393,0.0037213767007039313,3.7376696182833684,0.00015998441890876714,500.0,0.0,0.0,0.0,0.003953295945573228,0.02290195727947091,5.153291594497779,0.0002712798146950189
pg-2021 10,staphylococcus cohnii,0.01335566343728138,0.12693601266180543,7.544861068658458,0.0001978407099655192,0.0002544007801623925,0.0029393476909162853,3.6109179126442243,0.0001978407099655192,500.0,0.0,0.0,0.0,0.0046628157839794,0.022875595601020707,5.308267697401205,0.00031795828387315585
pg-2021 12,staphylococcus cohnii,0.010491052965342303,0.1028802613532197,7.328437352895162,0.00015162897767607915,0.00015854196536892027,0.0022537579863671766,3.1780538303479458,0.00015162897767607915,500.0,0.0,0.0,0.0,0.004104669061056952,0.02227496044633192,5.262690188904886,0.00022744660174100036
pg-2021 14,staphylococcus cohnii,0.010477339307254868,0.10276380177820663,7.327123292259293,0.00015163002274450342,0.00015854305822666142,0.0022537735198842096,3.1780538303479458,0.00015163002274450342,500.0,0.0,0.0,0.0,0.004103002457527514,0.02226337362934604,5.262690188904886,0.00022744660174100036
pg-2021 15,staphylococcus cohnii,0.010491125280027573,0.10310841546626232,7.328437352895162,0.00015163002274450342,0.00015854305822666142,0.0022537735198842096,3.1780538303479458,0.00015163002274450342,500.0,0.0,0.0,0.0,0.004104669061056952,0.02227496044633192,5.262690188904886,0.00022744660174100036
pg-2021 16,staphylococcus cohnii,0.013318613505442091,0.12604637668853177,7.5406215286571525,0.00019813049723678717,0.00021938826060494544,0.002370489877654418,3.4657359027997265,0.00019813049723678717,500.0,0.0,0.0,0.0,0.004552179355866621,0.02290600562681376,5.303304908059076,0.0003184240134162651
pg-2021 17,staphylococcus cohnii,0.013824884792626729,0.1300811886515234,7.60339933974067,0.0001931420766912003,0.00024145924168000443,0.002600520104020804,3.58351893845611,0.0001931420766912003,500.0,0.0,0.0,0.0,0.004416921915923114,0.02281656089453007,5.298317366548036,0.00031041119135815243
pg-2021 18,staphylococcus cohnii,0.013376167803556894,0.1268401947509435,7.527255919373784,0.0002016651781855896,0.00023770934629929768,0.0025640286940739245,3.5263605246161616,0.0002016651781855896,500.0,0.0,0.0,0.0,0.004452464087362032,0.022145613113855846,5.25227342804663,0.00032410708498087766
pg-2021 19,staphylococcus cohnii,0.013109689123209818,0.12438709860272652,7.523481312573497,0.00019839582801915937,0.00022676861805786852,0.0021114984553467675,3.4965075614664802,0.00019839582801915937,500.0,0.0,0.0,0.0,0.00421435542542809,0.02208290244743192,5.25227342804663,0.0003188504378879347
pg-2021 2,staphylococcus cohnii,0.013276327632763277,0.1265125893842768,7.543802867501509,0.0001968739233457317,0.00021096452983038452,0.0024820176764658317,3.4339872044851463,0.0001968739233457317,500.0,0.0,0.0,0.0,0.004431621465666474,0.021870574748814313,5.262690188904886,0.00031640896913957855
pg-2021 22,staphylococcus cohnii,0.010452985824697605,0.10270307734959801,7.319202458767849,0.0001524812863875797,0.00015943324945758036,0.0022664263931244802,3.1780538303479458,0.0001524812863875797,500.0,0.0,0.0,0.0,0.0041333878710899654,0.022432336107675213,5.262690188904886,0.00022872351485663195
pg-2021 23,staphylococcus cohnii,0.019626355391525765,0.17078246690553325,7.917536353943631,0.0002145508378210217,0.00030756466010528724,0.004248106588856229,3.784189633918261,0.00015733728106874924,500.0,0.0,0.0,0.0,0.004393632683106367,0.02455277280858676,5.2574953720277815,0.0002789160891673282
pg-2021 27,staphylococcus cohnii,0.013417638620345538,0.13296018833947879,7.451241684987676,0.0001792966892476555,0.00017152658662092623,0.0019488770570397337,3.1354942159291497,0.0001792966892476555,500.0,0.0,0.0,0.0,0.0039003977889135715,0.021322604978627105,5.0238805208462765,0.00030402956102808763
pg-2021 29,staphylococcus cohnii,0.013439245942761583,0.12712624458463176,7.478169694159785,0.0002128144713840541,0.00019764197915637282,0.0022193509158622785,3.295836866004329,0.0002128144713840541,500.0,0.0,0.0,0.0,0.004651511741315928,0.02282971517676583,5.231108616854587,0.00034202845676760304
pg-2021 31,staphylococcus cohnii,0.011820059674087675,0.11284504335229024,7.407924322559599,0.00015777508444552815,0.00011476115334959116,0.0016136088181929016,2.833213344056216,0.00015777508444552815,500.0,0.0,0.0,0.0,0.0035968766362373937,0.022389875882209784,5.0689042022202315,0.00021515092837625594
pg-2021 33,staphylococcus cohnii,0.011763580719204284,0.11183363615633023,7.3777589082278725,0.00016183253275269782,0.00011771283952797152,0.0016551054486071367,2.833213344056216,0.00016183253275269782,500.0,0.0,0.0,0.0,0.003551899799037248,0.0221727475123813,5.030437921392435,0.00022068234982566094
pg-2021 35,staphylococcus cohnii,0.012947388161975793,0.12365401397733912,7.493317248862145,0.00020194297995715924,0.00020197065654889855,0.002394466762349174,3.367295829986474,0.00020194297995715924,500.0,0.0,0.0,0.0,0.004694835680751174,0.0233282569569431,5.293304824724492,0.0003245558993443971
pg-2021 38,staphylococcus cohnii,0.013332669662665681,0.12655797848514366,7.53689712956617,0.00019907996615640576,0.00019910686349802314,0.002360519598711668,3.367295829986474,0.00019907996615640576,500.0,0.0,0.0,0.0,0.004593175853018373,0.022831987591806942,5.2832037287379885,0.00031995222046841005
pg-2021 4,staphylococcus cohnii,0.014426479394632262,0.13558676246462006,7.189922170745808,0.0002286087524493795,0.00015243736457573416,0.0024276072283910296,2.70805020110221,0.0002286087524493795,500.0,0.0,0.0,0.0,0.004355131854188814,0.023751623971484725,4.852030263919617,0.0004898758981058132
pg-2021 40,staphylococcus cohnii,0.010415791684166316,0.10239020122484689,7.305860032684009,0.00015398075240594924,0.0001540012320098561,0.0021487314085739282,3.1354942159291497,0.00015398075240594924,500.0,0.0,0.0,0.0,0.004120817926671716,0.022349632193855475,5.225746673713202,0.0002309711286089239
pg-2021 41,staphylococcus cohnii,0.010477339307254868,0.10299124681232338,7.327123292259293,0.00015163002274450342,0.00015854305822666142,0.0022537735198842096,3.1780538303479458,0.00015163002274450342,500.0,0.0,0.0,0.0,0.004103002457527514,0.02226337362934604,5.262690188904886,0.00022744660174100036
pg-2021 43,staphylococcus cohnii,0.010470446320868517,0.10265352539802881,7.326465613840322,0.00015163002274450342,0.00015854305822666142,0.0022537735198842096,3.1780538303479458,0.00015163002274450342,500.0,0.0,0.0,0.0,0.004104669061056952,0.02227496044633192,5.262690188904886,0.00022744660174100036
pg-2021 46,staphylococcus cohnii,0.017708684580770438,0.158606338208282,7.329093736246592,0.00025576042223720614,0.0002441888859172781,0.003336510962821735,3.091042453358316,0.00025576042223720614,500.0,0.0,0.0,0.0,0.004532079683430852,0.026188517848330317,4.90527477843843,0.0005231584821428571
pg-2021 47,staphylococcus cohnii,0.013571778539931406,0.12840396122756062,7.570443252057374,0.00019596178745144696,0.0002449848109417216,0.00277145956538475,3.58351893845611,0.00019596178745144696,500.0,0.0,0.0,0.0,0.004552038071591144,0.022701323124454297,5.293304824724492,0.0003149407911312673
pg-2021 5,staphylococcus cohnii,0.01805719739282267,0.16087267680163084,7.418180822726788,0.00024939819132094293,0.0002602952181599297,0.003144585890568411,3.2188758248682006,0.00024939819132094293,500.0,0.0,0.0,0.0,0.00432117375138177,0.024896535992439794,4.867534450455582,0.00048796356538711777
pg-2021 64,staphylococcus cohnii,0.013228182636077373,0.12601291755395785,7.5406215286571525,0.00019678537041331956,0.000196811651249754,0.0021997793192631795,3.367295829986474,0.00019678537041331956,500.0,0.0,0.0,0.0,0.0045333998231974065,0.02270671050599113,5.303304908059076,0.0003162622024499779
pg-2021 67,staphylococcus cohnii,0.014122912796445371,0.13452598192561696,7.170888478512505,0.0002281021897810219,0.00015209951654082243,0.002422228015293709,2.70805020110221,0.0002281021897810219,500.0,0.0,0.0,0.0,0.004508627411098681,0.02445607452025937,4.897839799950911,0.0004887904066736184
pg-2021 68,staphylococcus cohnii,0.014412826872035853,0.1354584706406952,7.189922170745808,0.00022839244347287025,0.000152293098947002,0.0024253102330690506,2.70805020110221,0.00022839244347287025,500.0,0.0,0.0,0.0,0.00435229609321453,0.02373185993875649,4.852030263919617,0.0004894123788704363
pg-2021 74,staphylococcus cohnii,0.017528310028339184,0.15867167276882535,7.315883504509785,0.00026818404421538676,0.0002682434717702903,0.0031482474755719315,3.1780538303479458,0.00026818404421538676,500.0,0.0,0.0,0.0,0.004329155465558775,0.02478664445275577,4.8283137373023015,0.000524714030853185
pg-2021 76,staphylococcus cohnii,0.011820059674087675,0.11284504335229024,7.407924322559599,0.00015777508444552815,0.00011476115334959116,0.0016136088181929016,2.833213344056216,0.00015777508444552815,500.0,0.0,0.0,0.0,0.003602699744618752,0.02242808386153096,5.0689042022202315,0.00021515092837625594
pg-2021 8,staphylococcus cohnii,0.013279024152791101,0.12661317452705265,7.526178913346146,0.00020041658017736869,0.0002004438399312764,0.0022403710569827285,3.367295829986474,0.00020041658017736869,500.0,0.0,0.0,0.0,0.004593084983612611,0.022962164105329377,5.298317366548036,0.00032210268633640405
pg-2021 84,staphylococcus cohnii,0.013547948696169201,0.12830965878930717,7.557472901614746,0.0001981725658392962,0.0002335919361232233,0.0026540968639191457,3.5263605246161616,0.0001981725658392962,500.0,0.0,0.0,0.0,0.00451519806358516,0.022618076330341765,5.272999558563747,0.0003184916236702975
pg-2021 86,staphylococcus cohnii,0.013568157802042973,0.12712992639030746,7.563719668414366,0.00019723171204170042,0.00024657264029983233,0.002521748318247455,3.58351893845611,0.00019723171204170042,500.0,0.0,0.0,0.0,0.004331445845647122,0.021736743879679436,5.262690188904886,0.0003169840028739883
pg-2021 87,staphylococcus cohnii,0.013527199586393479,0.1279353029487579,7.555381944240273,0.00019828343200294592,0.00024080513906496782,0.00279721270147013,3.5553480614894135,0.00019828343200294592,500.0,0.0,0.0,0.0,0.0045552233227434125,0.02262494883805539,5.278114659230517,0.00031867431485022306
pg-2021 88,staphylococcus cohnii,0.01810057804721984,0.16113291839257443,7.4205789054108005,0.00024939819132094293,0.0002602952181599297,0.003144585890568411,3.2188758248682006,0.00024939819132094293,500.0,0.0,0.0,0.0,0.004314236982040734,0.02485280244624443,4.867534450455582,0.00048796356538711777
pg-2021 89,staphylococcus cohnii,0.008646336928226106,0.08785055414856294,5.921578419643816,0.0004414600710983062,0.0,0.0,0.0,0.0,500.0,0.0,0.0,0.0,0.0038573458753468227,0.021229050279329607,4.060443010546419,0.000766764254844556
pg-2021 9,staphylococcus cohnii,0.013369796414463689,0.12716211633033747,7.545918151209323,0.0001978407099655192,0.0002544007801623925,0.0029393476909162853,3.6109179126442243,0.0001978407099655192,500.0,0.0,0.0,0.0,0.004660761489588648,0.022862688453552407,5.308267697401205,0.00031795828387315585
pg-2021 90,staphylococcus cohnii,0.008543549620036872,0.08333895219472726,5.942799375126701,0.0004495089115141708,4.497009488690021e-05,0.0008990178230283416,1.0986122886681098,0.0004495089115141708,500.0,0.0,0.0,0.0,0.003706111833550065,0.019813225643614336,4.060443010546419,0.0007416897039983817
pg-2021 93,staphylococcus cohnii,0.008977073934260197,0.09190271290181551,5.968707559985366,0.00046020387031454934,4.604051565377532e-05,0.0009204077406290987,1.0986122886681098,0.00046020387031454934,500.0,0.0,0.0,0.0,0.0031440230115726804,0.016695900734099916,3.871201010907891,0.0009664503658704957
pg-2021 1,staphylococcus epidermidis,0.02122449547475113,0.18286219081272084,8.023552392404348,0.00016694026320914832,0.00027131378482729833,0.0036031273475974515,3.6888794541139363,0.00015302857460838598,389.0,0.0,0.0,0.0,0.0047807299806932055,0.025382071677540443,5.342334251964811,0.00039648588301579684
pg-2021 10,staphylococcus epidermidis,0.013680721912474473,0.12839155502798033,7.5688956634069955,0.00016251201175739076,0.00010600032506766354,0.0015968571590074048,2.772588722239781,0.0001483805324741394,389.0,0.0,0.0,0.0,0.004361240633771777,0.0223787909581555,5.241747015059643,0.000381549940647787
pg-2021 12,staphylococcus epidermidis,0.010663376437177755,0.10664341689008967,7.344719054149673,0.00016541343019208635,5.514503143266792e-05,0.0009718039023785072,2.1972245773362196,0.00014473675141807554,389.0,0.0,0.0,0.0,0.0041474260304429625,0.021941876925639103,5.272999558563747,0.0003515083845088187
pg-2021 14,staphylococcus epidermidis,0.010642770980527313,0.10652009097801364,7.3427791893318455,0.00016541457026673098,5.5145411557099626e-05,0.0009718106003170446,2.1972245773362196,0.0001447377489833896,389.0,0.0,0.0,0.0,0.004145742066460092,0.021930463369467967,5.272999558563747,0.0003515083845088187
pg-2021 15,staphylococcus epidermidis,0.010718593830777183,0.10706458060514164,7.349873704738337,0.00016541457026673098,5.5145411557099626e-05,0.0009718106003170446,2.1972245773362196,0.0001447377489833896,389.0,0.0,0.0,0.0,0.0041474260304429625,0.021941876925639103,5.272999558563747,0.0003515083845088187
pg-2021 16,staphylococcus epidermidis,0.01403337437900726,0.12913155157407605,7.592870287844818,0.0001627500513016466,0.00011323265063481054,0.0018751636345624501,2.833213344056216,0.0001485978729275904,389.0,0.0,0.0,0.0,0.004415613975190622,0.02323829777807315,5.272999558563747,0.00038210881609951813
pg-2021 17,staphylococcus epidermidis,0.013935263114324347,0.129177559649861,7.611347717403621,0.00015865242013920024,0.00013797670953143108,0.0022487256071904035,3.044522437723423,0.00014485655751840024,389.0,0.0,0.0,0.0,0.004328139565854308,0.022773388593878167,5.278114659230517,0.0003724934296297829
pg-2021 18,staphylococcus epidermidis,0.013635479618811631,0.1265881132782115,7.546446273746024,0.00015845121143153468,0.00010084638933909599,0.0017429633257468814,2.70805020110221,0.00015124888363919219,389.0,0.0,0.0,0.0,0.0042649919152625785,0.022031460468939064,5.209486152841421,0.0003889285019770532
pg-2021 19,staphylococcus epidermidis,0.01359864509591332,0.1255137034832639,7.560080465021827,0.0001629680015871666,0.00012755734765755103,0.001743049060454043,2.9444389791664403,0.0001629680015871666,389.0,0.0,0.0,0.0,0.004502706059799485,0.024215787659427782,5.318119993844216,0.000361363829606326
pg-2021 2,staphylococcus epidermidis,0.013494318181818182,0.1268079002692954,7.560080465021827,0.00015468665405736062,9.845011392084611e-05,0.0015679601752177919,2.70805020110221,0.00014765544250929877,389.0,0.0,0.0,0.0,0.004339296018465089,0.022410033940974173,5.241747015059643,0.00037969076296749427
pg-2021 22,staphylococcus epidermidis,0.010667868159290194,0.10668145273080122,7.3395376954076745,0.00016634322151372333,5.5455043289593166e-05,0.0009772664263931244,2.1972245773362196,0.0001455503188245079,389.0,0.0,0.0,0.0,0.0041333878710899654,0.02180339210465628,5.262690188904886,0.0003534817956875221
pg-2021 23,staphylococcus epidermidis,0.02070637713500987,0.18246833587218492,7.971085753505607,0.00017164067025681736,0.00022888532845044633,0.0032468693456914615,3.4965075614664802,0.00015733728106874924,389.0,0.0,0.0,0.0,0.005175745307324254,0.02768336314847943,5.420534999272286,0.0004076465918599412
pg-2021 27,staphylococcus epidermidis,0.013862034553732926,0.13116722144700224,7.483806687665835,0.00018709219747581443,0.00025728987993138937,0.0036638888672346995,3.5263605246161616,0.0001792966892476555,389.0,0.0,0.0,0.0,0.004675311256909645,0.023736484787528288,5.204006687076795,0.00037419022895764635
pg-2021 29,staphylococcus epidermidis,0.01357607084489377,0.12673861822603938,7.488293515159428,0.00016721137037318536,8.361776041231158e-05,0.0012388842441286008,2.4849066497880004,0.0001596108535380406,389.0,0.0,0.0,0.0,0.004626503613674444,0.024169773164729673,5.225746673713202,0.00041043414812112365
pg-2021 31,staphylococcus epidermidis,0.012071092494835896,0.11455188290220096,7.428927194802272,0.00016494667919305216,0.0001506240137713384,0.002330768292945302,3.091042453358316,0.00015777508444552815,389.0,0.0,0.0,0.0,0.0035968766362373937,0.02141640301776588,5.0689042022202315,0.00030121129972675835
pg-2021 33,staphylococcus epidermidis,0.012094638337943617,0.11494523439971165,7.405495663199472,0.00016918855696872954,0.0001544981018804626,0.002390707870210309,3.091042453358316,0.00016183253275269782,389.0,0.0,0.0,0.0,0.0035752675608730195,0.021195874415012042,5.0369526024136295,0.00030895528975592533
pg-2021 35,staphylococcus epidermidis,0.013221483287410378,0.12632975846177147,7.51425465281641,0.00016588173353623796,7.934561507278157e-05,0.0011900211318904026,2.4849066497880004,0.00015145723496786943,389.0,0.0,0.0,0.0,0.004386588893631147,0.02235913055517098,5.225746673713202,0.0003894670792132765
pg-2021 38,staphylococcus epidermidis,0.013659764491723079,0.12845634816242082,7.561121589530238,0.00015641997340860452,9.955343174901157e-05,0.0015855297304599458,2.70805020110221,0.00014930997461730432,389.0,0.0,0.0,0.0,0.004405699287589051,0.02274075087815337,5.241747015059643,0.00038394266456209206
pg-2021 4,staphylococcus epidermidis,0.01533017583972998,0.144578706727629,7.25063551189868,0.00023949488351839756,0.00025043281323156323,0.0033529283692575657,3.1780538303479458,0.00023949488351839756,389.0,0.0,0.0,0.0,0.004320839477384177,0.023751623971484725,4.844187086458591,0.0004898758981058132
pg-2021 40,staphylococcus epidermidis,0.010660786784264315,0.10676465441819773,7.329093736246592,0.00016797900262467192,4.9000392003136025e-05,0.0008468941382327209,2.0794415416798357,0.00014698162729658793,389.0,0.0,0.0,0.0,0.004143092618167238,0.021808740804846388,5.231108616854587,0.0003569553805774278
pg-2021 41,staphylococcus epidermidis,0.010697914871618128,0.10694051967744159,7.347943823148687,0.00016541457026673098,5.5145411557099626e-05,0.0009718106003170446,2.1972245773362196,0.0001447377489833896,389.0,0.0,0.0,0.0,0.004145742066460092,0.021930463369467967,5.272999558563747,0.0003515083845088187
pg-2021 43,staphylococcus epidermidis,0.010642770980527313,0.10652009097801364,7.3427791893318455,0.00016541457026673098,5.5145411557099626e-05,0.0009718106003170446,2.1972245773362196,0.0001447377489833896,389.0,0.0,0.0,0.0,0.0041474260304429625,0.021941876925639103,5.272999558563747,0.0003515083845088187
pg-2021 46,staphylococcus epidermidis,0.016883131983768007,0.15787393336278455,7.2813856635702825,0.00030226231718942547,0.0003023290968499634,0.0025111023274198424,3.295836866004329,0.00030226231718942547,389.0,0.0,0.0,0.0,0.0041262218013325665,0.023556506004277018,4.812184355372417,0.0005231584821428571
pg-2021 47,staphylococcus epidermidis,0.01434870861622454,0.13156034573258216,7.62608275807238,0.00016096861112083145,0.00013999132053812665,0.0022815550967561324,3.044522437723423,0.00014697134058858522,389.0,0.0,0.0,0.0,0.004322137158884521,0.022320728949783958,5.241747015059643,0.0003779289493575208
pg-2021 5,staphylococcus epidermidis,0.017580010194453783,0.16164255817483897,7.3914152346753585,0.000281928390188892,0.00036875155905990043,0.003459044479625252,3.5553480614894135,0.000281928390188892,389.0,0.0,0.0,0.0,0.0046561484607912105,0.0266888258871835,4.941642422609304,0.00048796356538711777
pg-2021 64,staphylococcus epidermidis,0.01353744939271255,0.12665949805674448,7.563719668414366,0.00015461707675332252,8.434785053560885e-05,0.00128613295662991,2.5649493574615367,0.00014758902780998966,389.0,0.0,0.0,0.0,0.004488065824965433,0.02367764856455635,5.293304824724492,0.0003795146429399734
pg-2021 67,staphylococcus epidermidis,0.015404838727199643,0.1451055787278415,7.257707677160043,0.00023896419881821342,0.00021728502362974633,0.0031065345846367745,3.044522437723423,0.00023896419881821342,389.0,0.0,0.0,0.0,0.004339130140004746,0.02452190513807972,4.859812404361672,0.0004887904066736184
pg-2021 68,staphylococcus epidermidis,0.015315668102510551,0.14444190675062807,7.25063551189868,0.0002392682741144355,0.00025019580541293186,0.003349755837602097,3.1780538303479458,0.0002392682741144355,389.0,0.0,0.0,0.0,0.004318026045236463,0.02373185993875649,4.844187086458591,0.0004894123788704363
pg-2021 74,staphylococcus epidermidis,0.016863563739839296,0.15614141461253236,7.277247726631484,0.0003031645717217416,0.0003732083085499691,0.003253189058090996,3.4965075614664802,0.0003031645717217416,389.0,0.0,0.0,0.0,0.004678280906329644,0.026656693074019924,4.90527477843843,0.000524714030853185
pg-2021 76,staphylococcus epidermidis,0.012042403029607528,0.114415622601998,7.426549072397305,0.00016494667919305216,0.0001506240137713384,0.002330768292945302,3.091042453358316,0.00015777508444552815,389.0,0.0,0.0,0.0,0.003602699744618752,0.02145294978059483,5.0689042022202315,0.00030121129972675835
pg-2021 8,staphylococcus epidermidis,0.013457986742451357,0.12649149303194498,7.53955882930103,0.0001574701701393611,8.590450282768988e-05,0.001309865506159231,2.5649493574615367,0.0001503124351330265,389.0,0.0,0.0,0.0,0.004523842496422472,0.023793475330277702,5.2832037287379885,0.00038652322360368483
pg-2021 84,staphylococcus epidermidis,0.014107137801183499,0.13025599648951455,7.597897950521784,0.0001627846076537076,0.00012741378333993997,0.0021586654493209053,2.9444389791664403,0.00014862942437947216,389.0,0.0,0.0,0.0,0.0043057301121817255,0.022210135073882694,5.225746673713202,0.00038218994840435696
pg-2021 86,staphylococcus epidermidis,0.013969707643536456,0.12813017292994752,7.592870287844818,0.00016201176346282534,0.00012680878643991377,0.0021484168633113796,2.9444389791664403,0.00014792378403127531,389.0,0.0,0.0,0.0,0.004376565073205946,0.023032165989680536,5.272999558563747,0.00038038080344878595
pg-2021 87,staphylococcus epidermidis,0.013930890882950771,0.12990397416650143,7.584773077612199,0.00016287567628813415,0.00012748507362263,0.0020253236268872334,2.9444389791664403,0.00014871257400220943,389.0,0.0,0.0,0.0,0.004298262007101476,0.022033744144799673,5.220355825078324,0.0003824091778202677
pg-2021 88,staphylococcus epidermidis,0.017536629540056612,0.16138231658389537,7.388946097618437,0.000281928390188892,0.00036875155905990043,0.003459044479625252,3.5553480614894135,0.000281928390188892,389.0,0.0,0.0,0.0,0.004648673957392729,0.02664194398360496,4.941642422609304,0.00048796356538711777
pg-2021 89,staphylococcus epidermidis,0.011993306061732985,0.09990938451172193,6.248042874508429,0.0012082065103743117,0.0020920502092050207,0.006505727363553986,4.51085950651685,0.0012082065103743117,389.0,0.0,0.0,0.0,0.00812072815862489,0.025041077883667433,4.795790545596741,0.002439704447232678
pg-2021 9,staphylococcus epidermidis,0.01369485488965678,0.12861765869651234,7.569927655242652,0.00016251201175739076,0.00010600032506766354,0.0015968571590074048,2.772588722239781,0.0001483805324741394,389.0,0.0,0.0,0.0,0.0043593192041923665,0.02236616412386025,5.241747015059643,0.000381549940647787
pg-2021 90,staphylococcus epidermidis,0.00912810827824992,0.09221675319713213,6.008813185442595,0.0007641651495740903,0.0003822458065386518,0.0012361495066639696,2.8903717578961645,0.0007641651495740903,389.0,0.0,0.0,0.0,0.004096228868660598,0.022526501766784453,4.1588830833596715,0.0007416897039983817
pg-2021 93,staphylococcus epidermidis,0.009897799465979192,0.09749418992613727,6.066108090103747,0.000736326192503279,0.0005755064456721916,0.002761223221887296,3.258096538021482,0.000736326192503279,389.0,0.0,0.0,0.0,0.004415011037527594,0.024296758266744625,4.204692619390966,0.0009664503658704957
pg-2021 1,staphylococcus equorum,0.020236662515913155,0.17647672574497092,7.975908360165538,0.00018780779611029188,0.0003269678945354621,0.003909184496814223,3.871201010907891,0.00015998441890876714,224.0,0.0,0.0,0.0,0.004550887193159879,0.026141746358030207,5.293304824724492,0.0002712798146950189
pg-2021 10,staphylococcus equorum,0.014634697872280285,0.13585297608953706,7.6362696033793735,0.0001554462721157651,0.00020493396179748285,0.0029393476909162853,3.4011973816621555,0.0001554462721157651,224.0,0.0,0.0,0.0,0.004709211960934419,0.02398211503285685,5.318119993844216,0.00031795828387315585
pg-2021 12,staphylococcus equorum,0.011462957346494251,0.11223990461158859,7.416979621381154,0.00016541343019208635,0.00016543509429800375,0.001998745614821043,3.2188758248682006,0.00016541343019208635,224.0,0.0,0.0,0.0,0.004339832392680007,0.023877924889666082,5.318119993844216,0.00022744660174100036
pg-2021 14,staphylococcus equorum,0.011463036360503187,0.1122406781997381,7.416979621381154,0.00016541457026673098,0.0001654362346712989,0.0019987593907229997,3.2188758248682006,0.00016541457026673098,224.0,0.0,0.0,0.0,0.004338070306656694,0.02386550425500926,5.318119993844216,0.00022744660174100036
pg-2021 15,staphylococcus equorum,0.01146992934688954,0.11235095457991591,7.417580402414544,0.00016541457026673098,0.0001654362346712989,0.0019987593907229997,3.2188758248682006,0.00016541457026673098,224.0,0.0,0.0,0.0,0.004361210877373012,0.02402364892996919,5.3230099791384085,0.00022744660174100036
pg-2021 16,staphylococcus equorum,0.01467029000891682,0.1390593047034765,7.637234388789473,0.0001627500513016466,0.0002406193825989724,0.003247924936845904,3.5553480614894135,0.0001627500513016466,224.0,0.0,0.0,0.0,0.0046204620462046205,0.023548437119248578,5.318119993844216,0.0003184240134162651
pg-2021 17,staphylococcus equorum,0.014225006208780595,0.13617895992991702,7.631916513071252,0.00015865242013920024,0.00020006622882057508,0.002559132516158404,3.4011973816621555,0.00015865242013920024,224.0,0.0,0.0,0.0,0.004594486616060727,0.023960626861805466,5.337538079701318,0.00031041119135815243
pg-2021 18,staphylococcus equorum,0.014615102031996197,0.13783094696205814,7.615791072035833,0.00016565353922387715,0.00023770934629929768,0.003161821900838351,3.5263605246161616,0.00016565353922387715,224.0,0.0,0.0,0.0,0.004499332130386896,0.023081664802173465,5.262690188904886,0.00032410708498087766
pg-2021 19,staphylococcus equorum,0.013910443107492364,0.13140180823626108,7.582738488914411,0.0001629680015871666,0.00020550906011494334,0.002763370461695434,3.4011973816621555,0.0001629680015871666,224.0,0.0,0.0,0.0,0.004879779966285157,0.025659255429162357,5.3981627015177525,0.0003188504378879347
pg-2021 2,staphylococcus equorum,0.014513951395139514,0.135857069531651,7.632885505395133,0.00015468665405736062,0.00020393237883603837,0.0029249840039937284,3.4011973816621555,0.00015468665405736062,224.0,0.0,0.0,0.0,0.004316214656664743,0.021982962080514284,5.236441962829949,0.00031640896913957855
pg-2021 22,staphylococcus equorum,0.011506602433022563,0.1125381203215969,7.415175109613295,0.00016634322151372333,0.0001663651298687795,0.0020099805932908233,3.2188758248682006,0.00016634322151372333,224.0,0.0,0.0,0.0,0.004370196551204495,0.024046625715423802,5.318119993844216,0.00022872351485663195
pg-2021 23,staphylococcus equorum,0.019619202929648385,0.173035250702654,7.917171988845776,0.00019309575403891953,0.00025034332799267565,0.0035257854348587896,3.58351893845611,0.0001644889756627833,224.0,0.0,0.0,0.0,0.004991718807508282,0.028398926654740607,5.384495062789089,0.0002789160891673282
pg-2021 27,staphylococcus equorum,0.014345412586540261,0.13798049563841314,7.518064181233078,0.00020268321393213231,0.00020271323873382192,0.0021281737462873892,3.295836866004329,0.00020268321393213231,224.0,0.0,0.0,0.0,0.004055380482512786,0.023133014835302994,5.062595033026967,0.00030402956102808763
pg-2021 29,staphylococcus equorum,0.014784690813728098,0.13763015885080185,7.57353126274595,0.00016721137037318536,0.00022044682290518506,0.0033062248232879838,3.4011973816621555,0.00016721137037318536,224.0,0.0,0.0,0.0,0.00437642233725961,0.02219623321881929,5.170483995038151,0.00034202845676760304
pg-2021 31,staphylococcus equorum,0.012185850355749369,0.11868989307152232,7.438383530044307,0.00015060348969800415,7.172572084349448e-05,0.0014343189495048014,2.3978952727983707,0.00014343189495048014,224.0,0.0,0.0,0.0,0.004120472602271951,0.02488993119316799,5.204006687076795,0.00019363583553863036
pg-2021 33,staphylococcus equorum,0.012057854158083692,0.11754191094797084,7.402451520818244,0.0001544765085366661,7.35705247049822e-05,0.0014712048432063438,2.3978952727983707,0.0001471204843206344,224.0,0.0,0.0,0.0,0.004182829368603075,0.025239674678540595,5.19295685089021,0.00019861411484309484
pg-2021 35,staphylococcus equorum,0.014108685930264429,0.13212840688625563,7.579167967396076,0.0001586694842520537,0.00018033094334723085,0.002509862750896122,3.258096538021482,0.0001586694842520537,224.0,0.0,0.0,0.0,0.004671124389434248,0.023743596843416863,5.288267030694535,0.0003245558993443971
pg-2021 38,staphylococcus equorum,0.014733488821889755,0.13811172652100648,7.636752112435779,0.00015641997340860452,0.00020621782290866685,0.0029577594971808853,3.4011973816621555,0.00015641997340860452,224.0,0.0,0.0,0.0,0.00421822272215973,0.02160029195748369,5.198497031265826,0.00031995222046841005
pg-2021 4,staphylococcus equorum,0.016310087647667264,0.15304811669932505,7.312553498102598,0.0002612671456564337,0.0002068792804956392,0.002275201393424777,2.995732273553991,0.0002612671456564337,224.0,0.0,0.0,0.0,0.005109564143890813,0.02658316399613578,5.0106352940962555,0.0004898758981058132
pg-2021 40,staphylococcus equorum,0.011430771384572309,0.11187401574803149,7.3987862754199485,0.00016797900262467192,0.00016800134401075207,0.002029746281714786,3.2188758248682006,0.00016797900262467192,224.0,0.0,0.0,0.0,0.004388114224617989,0.024167027260926007,5.288267030694535,0.0002309711286089239
pg-2021 41,staphylococcus equorum,0.011463036360503187,0.1122406781997381,7.416979621381154,0.00016541457026673098,0.0001654362346712989,0.0019987593907229997,3.2188758248682006,0.00016541457026673098,224.0,0.0,0.0,0.0,0.004380809915589272,0.02415680073240257,5.327876168789581,0.00022744660174100036
pg-2021 43,staphylococcus equorum,0.011456143374116837,0.11213040181956027,7.416378479192928,0.00016541457026673098,0.0001654362346712989,0.0019987593907229997,3.2188758248682006,0.00016541457026673098,224.0,0.0,0.0,0.0,0.004339832392680007,0.023877924889666082,5.318119993844216,0.00022744660174100036
pg-2021 46,staphylococcus equorum,0.018336569654546934,0.1615592085377479,7.363913501405819,0.00029063684345137064,0.000220932801544204,0.0026506080122765,2.995732273553991,0.00025576042223720614,224.0,0.0,0.0,0.0,0.005039402036053709,0.028919230136535613,5.0106352940962555,0.0005231584821428571
pg-2021 47,staphylococcus equorum,0.014810667039966403,0.14023165482730868,7.6577552711348655,0.00015396997585470832,0.0001959878487533773,0.00277145956538475,3.367295829986474,0.00015396997585470832,224.0,0.0,0.0,0.0,0.00450605788904982,0.02272371101708196,5.2832037287379885,0.0003149407911312673
pg-2021 5,staphylococcus equorum,0.019011571789560446,0.16584979722842705,7.469654172932128,0.00029277178981154174,0.00035790592496990335,0.004087961657738935,3.5263605246161616,0.00024939819132094293,224.0,0.0,0.0,0.0,0.004957625699259706,0.02857887704891322,5.003946305945459,0.00048796356538711777
pg-2021 64,staphylococcus equorum,0.014619883040935672,0.1375389178210237,7.640603826393634,0.00016164512569665534,0.0002460145640621925,0.003366435443856431,3.58351893845611,0.00016164512569665534,224.0,0.0,0.0,0.0,0.004329396831153524,0.02230950857294172,5.2574953720277815,0.0003162622024499779
pg-2021 67,staphylococcus equorum,0.01614357570424448,0.15168795620437955,7.304515946460155,0.00026068821689259646,0.00018469227008528438,0.0020420576989920057,2.8903717578961645,0.00026068821689259646,224.0,0.0,0.0,0.0,0.004983219770161701,0.026003094039037555,4.997212273764115,0.0004887904066736184
pg-2021 68,staphylococcus equorum,0.016305530174476786,0.15307731628003088,7.313220387090301,0.00026101993539756597,0.00020668349142807414,0.0022730486040871373,2.995732273553991,0.00026101993539756597,224.0,0.0,0.0,0.0,0.005106237148732008,0.026561043802423114,5.0106352940962555,0.0004894123788704363
pg-2021 74,staphylococcus equorum,0.018682869371523202,0.16481658543410835,7.3796321526095525,0.0003148247475571932,0.0003732083085499691,0.00416268277325622,3.4965075614664802,0.00026818404421538676,224.0,0.0,0.0,0.0,0.0050623188911776,0.028900751419536908,4.983606621708336,0.000524714030853185
pg-2021 76,staphylococcus equorum,0.012185850355749369,0.11868989307152232,7.438383530044307,0.00015060348969800415,7.172572084349448e-05,0.0014343189495048014,2.3978952727983707,0.00014343189495048014,224.0,0.0,0.0,0.0,0.004127143378329077,0.024932405478480565,5.204006687076795,0.00019363583553863036
pg-2021 8,staphylococcus equorum,0.014560396294758544,0.13695610161120614,7.618251097876695,0.0001646279051456957,0.0002505547999140955,0.003428555068034271,3.58351893845611,0.0001646279051456957,224.0,0.0,0.0,0.0,0.004385357522042192,0.02255774242832749,5.25227342804663,0.00032210268633640405
pg-2021 84,staphylococcus equorum,0.014645091876893456,0.13852970111330518,7.635303886259415,0.00015570701601658987,0.00019819921852879551,0.002802726288298618,3.367295829986474,0.00015570701601658987,224.0,0.0,0.0,0.0,0.004561746497230368,0.02300335418366422,5.2832037287379885,0.0003184916236702975
pg-2021 86,staphylococcus equorum,0.014526241634378302,0.13793540661430634,7.631916513071252,0.00016201176346282534,0.0002183929099798515,0.0029443877011939563,3.4657359027997265,0.00016201176346282534,224.0,0.0,0.0,0.0,0.004602161211000068,0.023624986277308156,5.3230099791384085,0.0003169840028739883
pg-2021 87,staphylococcus equorum,0.014547051282959269,0.13675183412174602,7.628031126930335,0.0001557941251451718,0.00019831011452409113,0.0028042942526130925,3.367295829986474,0.0001557941251451718,224.0,0.0,0.0,0.0,0.004461782844328163,0.02276138069034517,5.2574953720277815,0.00031867431485022306
pg-2021 88,staphylococcus equorum,0.01906579760755691,0.1661425690182386,7.472500744737558,0.00029277178981154174,0.00035790592496990335,0.004087961657738935,3.5263605246161616,0.00024939819132094293,224.0,0.0,0.0,0.0,0.005016554630279924,0.028788913828437592,5.017279836814924,0.00048796356538711777
pg-2021 89,staphylococcus equorum,0.009041465228709557,0.09154487790143823,5.966146739123692,0.0005576337740189131,0.00016271501627150163,0.0019284834684820745,2.0794415416798357,0.0005111642928506703,224.0,0.0,0.0,0.0,0.004669418691209312,0.026618468616496877,4.248495242049359,0.000766764254844556
pg-2021 9,staphylococcus equorum,0.014599365429324515,0.1357045955570629,7.633853559681768,0.0001554462721157651,0.00020493396179748285,0.0029393476909162853,3.4011973816621555,0.0001554462721157651,224.0,0.0,0.0,0.0,0.004707137225803459,0.023968583551503116,5.318119993844216,0.00031795828387315585
pg-2021 90,staphylococcus equorum,0.009937497189621836,0.10437596925359045,6.093569770045136,0.0006293124761198391,0.0003147906642083015,0.002876857033690693,2.70805020110221,0.0006293124761198391,224.0,0.0,0.0,0.0,0.0068920676202860855,0.027385159010600707,4.672828834461906,0.0011462477243611355
pg-2021 93,staphylococcus equorum,0.01035816223183869,0.10766469546008882,6.111467339502679,0.0005522446443774592,9.208103130755064e-05,0.0014036218044593755,1.6094379124341003,0.0004832140638302768,224.0,0.0,0.0,0.0,0.0032778112248310924,0.019034626128759825,3.912023005428146,0.0009664503658704957
pg-2021 1,staphylococcus fleuretti,0.022483634668762912,0.19756684566372668,8.081165777725433,0.0001808519518099107,0.0002852273122543393,0.0035822598146963078,3.7376696182833684,0.0001808519518099107,500.0,0.0,0.0,0.0,0.00413717017559989,0.024421306640450443,5.198497031265826,0.0002712798146950189
pg-2021 10,staphylococcus fleuretti,0.015772402535456108,0.148161494545249,7.711101251840158,0.0001554462721157651,0.00016253383177041743,0.0024447459160024873,3.1780538303479458,0.0001483805324741394,500.0,0.0,0.0,0.0,0.005057183288097061,0.02718876318225956,5.389071729816501,0.00031795828387315585
pg-2021 12,staphylococcus fleuretti,0.012138465356089222,0.11894604076062609,7.474204806496124,0.00015162897767607915,0.0001309694496525863,0.0015714275868248203,2.995732273553991,0.00015162897767607915,500.0,0.0,0.0,0.0,0.005451513596716265,0.025584977933216756,5.545177444479562,0.0003928623120980915
pg-2021 14,staphylococcus fleuretti,0.012124763053592969,0.11874698463022951,7.473069088032197,0.00015163002274450342,0.0001309703524481116,0.0015714384175339444,2.995732273553991,0.00015163002274450342,500.0,0.0,0.0,0.0,0.005449300138903729,0.025571669336884376,5.545177444479562,0.0003928623120980915
pg-2021 15,staphylococcus fleuretti,0.012152334999138377,0.11880901509407954,7.475339236566737,0.00015163002274450342,0.00013786352889274907,0.0017092838927562203,3.044522437723423,0.00015163002274450342,500.0,0.0,0.0,0.0,0.00543013511202326,0.025439253892913648,5.541263545158426,0.0003928623120980915
pg-2021 16,staphylococcus fleuretti,0.016474884293660567,0.15126555855109997,7.753194269884341,0.0001556739621146185,0.00021938826060494544,0.0030427183504220887,3.4657359027997265,0.0001556739621146185,500.0,0.0,0.0,0.0,0.004870831910777284,0.026472608050331185,5.3706380281276624,0.0003184240134162651
pg-2021 17,staphylococcus fleuretti,0.01710174121802478,0.15477578274275544,7.8160138391590275,0.00015175448882880023,0.00025525691263314753,0.0034834553117520056,3.6375861597263857,0.00015175448882880023,500.0,0.0,0.0,0.0,0.005149376303990766,0.02849371843025515,5.4510384535657,0.00031041119135815243
pg-2021 18,staphylococcus fleuretti,0.016423081632800065,0.1519979257295958,7.732369222284388,0.00015845121143153468,0.00018008283810552856,0.002643254299789692,3.258096538021482,0.00015845121143153468,500.0,0.0,0.0,0.0,0.004874276474585803,0.0266888883815438,5.342334251964811,0.00032410708498087766
pg-2021 19,staphylococcus fleuretti,0.016057597596320784,0.14667828699373636,7.726212650507529,0.00015588243630076807,0.00019842254080063495,0.0025720601989626733,3.367295829986474,0.00015588243630076807,500.0,0.0,0.0,0.0,0.005168130600656552,0.028136849362288868,5.455321115357702,0.0003188504378879347
pg-2021 2,staphylococcus fleuretti,0.01592737398739874,0.1505804265132925,7.725771441587952,0.00015468665405736062,0.000140643019886923,0.002144519522158863,3.044522437723423,0.00014765544250929877,500.0,0.0,0.0,0.0,0.00482400461627236,0.02638854548315314,5.3471075307174685,0.00031640896913957855
pg-2021 22,staphylococcus fleuretti,0.012102727619311684,0.11859578597172166,7.465655310134056,0.0001524812863875797,0.00013170572781278378,0.0015802606043803715,2.995732273553991,0.0001524812863875797,500.0,0.0,0.0,0.0,0.005446599642634174,0.025472232122266715,5.537334267018537,0.0003950678892978188
pg-2021 23,staphylococcus fleuretti,0.022709066460675765,0.19762992841153712,8.063377822367027,0.00018594405944488546,0.0003290226596475166,0.004126527780757651,3.8501476017100584,0.00018594405944488546,500.0,0.0,0.0,0.0,0.004692675745307324,0.027638640429338102,5.3230099791384085,0.0002789160891673282
pg-2021 27,staphylococcus fleuretti,0.016013846441713966,0.1527997567801433,7.628031126930335,0.00016370567279133763,8.576329331046312e-05,0.0015668971538599459,2.4849066497880004,0.00016370567279133763,500.0,0.0,0.0,0.0,0.00452032856331043,0.026452099572542118,5.170483995038151,0.00030402956102808763
pg-2021 29,staphylococcus fleuretti,0.01584128311352666,0.15017101162879076,7.642524134232902,0.00016721137037318536,0.0001520322916587483,0.00217374781485141,3.044522437723423,0.00016721137037318536,500.0,0.0,0.0,0.0,0.0049266011453722456,0.02670370099651585,5.288267030694535,0.00034202845676760304
pg-2021 31,staphylococcus fleuretti,0.013914390635758549,0.13224420714434268,7.57095858316901,0.00017211827394057616,0.00020800459044613398,0.0027969219515343625,3.4011973816621555,0.00016494667919305216,500.0,0.0,0.0,0.0,0.0053725499123545885,0.027920971702913782,5.4680601411351315,0.0004948471352653887
pg-2021 33,staphylococcus fleuretti,0.013882349479136013,0.13228338347689841,7.543273346705446,0.00017654458118476126,0.00021335452164444836,0.0028688494442523703,3.4011973816621555,0.00016918855696872954,500.0,0.0,0.0,0.0,0.005327849698555872,0.027715934390476624,5.43372200355424,0.0005075694045990201
pg-2021 35,staphylococcus fleuretti,0.015277196728169766,0.14485081462355665,7.6586995582682995,0.0001586694842520537,0.00012262504147611696,0.0016299683382256425,2.8903717578961645,0.00015145723496786943,500.0,0.0,0.0,0.0,0.005121638924455826,0.028450782223452858,5.37989735354046,0.0003245558993443971
pg-2021 38,staphylococcus fleuretti,0.015693441037601685,0.14789508485783556,7.699842407396986,0.00015641997340860452,0.0001422191882128737,0.002168549631346563,3.044522437723423,0.00014930997461730432,500.0,0.0,0.0,0.0,0.004710348706411699,0.026002463391268646,5.308267697401205,0.00031995222046841005
pg-2021 4,staphylococcus fleuretti,0.0171484566389025,0.15726104942303507,7.362645270417825,0.00028303940779446986,0.00027220957959952526,0.003374700631395602,3.258096538021482,0.0002503810145874156,500.0,0.0,0.0,0.0,0.005212441274304722,0.025250674572770578,5.030437921392435,0.0007511430437622469
pg-2021 40,staphylococcus fleuretti,0.012081758364832704,0.11840419947506561,7.454141078146678,0.00015398075240594924,0.00014000112000896008,0.0017357830271216097,3.044522437723423,0.00015398075240594924,500.0,0.0,0.0,0.0,0.005457299416403083,0.02537862397230636,5.5053315359323625,0.0003989501312335958
pg-2021 41,staphylococcus fleuretti,0.012138549026365674,0.11860913915500723,7.474204806496124,0.00015163002274450342,0.00013786352889274907,0.0017092838927562203,3.044522437723423,0.00015163002274450342,500.0,0.0,0.0,0.0,0.00542793033443744,0.02542602109818772,5.541263545158426,0.0003928623120980915
pg-2021 43,staphylococcus fleuretti,0.012124763053592969,0.11874698463022951,7.473069088032197,0.00015163002274450342,0.0001309703524481116,0.0015714384175339444,2.995732273553991,0.00015163002274450342,500.0,0.0,0.0,0.0,0.005451513596716265,0.025584977933216756,5.545177444479562,0.0003928623120980915
pg-2021 46,staphylococcus fleuretti,0.020464402404567282,0.1807644911530145,7.473637108496206,0.0002790113697133158,0.0002790730124768893,0.003592271385058941,3.2188758248682006,0.00026738589597526097,500.0,0.0,0.0,0.0,0.00514086650657828,0.029610133245599607,5.030437921392435,0.0005231584821428571
pg-2021 47,staphylococcus fleuretti,0.01654651081402674,0.15224131294397591,7.768533300926033,0.00015396997585470832,0.00018898828272647097,0.002715470483255765,3.332204510175204,0.00015396997585470832,500.0,0.0,0.0,0.0,0.004827919166839092,0.02626099805225334,5.351858133476067,0.0003149407911312673
pg-2021 5,staphylococcus fleuretti,0.02004186233149327,0.17470885472013187,7.522400231387125,0.00026024159094359265,0.0002602952181599297,0.003144585890568411,3.2188758248682006,0.00024939819132094293,500.0,0.0,0.0,0.0,0.004857133286436874,0.0281552448919738,4.983606621708336,0.00048796356538711777
pg-2021 64,staphylococcus fleuretti,0.016215418353576247,0.15127172545629608,7.744136627627991,0.00015461707675332252,0.0001686957010712177,0.002438732983336496,3.2188758248682006,0.00015461707675332252,500.0,0.0,0.0,0.0,0.004873404809937212,0.026833197254893307,5.375278407684165,0.0003162622024499779
pg-2021 67,staphylococcus fleuretti,0.016621581983508785,0.15219847062912756,7.333676395657684,0.00028241223496697947,0.00021728502362974633,0.0029001564129301355,3.044522437723423,0.00024982620785540496,500.0,0.0,0.0,0.0,0.00522051594969321,0.025608110332115467,5.043425116919247,0.0007494786235662148
pg-2021 68,staphylococcus fleuretti,0.01713222816864639,0.1571122494480516,7.362645270417825,0.00028277159668069646,0.00027195196240536074,0.0033715074988852275,3.258096538021482,0.00025014410475600074,500.0,0.0,0.0,0.0,0.005243317340644277,0.0254626547729996,5.0369526024136295,0.0007504323142680022
pg-2021 74,staphylococcus fleuretti,0.019149357995031896,0.17026188754926425,7.404279118037268,0.00027984422005083835,0.00023325519284373068,0.002670180266318416,3.044522437723423,0.00026818404421538676,500.0,0.0,0.0,0.0,0.004887756170792166,0.028288735507123186,4.948759890378168,0.000524714030853185
pg-2021 76,staphylococcus fleuretti,0.013914390635758549,0.13224420714434268,7.57095858316901,0.00017211827394057616,0.00020800459044613398,0.0027969219515343625,3.4011973816621555,0.00016494667919305216,500.0,0.0,0.0,0.0,0.005381247719810288,0.02796861841230442,5.4680601411351315,0.0004948471352653887
pg-2021 8,staphylococcus fleuretti,0.016221169126805733,0.15135746444395135,7.726212650507529,0.0001574701701393611,0.00017180900565537976,0.002483734047198105,3.2188758248682006,0.0001574701701393611,500.0,0.0,0.0,0.0,0.004939297419563311,0.027163655971960098,5.3706380281276624,0.00032210268633640405
pg-2021 84,staphylococcus fleuretti,0.016407599309153715,0.1512764436517542,7.7488913372555315,0.00015570701601658987,0.00019112067500990997,0.002746105555201676,3.332204510175204,0.00015570701601658987,500.0,0.0,0.0,0.0,0.00486431131592422,0.026425528057293084,5.3471075307174685,0.0003184916236702975
pg-2021 86,staphylococcus fleuretti,0.016808735470235998,0.15417180290916777,7.77779262633883,0.00015496777374705034,0.00021134797739985628,0.002888035783467756,3.4339872044851463,0.00015496777374705034,500.0,0.0,0.0,0.0,0.004895436190132425,0.026698869250192117,5.384495062789089,0.0003169840028739883
pg-2021 87,staphylococcus fleuretti,0.016055581917462834,0.15075206073138261,7.7266536648476425,0.0001557941251451718,0.00015581508998321447,0.0023085856726057278,3.1354942159291497,0.00014871257400220943,500.0,0.0,0.0,0.0,0.004718744159970099,0.025580972304333986,5.313205979041787,0.00031867431485022306
pg-2021 88,staphylococcus fleuretti,0.020020172004294685,0.1745678905250374,7.52131798019924,0.00026024159094359265,0.0002602952181599297,0.003144585890568411,3.2188758248682006,0.00024939819132094293,500.0,0.0,0.0,0.0,0.004849336142603926,0.02810578705962721,4.983606621708336,0.00048796356538711777
pg-2021 89,staphylococcus fleuretti,0.01001766455931573,0.10088524361625502,6.068425588244111,0.0006041032551871558,0.00018596001859600187,0.0010687980668695834,2.1972245773362196,0.0006041032551871558,500.0,0.0,0.0,0.0,0.005684509711037423,0.028853105488005258,4.442651256490317,0.000766764254844556
pg-2021 9,staphylococcus fleuretti,0.015758269558273797,0.14793539087671698,7.7102051944325325,0.0001554462721157651,0.00016253383177041743,0.0024447459160024873,3.1780538303479458,0.0001483805324741394,500.0,0.0,0.0,0.0,0.005054955247414553,0.02717342240678884,5.389071729816501,0.00031795828387315585
pg-2021 90,staphylococcus fleuretti,0.010656953999730203,0.10430854291686333,6.163314804034641,0.0004495089115141708,2.2485047443450104e-05,0.0004495089115141708,0.6931471805599453,0.0004495089115141708,500.0,0.0,0.0,0.0,0.005916775032509753,0.026375567895002523,4.5217885770490405,0.000876542377452633
pg-2021 93,staphylococcus fleuretti,0.01102568824233496,0.11054096964955475,6.173786103901937,0.0004832140638302768,0.00011510128913443831,0.0018638256747739248,1.791759469228055,0.0004832140638302768,500.0,0.0,0.0,0.0,0.006756304769549803,0.031247969856428248,4.624972813284271,0.000897418196879746
pg-2021 1,staphylococcus haemolyticus,0.020556664742015597,0.18381514148187306,7.991592282068092,0.00018780779611029188,0.0003339246582489826,0.003547480593194402,3.8918202981106265,0.00018780779611029188,500.0,0.0,0.0,0.0,0.00549324262204652,0.029158101707033694,5.480638923341991,0.0002712798146950189
pg-2021 10,staphylococcus haemolyticus,0.014069378784987952,0.13215759425696683,7.596894438144544,0.00016957775139901646,0.00021906733847317132,0.0027697699395172687,3.4657359027997265,0.00016957775139901646,500.0,0.0,0.0,0.0,0.005637135500034797,0.028543684935528307,5.497168225293202,0.00031795828387315585
pg-2021 12,staphylococcus haemolyticus,0.01053930353745623,0.1067054469264117,7.333023014386481,0.00015162897767607915,9.650380500716886e-05,0.001406014156632734,2.70805020110221,0.00015162897767607915,500.0,0.0,0.0,0.0,0.004767402086540106,0.025647431093346655,5.4116460518550396,0.00026880052933027316
pg-2021 14,staphylococcus haemolyticus,0.010539376184732035,0.10670618236956372,7.333023014386481,0.00015163002274450342,9.650447022492434e-05,0.0014060238472672134,2.70805020110221,0.00015163002274450342,500.0,0.0,0.0,0.0,0.004765466395982477,0.025634090010611513,5.4116460518550396,0.00026880052933027316
pg-2021 15,staphylococcus haemolyticus,0.01051869722557298,0.10649252188296919,7.3310603052186325,0.00015163002274450342,9.650447022492434e-05,0.0014060238472672134,2.70805020110221,0.00015163002274450342,500.0,0.0,0.0,0.0,0.004767402086540106,0.025647431093346655,5.4116460518550396,0.00026880052933027316
pg-2021 16,staphylococcus haemolyticus,0.01399091333701329,0.13081566080058873,7.589841512182657,0.0001698261404886747,0.00019815713861091845,0.0023492616100933335,3.367295829986474,0.0001698261404886747,500.0,0.0,0.0,0.0,0.005417093433481279,0.026959969872178285,5.476463551931511,0.0003184240134162651
pg-2021 17,staphylococcus haemolyticus,0.014107729241976875,0.13175738595995062,7.6236419465115715,0.00016555035144960026,0.00022076273525028974,0.002579826310089604,3.4965075614664802,0.00016555035144960026,500.0,0.0,0.0,0.0,0.005260354241576774,0.026507792600267668,5.472270673671475,0.00031041119135815243
pg-2021 18,staphylococcus haemolyticus,0.014096478401486721,0.13209069171156118,7.579678823090456,0.00017285586701621964,0.00018728615162974969,0.002513612399527527,3.295836866004329,0.00017285586701621964,500.0,0.0,0.0,0.0,0.005155484732734985,0.025730006164242824,5.3981627015177525,0.00032410708498087766
pg-2021 19,staphylococcus haemolyticus,0.013052998575649993,0.12627185896890855,7.519149957669823,0.0001629680015871666,0.00012755734765755103,0.0018776748008956154,2.9444389791664403,0.00015588243630076807,500.0,0.0,0.0,0.0,0.005190311418685121,0.026477938641847637,5.459585514144159,0.0003188504378879347
pg-2021 2,staphylococcus haemolyticus,0.014000618811881188,0.1306399105629891,7.596894438144544,0.0001687490771534843,0.00018986807684734608,0.002327331022408471,3.332204510175204,0.0001687490771534843,500.0,0.0,0.0,0.0,0.005585689555683785,0.028029400525972713,5.493061443340548,0.00031640896913957855
pg-2021 22,staphylococcus haemolyticus,0.010536166083249575,0.1067369004713058,7.327123292259293,0.0001524812863875797,9.704632575678805e-05,0.001413917382866648,2.70805020110221,0.0001524812863875797,500.0,0.0,0.0,0.0,0.004779229725947773,0.025681880123273024,5.407171771460119,0.00027030960846692863
pg-2021 23,staphylococcus haemolyticus,0.01991245386662089,0.17949323092106675,7.932003152361385,0.00019309575403891953,0.00035048065918974594,0.00379039813483805,3.912023005428146,0.00019309575403891953,500.0,0.0,0.0,0.0,0.0059578579315421425,0.031663685152057246,5.560681631015528,0.0002789160891673282
pg-2021 27,staphylococcus haemolyticus,0.014173891349092497,0.1346518136249893,7.506042178518122,0.00018709219747581443,0.00010135661936691096,0.0017306028266512836,2.6390573296152584,0.00016370567279133763,500.0,0.0,0.0,0.0,0.0039003977889135715,0.02069399044505909,5.0238805208462765,0.00030402956102808763
pg-2021 29,staphylococcus haemolyticus,0.013735699897381323,0.12803830660484913,7.4999765409521215,0.00018241240404347496,0.0001900403645734354,0.002211750399027134,3.258096538021482,0.00018241240404347496,500.0,0.0,0.0,0.0,0.0059519343786730685,0.029700557951416805,5.476463551931511,0.00034202845676760304
pg-2021 31,staphylococcus haemolyticus,0.012623364700481983,0.1170117399006017,7.473637108496206,0.0002079762476781962,0.00022234973461483288,0.0024024842404205423,3.4657359027997265,0.0002079762476781962,500.0,0.0,0.0,0.0,0.004211532770277961,0.024646562977057015,5.225746673713202,0.00025818111405150713
pg-2021 33,staphylococcus haemolyticus,0.012609616855982579,0.11701227720441655,7.44716835960004,0.00021332470226491986,0.0002280686265854448,0.0024642681123706258,3.4657359027997265,0.00021332470226491986,500.0,0.0,0.0,0.0,0.004229564892274618,0.024671725203325914,5.204006687076795,0.00026481881979079314
pg-2021 35,staphylococcus haemolyticus,0.013488365383228264,0.12689231390593783,7.534228326274089,0.00017309398282042222,0.00022361036975056625,0.0026901689830007283,3.4657359027997265,0.00017309398282042222,500.0,0.0,0.0,0.0,0.005666998624745103,0.028473856661590292,5.480638923341991,0.0003245558993443971
pg-2021 38,staphylococcus haemolyticus,0.014093520678081803,0.13223175752060123,7.592366128519796,0.00017063997099120494,0.0001706630258554484,0.0023320796035464675,3.2188758248682006,0.00017063997099120494,500.0,0.0,0.0,0.0,0.005718035245594301,0.029036084120249987,5.501258210544727,0.00031995222046841005
pg-2021 4,staphylococcus haemolyticus,0.015362839566661223,0.14086653603309385,7.252762418053187,0.0004027868495536686,0.0004246469441752594,0.0033202699760505115,3.6888794541139363,0.0004027868495536686,500.0,0.0,0.0,0.0,0.005726826926374267,0.026683100702888173,5.123963979403259,0.0005225342913128674
pg-2021 40,staphylococcus haemolyticus,0.010485790284194316,0.10621872265966754,7.312553498102598,0.00015398075240594924,9.800078400627205e-05,0.0014278215223097112,2.70805020110221,0.00015398075240594924,500.0,0.0,0.0,0.0,0.004722234597050831,0.02524881003894418,5.3612921657094255,0.00027296587926509185
pg-2021 41,staphylococcus haemolyticus,0.01051869722557298,0.10649252188296919,7.3310603052186325,0.00015163002274450342,9.650447022492434e-05,0.0014060238472672134,2.70805020110221,0.00015163002274450342,500.0,0.0,0.0,0.0,0.004765466395982477,0.025634090010611513,5.4116460518550396,0.00026880052933027316
pg-2021 43,staphylococcus haemolyticus,0.010539376184732035,0.10670618236956372,7.333023014386481,0.00015163002274450342,9.650447022492434e-05,0.0014060238472672134,2.70805020110221,0.00015163002274450342,500.0,0.0,0.0,0.0,0.004767402086540106,0.025647431093346655,5.4116460518550396,0.00026880052933027316
pg-2021 46,staphylococcus haemolyticus,0.017755194586235364,0.1592689902113511,7.331714969726466,0.00029063684345137064,0.0005465179827672414,0.005905740658931851,3.871201010907891,0.00029063684345137064,500.0,0.0,0.0,0.0,0.006764298034971421,0.030728738279322258,5.303304908059076,0.0005231584821428571
pg-2021 47,staphylococcus haemolyticus,0.014145726884580387,0.13243517514084754,7.611842399580417,0.00016796724638695455,0.00020298741478028362,0.002463519613675333,3.4011973816621555,0.00016796724638695455,500.0,0.0,0.0,0.0,0.005425661539876313,0.027335616898381355,5.4680601411351315,0.0003149407911312673
pg-2021 5,staphylococcus haemolyticus,0.018068042556421963,0.16506907245559627,7.418780882750794,0.0002710849905662423,0.000455516631779877,0.005866279195853484,3.7612001156935624,0.0002710849905662423,500.0,0.0,0.0,0.0,0.007235453723243895,0.03343435330921889,5.37989735354046,0.00048796356538711777
pg-2021 64,staphylococcus haemolyticus,0.013762370670265407,0.12946368958513427,7.580189417944541,0.0001686731746399882,0.0001897826637051199,0.0023262842002431706,3.332204510175204,0.0001686731746399882,500.0,0.0,0.0,0.0,0.005530747784300836,0.02795860273186663,5.501258210544727,0.0003162622024499779
pg-2021 67,staphylococcus haemolyticus,0.015024606459603037,0.14096715328467152,7.232733136177615,0.00024982620785540496,0.00026074202835569556,0.003562738964198818,3.2188758248682006,0.00024982620785540496,500.0,0.0,0.0,0.0,0.005593409946099867,0.026299331819229124,5.111987788356544,0.0006191345151199166
pg-2021 68,staphylococcus haemolyticus,0.015348300918069878,0.14073324850185434,7.252762418053187,0.0004024057337379142,0.0004242450613523627,0.003317128345677401,3.6888794541139363,0.0004024057337379142,500.0,0.0,0.0,0.0,0.005723098012337217,0.026660897350552524,5.123963979403259,0.0005220398707951319
pg-2021 74,staphylococcus haemolyticus,0.01736503901011114,0.16019915580326952,7.306531398939505,0.00029150439588628994,0.0004431848664030883,0.005375341060143187,3.6635616461296463,0.00029150439588628994,500.0,0.0,0.0,0.0,0.007261809168034075,0.03335486722654789,5.342334251964811,0.000524714030853185
pg-2021 76,staphylococcus haemolyticus,0.012623364700481983,0.1170117399006017,7.473637108496206,0.0002079762476781962,0.00022234973461483288,0.0024024842404205423,3.4657359027997265,0.0002079762476781962,500.0,0.0,0.0,0.0,0.0042183509668004375,0.02468862195824653,5.225746673713202,0.00025818111405150713
pg-2021 8,staphylococcus haemolyticus,0.013815911921771873,0.12979120886986523,7.565793282428515,0.0001717856401520303,0.00019328513136230224,0.002369210287096751,3.332204510175204,0.0001717856401520303,500.0,0.0,0.0,0.0,0.005562479804274569,0.027994967196908423,5.488937726156687,0.00032210268633640405
pg-2021 84,staphylococcus haemolyticus,0.014121294487386393,0.13166443722530097,7.59890045687141,0.0001698621992908253,0.00021235630556656662,0.0026328640890077924,3.4339872044851463,0.0001698621992908253,500.0,0.0,0.0,0.0,0.0053530698691989015,0.026720152298069077,5.442417710521793,0.0003184916236702975
pg-2021 86,staphylococcus haemolyticus,0.014068333920394504,0.13160990384954038,7.599901959208498,0.00016905575317860037,0.00019725811223986585,0.002338604585637305,3.367295829986474,0.00016905575317860037,500.0,0.0,0.0,0.0,0.005301509238161843,0.02674278186409046,5.4638318050256105,0.0003169840028739883
pg-2021 87,staphylococcus haemolyticus,0.014115030772608483,0.13175934056595756,7.597897950521784,0.0001699572274310965,0.00021247512270438336,0.002634337025181996,3.4339872044851463,0.0001699572274310965,500.0,0.0,0.0,0.0,0.005583068585311156,0.02824139342398472,5.480638923341991,0.00031867431485022306
pg-2021 88,staphylococcus haemolyticus,0.018068042556421963,0.16487389126238858,7.418780882750794,0.0002710849905662423,0.000455516631779877,0.005866279195853484,3.7612001156935624,0.0002710849905662423,500.0,0.0,0.0,0.0,0.00722383866760309,0.03337562213330731,5.37989735354046,0.00048796356538711777
pg-2021 89,staphylococcus haemolyticus,0.02324284120490889,0.13327447199052023,6.90875477931522,0.0009990938451172192,0.007531380753138075,0.028578730918469294,5.783825182329737,0.0009990938451172192,500.0,0.0,0.0,0.0,0.10962983014143601,0.21590535655603024,7.390798521735676,0.00425205632231981
pg-2021 9,staphylococcus haemolyticus,0.014019913364849873,0.13222118591374146,7.59337419312129,0.00016957775139901646,0.00019786727345963862,0.0024800746142106156,3.367295829986474,0.00016957775139901646,500.0,0.0,0.0,0.0,0.005634651950099708,0.028527579669585627,5.497168225293202,0.00031795828387315585
pg-2021 90,staphylococcus haemolyticus,0.0169971671388102,0.11938956689816375,6.6293632534374485,0.0009664441597554671,0.0039348833026037686,0.017171240419841322,5.170483995038151,0.0009664441597554671,500.0,0.0,0.0,0.0,0.07886866059817946,0.17869762746087833,7.101675971619444,0.004113006540354663
pg-2021 93,staphylococcus haemolyticus,0.02370868244176411,0.14328447502243494,6.93828448401696,0.0011044892887549184,0.006560773480662983,0.028417588991923422,5.655991810819852,0.0011044892887549184,500.0,0.0,0.0,0.0,0.10910428791223493,0.21743649710907556,7.397561535524052,0.004210962308435731
pg-2021 1,staphylococcus hominis,0.020716665855066818,0.1776731309646365,7.999342952713282,0.00016694026320914832,0.00020174614769209365,0.002977101360563145,3.4011973816621555,0.00015302857460838598,500.0,0.0,0.0,0.0,0.004849682816953204,0.026208776476896952,5.356586274672012,0.0002712798146950189
pg-2021 10,staphylococcus hominis,0.014662963826644901,0.1333658357356848,7.638198244285779,0.00018370923068226783,0.0002120006501353271,0.002762704199875643,3.4339872044851463,0.00018370923068226783,500.0,0.0,0.0,0.0,0.004129259748996683,0.021498091818530813,5.187385805840755,0.00031795828387315585
pg-2021 12,staphylococcus hominis,0.01103559513634233,0.10988965545760936,7.379008127628304,0.00015852120393408274,0.0001309694496525863,0.0019642844835310253,2.995732273553991,0.00015852120393408274,500.0,0.0,0.0,0.0,0.003976398152898923,0.0218169706053793,5.231108616854587,0.00022744660174100036
pg-2021 14,staphylococcus hominis,0.011008099259003963,0.109690536908126,7.37650812632622,0.0001585222965056172,0.0001309703524481116,0.0019642980219174307,2.995732273553991,0.0001585222965056172,500.0,0.0,0.0,0.0,0.003974783630729779,0.02180562202201369,5.231108616854587,0.00022744660174100036
pg-2021 15,staphylococcus hominis,0.011090815095640185,0.11027638017782067,7.383989457978509,0.0001585222965056172,0.0001309703524481116,0.0019642980219174307,2.995732273553991,0.0001585222965056172,500.0,0.0,0.0,0.0,0.003955019668205917,0.021671246565076192,5.225746673713202,0.00022744660174100036
pg-2021 16,staphylococcus hominis,0.014104142782330546,0.12931552989293876,7.597897950521784,0.00018397831886273096,0.00018400305728156715,0.0026040008208263457,3.295836866004329,0.00018397831886273096,500.0,0.0,0.0,0.0,0.004438374871969956,0.023570589929332537,5.278114659230517,0.0003184240134162651
pg-2021 17,staphylococcus hominis,0.013962857694748752,0.1285636437632354,7.613324979540639,0.00017934621407040028,0.00017936972239086042,0.002538438722227204,3.295836866004329,0.00017934621407040028,500.0,0.0,0.0,0.0,0.0043947263284059125,0.023205111600397184,5.293304824724492,0.00031041119135815243
pg-2021 18,staphylococcus hominis,0.014024447341693738,0.12926737921696294,7.5745584842024805,0.00016565353922387715,0.0001368629569602017,0.00246319610498113,2.995732273553991,0.00015124888363919219,500.0,0.0,0.0,0.0,0.003819745506526375,0.02068445925892103,5.099866427824199,0.00032410708498087766
pg-2021 19,staphylococcus hominis,0.012918358525195406,0.12426664399285775,7.508787170634276,0.00015588243630076807,0.00012755734765755103,0.0018776748008956154,2.9444389791664403,0.00015588243630076807,500.0,0.0,0.0,0.0,0.004081270517256676,0.021630472250947948,5.220355825078324,0.0003188504378879347
pg-2021 2,staphylococcus hominis,0.014499887488748874,0.13065397298608522,7.631916513071252,0.00018281150024960802,0.00021799668082473066,0.002889827946253419,3.4657359027997265,0.00018281150024960802,500.0,0.0,0.0,0.0,0.004016156953260242,0.0207691788981546,5.1647859739235145,0.00031640896913957855
pg-2021 22,staphylococcus hominis,0.01105604269919939,0.11008455780426947,7.3752557780097545,0.00015941225395065152,0.00013170572781278378,0.0019753257554754643,2.995732273553991,0.00015941225395065152,500.0,0.0,0.0,0.0,0.003982691438289811,0.021824356904756915,5.225746673713202,0.00022872351485663195
pg-2021 23,staphylococcus hominis,0.020963865762595485,0.17962196142375936,7.983440063006542,0.00024315761619715792,0.00040054932478828106,0.003933432026718731,4.04305126783455,0.00024315761619715792,500.0,0.0,0.0,0.0,0.005796834744203165,0.028868515205724508,5.53338948872752,0.0003432813405136347
pg-2021 27,staphylococcus hominis,0.014189484188860475,0.13427762923003767,7.507141079727608,0.00019488770570397337,0.00031966318415718075,0.0037262529330599706,3.7376696182833684,0.00019488770570397337,500.0,0.0,0.0,0.0,0.0038745673399803687,0.02071913502640181,5.017279836814924,0.00030402956102808763
pg-2021 29,staphylococcus hominis,0.014237391205199346,0.12958121152238353,7.535830462798367,0.00019761343771376453,0.00017483713540756058,0.002196549365356844,3.1780538303479458,0.00019761343771376453,500.0,0.0,0.0,0.0,0.004101332933203291,0.020953633993616452,5.10594547390058,0.00034202845676760304
pg-2021 31,staphylococcus hominis,0.012630537066789075,0.11931382181455691,7.474204806496124,0.00018646146343562418,0.00022952230669918232,0.003227217636385803,3.4965075614664802,0.00017928986868810017,500.0,0.0,0.0,0.0,0.0030277505861998314,0.018407486891302904,4.897839799950911,0.00021515092837625594
pg-2021 33,staphylococcus hominis,0.012528691660290742,0.11845405795075878,7.440733707389261,0.0001912566296168247,0.00023542567905594303,0.0033102108972142734,3.4965075614664802,0.00018390060540079297,500.0,0.0,0.0,0.0,0.002967705753142964,0.018083511290835567,4.852030263919617,0.00022068234982566094
pg-2021 35,staphylococcus hominis,0.013971638367547137,0.12933005416399213,7.569411792450712,0.00018751848138879072,0.00020197065654889855,0.0028055649715476765,3.367295829986474,0.00018751848138879072,500.0,0.0,0.0,0.0,0.004173187271778821,0.021228483086436847,5.176149732573829,0.0003245558993443971
pg-2021 38,staphylococcus hominis,0.014484612321519996,0.13063911779134998,7.61972421378267,0.00018485996857380533,0.0002204397417299542,0.0029222095032243843,3.4657359027997265,0.00018485996857380533,500.0,0.0,0.0,0.0,0.004124484439445069,0.02139500935176315,5.176149732573829,0.00031995222046841005
pg-2021 4,staphylococcus hominis,0.015733028471881974,0.1413237535379926,7.27655640271871,0.0002503810145874156,0.00025043281323156323,0.003559764859568909,3.1780538303479458,0.0002503810145874156,500.0,0.0,0.0,0.0,0.0039779157093378145,0.02141976748059562,4.762173934797756,0.0004898758981058132
pg-2021 40,staphylococcus hominis,0.010982780344393112,0.10973928258967629,7.358830898342354,0.00016097987751531058,0.00012600100800806406,0.0018547681539807523,2.9444389791664403,0.00016097987751531058,500.0,0.0,0.0,0.0,0.004053993852185148,0.02219818260493293,5.209486152841421,0.0002309711286089239
pg-2021 41,staphylococcus hominis,0.011063243150094779,0.11007650423874836,7.381501894506707,0.0001585222965056172,0.0001309703524481116,0.0019642980219174307,2.995732273553991,0.0001585222965056172,500.0,0.0,0.0,0.0,0.003953413826263489,0.021659973783317035,5.225746673713202,0.00022744660174100036
pg-2021 43,staphylococcus hominis,0.011008099259003963,0.109690536908126,7.37650812632622,0.0001585222965056172,0.0001309703524481116,0.0019642980219174307,2.995732273553991,0.0001585222965056172,500.0,0.0,0.0,0.0,0.003976398152898923,0.0218169706053793,5.231108616854587,0.00022744660174100036
pg-2021 46,staphylococcus hominis,0.018010999616292454,0.16003627147806274,7.346010209913293,0.00030226231718942547,0.0003953534343422598,0.0037085261224394893,3.5553480614894135,0.00030226231718942547,500.0,0.0,0.0,0.0,0.0037203639192342815,0.020562592531666393,4.709530201312334,0.0005231584821428571
pg-2021 47,staphylococcus hominis,0.014285714285714285,0.13019561185568815,7.621684998724611,0.00018196451691920076,0.0001959878487533773,0.0028554431885782273,3.367295829986474,0.00018196451691920076,500.0,0.0,0.0,0.0,0.004345127250155183,0.022634159446571295,5.247024072160486,0.0003149407911312673
pg-2021 5,staphylococcus hominis,0.0183174813192057,0.1589642384680445,7.432483807917119,0.000281928390188892,0.0003795971931498975,0.00388193706490859,3.58351893845611,0.000281928390188892,500.0,0.0,0.0,0.0,0.003751716745385723,0.02082314986802229,4.727387818712341,0.00048796356538711777
pg-2021 64,staphylococcus hominis,0.014296558704453441,0.13029299936044755,7.618251097876695,0.00018272927252665388,0.00020384063879438805,0.002607406157976484,3.4011973816621555,0.00018272927252665388,500.0,0.0,0.0,0.0,0.004284062832921549,0.02270671050599113,5.247024072160486,0.0003162622024499779
pg-2021 67,staphylococcus hominis,0.015198426924790058,0.13701338199513383,7.24422751560335,0.00023896419881821342,0.00019555652126677169,0.00329118873826903,2.9444389791664403,0.0002281021897810219,500.0,0.0,0.0,0.0,0.0038984372351605137,0.02053915275994865,4.7535901911063645,0.0004887904066736184
pg-2021 68,staphylococcus hominis,0.015718139494408912,0.14119003338880007,7.27655640271871,0.00025014410475600074,0.00025019580541293186,0.0035563966197918366,3.1780538303479458,0.00025014410475600074,500.0,0.0,0.0,0.0,0.003975325565455792,0.02140194381573692,4.762173934797756,0.0004894123788704363
pg-2021 74,staphylococcus hominis,0.017563296675102334,0.1543224271822019,7.317876198626496,0.0003031645717217416,0.0003732083085499691,0.0036962757398381566,3.4965075614664802,0.0003031645717217416,500.0,0.0,0.0,0.0,0.003840379848479559,0.021250552514365372,4.709530201312334,0.000524714030853185
pg-2021 76,staphylococcus hominis,0.012630537066789075,0.11931382181455691,7.474204806496124,0.00018646146343562418,0.00022952230669918232,0.003227217636385803,3.4965075614664802,0.00017928986868810017,500.0,0.0,0.0,0.0,0.003009850419554907,0.018283764017552412,4.890349128221754,0.00021515092837625594
pg-2021 8,staphylococcus hominis,0.014259739144129311,0.130428247285429,7.597396320212795,0.00018610111016469948,0.00020760254850025054,0.002655519687350135,3.4011973816621555,0.00018610111016469948,500.0,0.0,0.0,0.0,0.004269953376725292,0.022490338815493845,5.225746673713202,0.00032210268633640405
pg-2021 84,staphylococcus hominis,0.014241626320110988,0.12946330622615737,7.607381425639791,0.00018401738256506076,0.00019819921852879551,0.0028876573879440303,3.367295829986474,0.00018401738256506076,500.0,0.0,0.0,0.0,0.00421263324489131,0.021892847429970084,5.204006687076795,0.0003184916236702975
pg-2021 86,staphylococcus hominis,0.014392391687213808,0.13234247877998098,7.622663951323595,0.0001831437326101504,0.00019725811223986585,0.0026062761948367555,3.367295829986474,0.0001831437326101504,500.0,0.0,0.0,0.0,0.004218647776750062,0.022395433088154573,5.236441962829949,0.0003169840028739883
pg-2021 87,staphylococcus hominis,0.014702861958823487,0.13250290343596863,7.638679823876112,0.00018412032971702123,0.00021955762679452947,0.002910517519757528,3.4657359027997265,0.00018412032971702123,500.0,0.0,0.0,0.0,0.0041347411698747895,0.021488016735640547,5.181783550292085,0.00031867431485022306
pg-2021 88,staphylococcus hominis,0.018284945828407822,0.1590076120665351,7.430707082545968,0.000281928390188892,0.0003795971931498975,0.00388193706490859,3.58351893845611,0.000281928390188892,500.0,0.0,0.0,0.0,0.0037791378214775424,0.02101428060245275,4.736198448394496,0.00048796356538711777
pg-2021 89,staphylococcus hominis,0.009552807735217553,0.09342689188875206,6.021023349349527,0.0007899811798601268,0.0008135750813575082,0.004786356560329004,3.58351893845611,0.0007899811798601268,500.0,0.0,0.0,0.0,0.007444000812072816,0.02872165626026947,4.709530201312334,0.0012547051442910915
pg-2021 9,staphylococcus hominis,0.014662963826644901,0.1333658357356848,7.638198244285779,0.00018370923068226783,0.0002120006501353271,0.002762704199875643,3.4339872044851463,0.00018370923068226783,500.0,0.0,0.0,0.0,0.004127440523118304,0.02148596190304234,5.187385805840755,0.00031795828387315585
pg-2021 90,staphylococcus hominis,0.010004946265569496,0.0968691704313038,6.100318952020064,0.0005618861393927135,0.0004946710437559024,0.005056975254534421,3.1354942159291497,0.0005618861393927135,500.0,0.0,0.0,0.0,0.00942782834850455,0.03154972236244321,4.983606621708336,0.002090216438540894
pg-2021 93,staphylococcus hominis,0.009897799465979192,0.09408868128580962,6.066108090103747,0.0005982650314089142,0.00043738489871086557,0.003934743091189397,2.995732273553991,0.0005982650314089142,500.0,0.0,0.0,0.0,0.008562445648538364,0.026440589878516208,4.859812404361672,0.0014496755488057436
pg-2021 1,staphylococcus hyicus,0.012987916437679567,0.12754236109178932,7.532623618788788,0.00020171948471105422,0.00013217851055688894,0.0014537714587796666,2.995732273553991,0.00020171948471105422,449.0,0.0,0.0,0.0,0.004458950078146548,0.022209312717847887,5.272999558563747,0.0004173535610692598
pg-2021 10,staphylococcus hyicus,0.0099142834933893,0.10233310722966481,7.247080584585756,0.00016957775139901646,8.480026005413083e-05,0.0012930303544175005,2.5649493574615367,0.0001554462721157651,449.0,0.0,0.0,0.0,0.004616419607024381,0.021272271526319355,5.298317366548036,0.00031795828387315585
pg-2021 12,staphylococcus hyicus,0.0071479776117345396,0.07563529095533149,6.945051063725834,0.00014473675141807554,4.825190250358443e-05,0.0008339593772184353,2.0794415416798357,0.00014473675141807554,449.0,0.0,0.0,0.0,0.004532238754917052,0.02162961112498959,5.3612921657094255,0.0003721853483034551
pg-2021 14,staphylococcus hyicus,0.007148026882646907,0.07563581225446275,6.945051063725834,0.0001447377489833896,4.825223511246217e-05,0.0008339651250947687,2.0794415416798357,0.0001447377489833896,449.0,0.0,0.0,0.0,0.004530398546853296,0.021618360000832275,5.3612921657094255,0.0003721853483034551
pg-2021 15,staphylococcus hyicus,0.0071411338962605545,0.07542215176786822,6.9440872082295275,0.0001447377489833896,4.825223511246217e-05,0.0008339651250947687,2.0794415416798357,0.0001447377489833896,449.0,0.0,0.0,0.0,0.004532238754917052,0.02162961112498959,5.3612921657094255,0.0003721853483034551
pg-2021 16,staphylococcus hyicus,0.00995711434758609,0.10141451022848692,7.249925536717988,0.0001698261404886747,0.0001203096912994862,0.0017336418508218877,2.8903717578961645,0.0001556739621146185,449.0,0.0,0.0,0.0,0.005007397291453284,0.02266232471589021,5.3981627015177525,0.0005094784214660241
pg-2021 17,staphylococcus hyicus,0.009658103148541626,0.09856454049430576,7.244941546337007,0.00016555035144960026,0.00010348253214857332,0.0014140759186320022,2.772588722239781,0.00015175448882880023,449.0,0.0,0.0,0.0,0.0047720513161983395,0.02132711652203946,5.375278407684165,0.0004966579061730439
pg-2021 18,staphylococcus hyicus,0.009709786860094072,0.10053729365330875,7.207118856207756,0.00017285586701621964,0.00011525301638753826,0.0016205237532770592,2.833213344056216,0.00015845121143153468,449.0,0.0,0.0,0.0,0.0050148806036603944,0.022373918403689415,5.3706380281276624,0.0005185713359694043
pg-2021 19,staphylococcus hyicus,0.00952401199005081,0.09770994529943598,7.20414929203594,0.00017713913215996373,0.00011338430902893426,0.001728877929881246,2.833213344056216,0.00015588243630076807,449.0,0.0,0.0,0.0,0.004968503238399432,0.02277231988969321,5.41610040220442,0.0005101607006206955
pg-2021 2,staphylococcus hyicus,0.009690031503150315,0.10072913663753401,7.229113877793302,0.0001687490771534843,5.62572079547692e-05,0.0008578078088635453,2.1972245773362196,0.00015468665405736062,449.0,0.0,0.0,0.0,0.004731679169070975,0.022365079008294184,5.327876168789581,0.00031640896913957855
pg-2021 22,staphylococcus hyicus,0.007167365611894777,0.07572775159412254,6.942156705699469,0.0001455503188245079,4.852316287839402e-05,0.0008386470751316884,2.0794415416798357,0.0001455503188245079,449.0,0.0,0.0,0.0,0.004563949107661837,0.02178242730455565,5.3612921657094255,0.0003742748424926705
pg-2021 23,staphylococcus hyicus,0.013160529854375876,0.12901657047637438,7.518064181233078,0.000257461005385226,6.437399862668803e-05,0.001015540632352836,2.302585092994046,0.00015018558647471517,449.0,0.0,0.0,0.0,0.004416635995583364,0.023099284436493738,5.262690188904886,0.0003432813405136347
pg-2021 27,staphylococcus hyicus,0.00994823177197031,0.09794276537858886,7.152268856032539,0.0001792966892476555,0.00014033993450803057,0.0020658096804621177,2.9444389791664403,0.0001792966892476555,449.0,0.0,0.0,0.0,0.00431368497184481,0.022529544883077696,5.123963979403259,0.00030402956102808763
pg-2021 29,staphylococcus hyicus,0.009790581885903234,0.09936915710268299,7.161622002939187,0.00018241240404347496,6.841453124643675e-05,0.00107927339059056,2.302585092994046,0.00016721137037318536,449.0,0.0,0.0,0.0,0.004826568634806312,0.022707891723314572,5.267858159063328,0.00034202845676760304
pg-2021 31,staphylococcus hyicus,0.00838449621299059,0.08667589411857515,7.064759027791802,0.00017928986868810017,9.324343709654283e-05,0.0014845201127374693,2.6390573296152584,0.00015060348969800415,449.0,0.0,0.0,0.0,0.004006647392264439,0.021549149317462775,5.176149732573829,0.00023666602121388155
pg-2021 33,staphylococcus hyicus,0.008372079336119121,0.08660247309534143,7.037905963447182,0.00018390060540079297,9.564168211647686e-05,0.001522697012718566,2.6390573296152584,0.0001544765085366661,449.0,0.0,0.0,0.0,0.004019255035752675,0.0216275160161752,5.153291594497779,0.00024275058480822704
pg-2021 35,staphylococcus hyicus,0.009752016041777868,0.10020699155445609,7.210079628170788,0.00016588173353623796,2.8852950935556933e-05,0.0004399472063352398,1.6094379124341003,0.00015145723496786943,449.0,0.0,0.0,0.0,0.00388865177597572,0.020374728875351886,5.10594547390058,0.0003245558993443971
pg-2021 38,staphylococcus hyicus,0.009663518971500085,0.1002367629597503,7.215239978730097,0.00017063997099120494,5.688767528514947e-05,0.0008674198525386251,2.1972245773362196,0.00015641997340860452,449.0,0.0,0.0,0.0,0.004827521559805025,0.022717941699739976,5.332718793265369,0.00031995222046841005
pg-2021 4,staphylococcus hyicus,0.011170994610485057,0.10742434138907032,6.934397209928558,0.00028303940779446986,0.00026132119641554427,0.002743305029392554,3.2188758248682006,0.00028303940779446986,449.0,0.0,0.0,0.0,0.006584136346490175,0.02578367034211666,5.262690188904886,0.0007184846505551926
pg-2021 40,staphylococcus hyicus,0.0071538569228615425,0.0757655293088364,6.930494765951626,0.00014698162729658793,4.9000392003136025e-05,0.0008468941382327209,2.0794415416798357,0.00014698162729658793,449.0,0.0,0.0,0.0,0.004499487682095603,0.021224578104716573,5.313205979041787,0.0003779527559055118
pg-2021 41,staphylococcus hyicus,0.0071411338962605545,0.07542215176786822,6.9440872082295275,0.0001447377489833896,4.825223511246217e-05,0.0008339651250947687,2.0794415416798357,0.0001447377489833896,449.0,0.0,0.0,0.0,0.004530398546853296,0.021618360000832275,5.3612921657094255,0.0003721853483034551
pg-2021 43,staphylococcus hyicus,0.007148026882646907,0.07563581225446275,6.945051063725834,0.0001447377489833896,4.825223511246217e-05,0.0008339651250947687,2.0794415416798357,0.0001447377489833896,449.0,0.0,0.0,0.0,0.004532238754917052,0.02162961112498959,5.3612921657094255,0.0003721853483034551
pg-2021 46,staphylococcus hyicus,0.01227864144274037,0.12217210351321817,6.963189985870238,0.00025576042223720614,0.00016279259061151874,0.0019298286405171011,2.70805020110221,0.00025576042223720614,449.0,0.0,0.0,0.0,0.006324618662698279,0.028491528211876952,5.236441962829949,0.0005580357142857143
pg-2021 47,staphylococcus hyicus,0.009883110520053195,0.10176015676942995,7.253470382684528,0.00016796724638695455,0.00011199305643050131,0.0015746929348776988,2.833213344056216,0.00015396997585470832,449.0,0.0,0.0,0.0,0.004965859714463066,0.022253565271900956,5.37989735354046,0.0005039052658100278
pg-2021 5,staphylococcus hyicus,0.01337208671792814,0.12948103489406,7.1180162044653335,0.00023855479169829325,0.00016268451134995607,0.0026349461083038754,2.772588722239781,0.00023855479169829325,449.0,0.0,0.0,0.0,0.005728067530901417,0.0279923094469971,5.147494476813453,0.00048796356538711777
pg-2021 64,staphylococcus hyicus,0.009861392262708052,0.10179426089523287,7.247080584585756,0.0001686731746399882,6.326088790170664e-05,0.0009979829499532635,2.302585092994046,0.00015461707675332252,449.0,0.0,0.0,0.0,0.004714735816125303,0.022441909217291525,5.342334251964811,0.0003162622024499779
pg-2021 67,staphylococcus hyicus,0.01118969244641441,0.10907629475147723,6.93828448401696,0.00028241223496697947,0.00024987777717420826,0.0025199860966284324,3.1780538303479458,0.00028241223496697947,449.0,0.0,0.0,0.0,0.006576494118444693,0.02593726342121721,5.272999558563747,0.0007168925964546402
pg-2021 68,staphylococcus hyicus,0.011160422921289648,0.10732269677096588,6.934397209928558,0.00028277159668069646,0.0002610738839091463,0.0027407093216744428,3.2188758248682006,0.00028277159668069646,449.0,0.0,0.0,0.0,0.006579849211788897,0.02576221541738783,5.262690188904886,0.0007178048223433065
pg-2021 74,staphylococcus hyicus,0.012863423793252242,0.12528858935192744,7.00669522683704,0.00025652386837993516,0.000174941394632798,0.0028334227280147383,2.772588722239781,0.00025652386837993516,449.0,0.0,0.0,0.0,0.005795482316796425,0.028016728434939308,5.117993812416755,0.000524714030853185
pg-2021 76,staphylococcus hyicus,0.00838449621299059,0.08667589411857515,7.064759027791802,0.00017928986868810017,9.324343709654283e-05,0.0014845201127374693,2.6390573296152584,0.00015060348969800415,449.0,0.0,0.0,0.0,0.004013133892739876,0.021585922609813395,5.176149732573829,0.00023666602121388155
pg-2021 8,staphylococcus hyicus,0.009828625424141337,0.10146089371479289,7.2254814727822945,0.0001717856401520303,5.7269668551793255e-05,0.0008732436707728206,2.1972245773362196,0.0001574701701393611,449.0,0.0,0.0,0.0,0.004777731616119651,0.022692549653994788,5.337538079701318,0.00032210268633640405
pg-2021 84,staphylococcus hyicus,0.009782270166199496,0.1005584219801686,7.232010331664759,0.0001698621992908253,0.00011325669630216887,0.0015924581183514874,2.833213344056216,0.00015570701601658987,449.0,0.0,0.0,0.0,0.005073779267327654,0.022844710361707914,5.389071729816501,0.0005095865978724759
pg-2021 86,staphylococcus hyicus,0.009883761887988729,0.10101081252421372,7.247080584585756,0.00017609974289437537,0.00011976385385991856,0.0017257774803648787,2.8903717578961645,0.00015496777374705034,449.0,0.0,0.0,0.0,0.004963115031470661,0.022593039850697112,5.3981627015177525,0.0005071744045983813
pg-2021 87,staphylococcus hyicus,0.0098798133104811,0.1020876412769453,7.241366283322318,0.0001699572274310965,7.790754499160723e-05,0.0011542928363028639,2.4849066497880004,0.0001557941251451718,449.0,0.0,0.0,0.0,0.00462530368155485,0.02137432352539906,5.293304824724492,0.00031867431485022306
pg-2021 88,staphylococcus hyicus,0.013382931881527433,0.12960031228990912,7.118826249062078,0.00023855479169829325,0.00016268451134995607,0.0026349461083038754,2.772588722239781,0.00023855479169829325,449.0,0.0,0.0,0.0,0.005718872278519113,0.02794313782895807,5.147494476813453,0.00048796356538711777
pg-2021 89,staphylococcus hyicus,0.00711230940870212,0.07026185552638305,5.726847747587197,0.0006041032551871558,0.00032543003254300326,0.0016496665814726178,2.70805020110221,0.0006041032551871558,449.0,0.0,0.0,0.0,0.006496582526899912,0.029970423923759447,4.574710978503383,0.0011849993029415865
pg-2021 9,staphylococcus hyicus,0.009907217004798146,0.10222005539539879,7.246368080102461,0.00016957775139901646,8.480026005413083e-05,0.0012930303544175005,2.5649493574615367,0.0001554462721157651,449.0,0.0,0.0,0.0,0.004614385753373835,0.021260269025909544,5.298317366548036,0.00031795828387315585
pg-2021 90,staphylococcus hyicus,0.006992220873240703,0.0707976535634819,5.7430031878094825,0.0004719843570898793,2.2485047443450104e-05,0.0004495089115141708,0.6931471805599453,0.0004495089115141708,449.0,0.0,0.0,0.0,0.005396618985695709,0.027258960121150935,4.430816798843313,0.0007416897039983817
pg-2021 93,staphylococcus hyicus,0.007388822392044931,0.075312363376976,5.7745515455444085,0.0004832140638302768,2.302025782688766e-05,0.00046020387031454934,0.6931471805599453,0.00046020387031454934,449.0,0.0,0.0,0.0,0.0050170579971904475,0.02397193529526408,4.330733340286331,0.0009664503658704957
pg-2021 1,staphylococcus kloosii,0.0208836235382507,0.18352299602125707,8.00736706798333,0.00015998441890876714,0.00024348672997321646,0.003547480593194402,3.58351893845611,0.00015302857460838598,127.0,0.0,0.0,0.0,0.0043899972418865495,0.024488336759317185,5.2574953720277815,0.0002712798146950189
pg-2021 10,staphylococcus kloosii,0.013751386798386014,0.13374031993669097,7.5740450053721995,0.0001554462721157651,9.893363672981931e-05,0.0013071618337007517,2.70805020110221,0.0001554462721157651,127.0,0.0,0.0,0.0,0.005961908738719929,0.028295282614095703,5.552959584921617,0.0004875360352721723
pg-2021 12,staphylococcus kloosii,0.010918415175494224,0.11175744877352833,7.368339686311381,0.00015852120393408274,6.89312892908349e-05,0.0007236837570903777,2.3978952727983707,0.00015852120393408274,127.0,0.0,0.0,0.0,0.004489481785531041,0.0242526438504455,5.351858133476067,0.00022744660174100036
pg-2021 14,staphylococcus kloosii,0.010897811476822334,0.11163415810876008,7.366445148327599,0.0001585222965056172,6.893176444637454e-05,0.0007236887449169481,2.3978952727983707,0.0001585222965056172,127.0,0.0,0.0,0.0,0.004487658937920718,0.02424002829737209,5.351858133476067,0.00022744660174100036
pg-2021 15,staphylococcus kloosii,0.010932276408754093,0.11193741815424908,7.369600720526409,0.0001585222965056172,6.893176444637454e-05,0.0007236887449169481,2.3978952727983707,0.0001585222965056172,127.0,0.0,0.0,0.0,0.004489481785531041,0.0242526438504455,5.351858133476067,0.00022744660174100036
pg-2021 16,staphylococcus kloosii,0.014365985874626697,0.1386630437090029,7.616283561580385,0.0001556739621146185,0.0001344637726288375,0.001882239723749478,2.995732273553991,0.0001556739621146185,127.0,0.0,0.0,0.0,0.006122681233640606,0.030039210473848606,5.598421958998375,0.0004882501539049398
pg-2021 17,staphylococcus kloosii,0.014287094014735506,0.138248339323037,7.6362696033793735,0.00015865242013920024,0.00012417903857828798,0.0016968911023584026,2.9444389791664403,0.00015175448882880023,127.0,0.0,0.0,0.0,0.005881830692058419,0.028752752234166557,5.583496308781699,0.00047596382674916705
pg-2021 18,staphylococcus kloosii,0.01397402559983865,0.1363328627812509,7.57095858316901,0.00015845121143153468,0.00014406627048442282,0.0020598657486099506,3.044522437723423,0.00015845121143153468,127.0,0.0,0.0,0.0,0.005788203313570642,0.028058720120545194,5.5134287461649825,0.0004969641969706792
pg-2021 19,staphylococcus kloosii,0.013612817732803277,0.13118924127766912,7.561121589530238,0.0001629680015871666,0.00014881690560047622,0.0016296800158716663,3.091042453358316,0.00015588243630076807,127.0,0.0,0.0,0.0,0.006232809866027859,0.031066873491899346,5.641907070938114,0.0004889040047614999
pg-2021 2,staphylococcus kloosii,0.013761532403240325,0.13395161120212623,7.579678823090456,0.00015468665405736062,0.000140643019886923,0.001877333483332513,3.044522437723423,0.00015468665405736062,127.0,0.0,0.0,0.0,0.005839584535487594,0.027894535727932747,5.537334267018537,0.00048516041934735377
pg-2021 22,staphylococcus kloosii,0.010917408934946107,0.11172026614915442,7.362645270417825,0.00015941225395065152,6.931880411199146e-05,0.0007277515941225395,2.3978952727983707,0.00015941225395065152,127.0,0.0,0.0,0.0,0.00452089298400465,0.02442399211723516,5.351858133476067,0.00022872351485663195
pg-2021 23,staphylococcus kloosii,0.02067061482562298,0.1840560120720605,7.969357742016346,0.0001644889756627833,0.00022888532845044633,0.0032182625673153253,3.4965075614664802,0.00015733728106874924,127.0,0.0,0.0,0.0,0.0049687154950312845,0.02745974955277281,5.37989735354046,0.0002789160891673282
pg-2021 27,staphylococcus kloosii,0.01436100542630824,0.13791813157258787,7.519149957669823,0.0001792966892476555,0.0001481365975362545,0.0020736051886902766,2.995732273553991,0.0001792966892476555,127.0,0.0,0.0,0.0,0.003590432401715142,0.019663062610007543,4.941642422609304,0.00030402956102808763
pg-2021 29,staphylococcus kloosii,0.014146174603777888,0.1360568518659269,7.529406457837013,0.00016721137037318536,0.00015963390624168573,0.0021813483316865546,3.091042453358316,0.00016721137037318536,127.0,0.0,0.0,0.0,0.006227023782729387,0.029798016714177814,5.521460917862246,0.0005244436337103246
pg-2021 31,staphylococcus kloosii,0.011690957080560019,0.11522601280846823,7.396948602621014,0.00017928986868810017,0.00012910629751829007,0.002036732908296818,2.9444389791664403,0.00015777508444552815,127.0,0.0,0.0,0.0,0.004757893778314021,0.027478484037257462,5.3471075307174685,0.00030121129972675835
pg-2021 33,staphylococcus kloosii,0.011645871343652522,0.11437146451086116,7.367708572374371,0.00018390060540079297,0.00013242694446896795,0.0020891108773530083,2.9444389791664403,0.00016183253275269782,127.0,0.0,0.0,0.0,0.00476702341449736,0.027556908537416512,5.3230099791384085,0.00030895528975592533
pg-2021 35,staphylococcus kloosii,0.01335853085012767,0.13108984298933307,7.52456122628536,0.0001586694842520537,0.00013705151694389545,0.0017814255731935119,2.995732273553991,0.0001586694842520537,127.0,0.0,0.0,0.0,0.0061175131597666806,0.0291430153675758,5.556828061699537,0.0004976523789947422
pg-2021 38,staphylococcus kloosii,0.013723761306103874,0.13294275739973124,7.565793282428515,0.00015641997340860452,0.0001422191882128737,0.001898369677277155,3.044522437723423,0.00015641997340860452,127.0,0.0,0.0,0.0,0.005905511811023622,0.028055289448474068,5.53338948872752,0.0004905934047182288
pg-2021 4,staphylococcus kloosii,0.01522129674995917,0.13941868060091445,7.243512974665482,0.0002612671456564337,0.00017421413094369616,0.0022425430002177226,2.833213344056216,0.00023949488351839756,127.0,0.0,0.0,0.0,0.005692534549569631,0.02688297411639295,5.117993812416755,0.0005878510777269758
pg-2021 40,staphylococcus kloosii,0.010821783564328714,0.11112510936132983,7.344072850573066,0.00016097987751531058,7.000056000448004e-05,0.0007349081364829396,2.3978952727983707,0.00016097987751531058,127.0,0.0,0.0,0.0,0.004566311756582171,0.024794461272176545,5.327876168789581,0.0002309711286089239
pg-2021 41,staphylococcus kloosii,0.010911597449595037,0.11181335722654903,7.367708572374371,0.0001585222965056172,6.893176444637454e-05,0.0007236887449169481,2.3978952727983707,0.0001585222965056172,127.0,0.0,0.0,0.0,0.004487658937920718,0.02424002829737209,5.351858133476067,0.00022744660174100036
pg-2021 43,staphylococcus kloosii,0.010897811476822334,0.11163415810876008,7.366445148327599,0.0001585222965056172,6.893176444637454e-05,0.0007236887449169481,2.3978952727983707,0.0001585222965056172,127.0,0.0,0.0,0.0,0.004489481785531041,0.0242526438504455,5.351858133476067,0.00022744660174100036
pg-2021 46,staphylococcus kloosii,0.016685464460542074,0.15535120556162663,7.269616749608169,0.00029063684345137064,0.00018604867498459284,0.0021739635890162525,2.833213344056216,0.00026738589597526097,127.0,0.0,0.0,0.0,0.005884939290425136,0.03079453857542359,5.1647859739235145,0.0005231584821428571
pg-2021 47,staphylococcus kloosii,0.014285714285714285,0.13900689365573712,7.621684998724611,0.00015396997585470832,0.00012599218848431397,0.001721664275466284,2.9444389791664403,0.00015396997585470832,127.0,0.0,0.0,0.0,0.005816493091477573,0.028096805247722033,5.537334267018537,0.00048290921306794323
pg-2021 5,staphylococcus kloosii,0.017200429468478533,0.15658953395068423,7.369600720526409,0.00024939819132094293,0.00010845634089997072,0.001344581553208562,2.3978952727983707,0.00024939819132094293,127.0,0.0,0.0,0.0,0.005862057414665193,0.030045296053703523,5.170483995038151,0.00048796356538711777
pg-2021 64,staphylococcus kloosii,0.01399432073774179,0.1354234750890805,7.596894438144544,0.00015461707675332252,0.0001476087384373155,0.0020170500467365255,3.091042453358316,0.00015461707675332252,127.0,0.0,0.0,0.0,0.006142756760432486,0.029834278526822165,5.605802066295998,0.00048493537708996606
pg-2021 67,staphylococcus kloosii,0.015133244250344924,0.13862095933263816,7.2399325913204695,0.00026068821689259646,0.00017382801890379704,0.0022375738616614528,2.833213344056216,0.00023896419881821342,127.0,0.0,0.0,0.0,0.005729007762975016,0.027253875777624174,5.135798437050262,0.0005865484880083421
pg-2021 68,staphylococcus kloosii,0.01520689205064613,0.13928676302652615,7.243512974665482,0.00026101993539756597,0.00017404925593943085,0.0022404211121624415,2.833213344056216,0.0002392682741144355,127.0,0.0,0.0,0.0,0.00568882796435915,0.026860604446811345,5.117993812416755,0.0005872948546445235
pg-2021 74,staphylococcus kloosii,0.01658367056573408,0.1537977192696066,7.260522598089852,0.00026818404421538676,0.00010496483677967881,0.0012126582868869664,2.302585092994046,0.00026818404421538676,127.0,0.0,0.0,0.0,0.006039870125336033,0.030872802692870016,5.159055299214529,0.000524714030853185
pg-2021 76,staphylococcus kloosii,0.011690957080560019,0.11522601280846823,7.396948602621014,0.00017928986868810017,0.00012910629751829007,0.002036732908296818,2.9444389791664403,0.00015777508444552815,127.0,0.0,0.0,0.0,0.004765596497628603,0.02752537564824254,5.3471075307174685,0.00030121129972675835
pg-2021 8,staphylococcus kloosii,0.013951923489913668,0.13510940597957183,7.575584651557793,0.0001574701701393611,0.0001503328799484573,0.002054269946818029,3.091042453358316,0.0001574701701393611,127.0,0.0,0.0,0.0,0.006208743018049208,0.030062011323806957,5.598421958998375,0.0004938907857158195
pg-2021 84,staphylococcus kloosii,0.01417084288909652,0.13792810582415016,7.602401335665818,0.00015570701601658987,0.00012741378333993997,0.0017410875427309595,2.9444389791664403,0.00015570701601658987,127.0,0.0,0.0,0.0,0.005888376856118792,0.028306590517632128,5.537334267018537,0.0004883538229611228
pg-2021 86,staphylococcus kloosii,0.014505107432194434,0.13995703166273377,7.630461261783627,0.00015496777374705034,0.00016907838191988504,0.0021765928221744797,3.2188758248682006,0.00015496777374705034,127.0,0.0,0.0,0.0,0.005955738037764793,0.029465363925787684,5.579729825986222,0.0004860421377401154
pg-2021 87,staphylococcus kloosii,0.01390964397260565,0.13549131801829872,7.583247524303362,0.0001557941251451718,0.0001133200654423378,0.0015933490071665297,2.833213344056216,0.0001557941251451718,127.0,0.0,0.0,0.0,0.005863390020556906,0.027900313793260266,5.529429087511423,0.0004886339494370088
pg-2021 88,staphylococcus kloosii,0.017243810122875704,0.15690399253974105,7.372118028337787,0.00024939819132094293,0.00010845634089997072,0.001344581553208562,2.3978952727983707,0.00024939819132094293,127.0,0.0,0.0,0.0,0.00591953446373031,0.030252756904459843,5.181783550292085,0.00048796356538711777
pg-2021 89,staphylococcus kloosii,0.010854406842692451,0.0998861497711378,6.148468295917647,0.00067380747693952,0.0009065550906555091,0.005320755593763796,3.6888794541139363,0.00067380747693952,127.0,0.0,0.0,0.0,0.020301820396562226,0.05540584949063424,5.707110264748875,0.0025791161299316885
pg-2021 9,staphylococcus kloosii,0.013723120844021398,0.13359193940421682,7.57198844937744,0.0001554462721157651,9.893363672981931e-05,0.0013071618337007517,2.70805020110221,0.0001554462721157651,127.0,0.0,0.0,0.0,0.005959282103603395,0.02827931750473955,5.552959584921617,0.0004875360352721723
pg-2021 90,staphylococcus kloosii,0.012140833670578713,0.09666689142112242,6.293419278846481,0.0009439687141797586,0.0024958402662229617,0.010181376845795969,4.718498871295094,0.0009439687141797586,127.0,0.0,0.0,0.0,0.026983094928478543,0.06631751640585563,6.030685260261263,0.0037758748567190345
pg-2021 93,staphylococcus kloosii,0.00847067489181475,0.08437837962217262,5.910796644040527,0.00046020387031454934,2.302025782688766e-05,0.00046020387031454934,0.6931471805599453,0.00046020387031454934,127.0,0.0,0.0,0.0,0.005819787276740919,0.028389527707399467,4.477336814478207,0.0011735468728427446
pg-2021 1,staphylococcus lentus,0.02573235292071597,0.2154711888929078,8.216088098632316,0.00018780779611029188,0.00032001113082194164,0.004549122172449292,3.8501476017100584,0.00016694026320914832,331.0,0.0,0.0,0.0,0.004642824308173209,0.027169541513986952,5.313205979041787,0.0002712798146950189
pg-2021 10,staphylococcus lentus,0.016775843915399997,0.1538352834774744,7.772752716468742,0.00016251201175739076,0.00014840045509472897,0.0018936182239556838,3.091042453358316,0.00016251201175739076,331.0,0.0,0.0,0.0,0.00549794696916974,0.030237337127114242,5.472270673671475,0.00031795828387315585
pg-2021 12,staphylococcus lentus,0.013668697785988034,0.1285538041642831,7.592870287844818,0.00016541343019208635,0.0001999007389434212,0.0024260636428172664,3.4011973816621555,0.00015852120393408274,331.0,0.0,0.0,0.0,0.005772190867111339,0.029019901740361394,5.602118820879701,0.00024812356553563676
pg-2021 14,staphylococcus lentus,0.013668792004135791,0.12855469019229443,7.592870287844818,0.00016541457026673098,0.00019990211689448615,0.0024260803639120547,3.4011973816621555,0.0001585222965056172,331.0,0.0,0.0,0.0,0.005769847205898066,0.02900480639187699,5.602118820879701,0.00024812356553563676
pg-2021 15,staphylococcus lentus,0.013703256936067552,0.1286787511199945,7.5953872788539725,0.00016541457026673098,0.00019990211689448615,0.0024260803639120547,3.4011973816621555,0.0001585222965056172,331.0,0.0,0.0,0.0,0.005772190867111339,0.029019901740361394,5.602118820879701,0.00024812356553563676
pg-2021 16,staphylococcus lentus,0.01699857047825287,0.15352283100176195,7.784473235736469,0.0001627500513016466,0.00020523417927559412,0.00262522908838743,3.4011973816621555,0.0001627500513016466,331.0,0.0,0.0,0.0,0.005439854330260612,0.029330320551161915,5.480638923341991,0.0003184240134162651
pg-2021 17,staphylococcus lentus,0.016839592703992937,0.15292713715156825,7.80057265467065,0.00015865242013920024,0.00017247088691428887,0.002531540790916804,3.258096538021482,0.00015865242013920024,331.0,0.0,0.0,0.0,0.005637679229369201,0.030781850364805942,5.541263545158426,0.00031041119135815243
pg-2021 18,staphylococcus lentus,0.01682645556764077,0.1525885166085679,7.756623334538858,0.00015845121143153468,0.0001368629569602017,0.0020526634208176083,2.995732273553991,0.00015845121143153468,331.0,0.0,0.0,0.0,0.005296088861809575,0.028834958105979316,5.424950017481403,0.00032410708498087766
pg-2021 19,staphylococcus lentus,0.01611428814388061,0.14731598786951222,7.729735331385051,0.0001629680015871666,0.00020550906011494334,0.002763370461695434,3.4011973816621555,0.0001629680015871666,331.0,0.0,0.0,0.0,0.0057670126874279125,0.031131506377111342,5.564520407322694,0.0003188504378879347
pg-2021 2,staphylococcus lentus,0.016714952745274528,0.15265463391997075,7.774015077250727,0.00015468665405736062,0.0001125144159095384,0.0017156156177270906,2.833213344056216,0.00015468665405736062,331.0,0.0,0.0,0.0,0.005493364108482401,0.030277147159972127,5.476463551931511,0.00031640896913957855
pg-2021 22,staphylococcus lentus,0.013690084220011783,0.12859717216523428,7.588829878307813,0.00016634322151372333,0.00020102453192477523,0.0024397005822012754,3.4011973816621555,0.00015941225395065152,331.0,0.0,0.0,0.0,0.005769520570063077,0.029057212939474622,5.594711379601839,0.0002495165616617803
pg-2021 23,staphylococcus lentus,0.025705947987297226,0.2139429437805288,8.187299270155147,0.000257461005385226,0.00029325932707713434,0.0037331845780857772,3.7376696182833684,0.00017164067025681736,331.0,0.0,0.0,0.0,0.004991718807508282,0.02927101967799642,5.384495062789089,0.0002789160891673282
pg-2021 27,staphylococcus lentus,0.017846005114451443,0.16115654160072965,7.736307096548285,0.00017150118101949658,0.0001481365975362545,0.0022217198450252963,2.995732273553991,0.00017150118101949658,331.0,0.0,0.0,0.0,0.004287854522911608,0.024842846366607996,5.117993812416755,0.00030402956102808763
pg-2021 29,staphylococcus lentus,0.016753449127741248,0.15234475944364217,7.6984827878809465,0.00016721137037318536,0.00010642260416112382,0.001550505434369537,2.70805020110221,0.00016721137037318536,331.0,0.0,0.0,0.0,0.00552679620876785,0.030212216455912093,5.402677381872279,0.00034202845676760304
pg-2021 31,staphylococcus lentus,0.014882660087215975,0.13570091581264926,7.638198244285779,0.00017211827394057616,0.00010758858126524171,0.0017426975236483338,2.772588722239781,0.00015060348969800415,331.0,0.0,0.0,0.0,0.005440845038359096,0.02887232018407487,5.480638923341991,0.00025818111405150713
pg-2021 33,staphylococcus lentus,0.014765169795774233,0.13418123772463458,7.60489448081162,0.00017654458118476126,0.0001103557870574733,0.0017875138844957077,2.772588722239781,0.0001544765085366661,331.0,0.0,0.0,0.0,0.005491424031406272,0.029010859193966104,5.4638318050256105,0.00026481881979079314
pg-2021 35,staphylococcus lentus,0.016561115999942297,0.150187879093853,7.739359202689098,0.0001586694842520537,0.00012262504147611696,0.0019040338110246442,2.8903717578961645,0.00015145723496786943,331.0,0.0,0.0,0.0,0.005761843790012804,0.0318657990677927,5.497168225293202,0.0003245558993443971
pg-2021 38,staphylococcus lentus,0.016781386882075203,0.15251658407218072,7.766840537085513,0.00015641997340860452,9.955343174901157e-05,0.0017206197074946497,2.70805020110221,0.00014930997461730432,331.0,0.0,0.0,0.0,0.005647731533558306,0.031202956069522374,5.488937726156687,0.00031995222046841005
pg-2021 4,staphylococcus lentus,0.019032064891937504,0.16655780535597647,7.466799475018602,0.0003374700631395602,0.0005335307760150695,0.004670150228608752,3.912023005428146,0.0003374700631395602,331.0,0.0,0.0,0.0,0.006412674462466994,0.03187980945401246,5.236441962829949,0.00062050947093403
pg-2021 40,staphylococcus lentus,0.01367772644547109,0.12846194225721785,7.578145472419466,0.00016797900262467192,0.0002030016240129921,0.002463692038495188,3.4011973816621555,0.00016097987751531058,331.0,0.0,0.0,0.0,0.005925067937809061,0.029554305495456512,5.58724865840025,0.0002519685039370079
pg-2021 41,staphylococcus lentus,0.013703256936067552,0.1286787511199945,7.5953872788539725,0.00016541457026673098,0.00019990211689448615,0.0024260803639120547,3.4011973816621555,0.0001585222965056172,331.0,0.0,0.0,0.0,0.005769847205898066,0.02900480639187699,5.602118820879701,0.00024812356553563676
pg-2021 43,staphylococcus lentus,0.013668792004135791,0.12855469019229443,7.592870287844818,0.00016541457026673098,0.00019990211689448615,0.0024260803639120547,3.4011973816621555,0.0001585222965056172,331.0,0.0,0.0,0.0,0.005772190867111339,0.029019901740361394,5.602118820879701,0.00024812356553563676
pg-2021 46,staphylococcus lentus,0.021650407543922886,0.18610058359878165,7.529943370601589,0.0002790113697133158,0.0002441888859172781,0.0037782789648678184,3.091042453358316,0.00024413494849915134,331.0,0.0,0.0,0.0,0.00595258227077485,0.034742556341503535,5.176149732573829,0.0005231584821428571
pg-2021 47,staphylococcus lentus,0.01709246167844894,0.15268222696574169,7.8009820712577405,0.00016096861112083145,0.00017498915067265828,0.002435525072610841,3.258096538021482,0.00016096861112083145,331.0,0.0,0.0,0.0,0.005425661539876313,0.029775897194797053,5.4680601411351315,0.0003149407911312673
pg-2021 5,staphylococcus lentus,0.021473423926599934,0.18845828544165166,7.591357046698551,0.00026024159094359265,0.0002277583158899385,0.003112055691700462,3.091042453358316,0.00023855479169829325,331.0,0.0,0.0,0.0,0.005627575118078585,0.033173656597256164,5.1298987149230735,0.00048796356538711777
pg-2021 64,staphylococcus lentus,0.016876124606387766,0.1540970011315159,7.784057002639929,0.00016164512569665534,0.00018275367616048585,0.0023192561512998377,3.295836866004329,0.00016164512569665534,331.0,0.0,0.0,0.0,0.005553414783416823,0.030540415296687776,5.5053315359323625,0.0003162622024499779
pg-2021 67,staphylococcus lentus,0.01898988582168193,0.16590632603406327,7.466799475018602,0.00027155022592978797,0.00039111304253354337,0.004312217587765033,3.6109179126442243,0.00027155022592978797,331.0,0.0,0.0,0.0,0.006440896301569545,0.03219117211415029,5.25227342804663,0.0006191345151199166
pg-2021 68,staphylococcus lentus,0.019014053865900882,0.16640020881594833,7.466799475018602,0.00033715074988852273,0.000533025846314507,0.004665731345231492,3.912023005428146,0.00033715074988852273,331.0,0.0,0.0,0.0,0.006477039067854695,0.03231926507788577,5.247024072160486,0.0006199223465692193
pg-2021 74,staphylococcus lentus,0.02053716164997026,0.1827499358690329,7.474204806496124,0.00027984422005083835,0.0002449179524859172,0.003346470464774609,3.091042453358316,0.00025652386837993516,331.0,0.0,0.0,0.0,0.005725657228642251,0.03366087518275475,5.10594547390058,0.000524714030853185
pg-2021 76,staphylococcus lentus,0.014882660087215975,0.13570091581264926,7.638198244285779,0.00017211827394057616,0.00010758858126524171,0.0017426975236483338,2.772588722239781,0.00015060348969800415,331.0,0.0,0.0,0.0,0.005449653411163809,0.028921590355037455,5.480638923341991,0.00025818111405150713
pg-2021 8,staphylococcus lentus,0.016801007917304968,0.1536837283210101,7.761319180947987,0.0001646279051456957,0.00017180900565537976,0.00221174011695739,3.2188758248682006,0.0001646279051456957,331.0,0.0,0.0,0.0,0.00558556063333795,0.03062370809742069,5.493061443340548,0.00032210268633640405
pg-2021 84,staphylococcus lentus,0.016917240012457885,0.1521611426063939,7.779466967458324,0.00015570701601658987,0.00014157087037771108,0.0021586654493209053,3.044522437723423,0.00015570701601658987,331.0,0.0,0.0,0.0,0.005306521435553694,0.029077146224277036,5.43372200355424,0.0003184916236702975
pg-2021 86,staphylococcus lentus,0.01703416696019725,0.15424928679604127,7.791109510610028,0.00016201176346282534,0.00019021317965987064,0.00233156059592153,3.332204510175204,0.00016201176346282534,331.0,0.0,0.0,0.0,0.005188711169264782,0.0280821165879899,5.442417710521793,0.0003169840028739883
pg-2021 87,staphylococcus lentus,0.01657967237264248,0.1521117185508314,7.758760544157663,0.0001557941251451718,0.00010623756135219168,0.0015862674560235674,2.772588722239781,0.0001557941251451718,331.0,0.0,0.0,0.0,0.005442907867688283,0.029946791577606987,5.455321115357702,0.00031867431485022306
pg-2021 88,staphylococcus lentus,0.021484269090199227,0.18845828544165166,7.591861714889934,0.00026024159094359265,0.0002277583158899385,0.003112055691700462,3.091042453358316,0.00023855479169829325,331.0,0.0,0.0,0.0,0.005585097488378315,0.03288767444129989,5.123963979403259,0.00048796356538711777
pg-2021 89,staphylococcus lentus,0.009087950911119375,0.09135899997676526,5.971261839790462,0.00048792955226654896,6.97350069735007e-05,0.0009526243639489765,1.3862943611198906,0.00048792955226654896,331.0,0.0,0.0,0.0,0.006496582526899912,0.03549129148866251,4.574710978503383,0.000766764254844556
pg-2021 9,staphylococcus lentus,0.01676171093821769,0.1536091798089424,7.771910256435763,0.00016251201175739076,0.00014840045509472897,0.0018936182239556838,3.091042453358316,0.00016251201175739076,331.0,0.0,0.0,0.0,0.00549552474145527,0.03022027624808161,5.472270673671475,0.00031795828387315585
pg-2021 90,staphylococcus lentus,0.010836818202257296,0.10653361202885847,6.180016653652572,0.0004944598026655878,0.00015739533210415075,0.0018654619827838087,2.0794415416798357,0.0004944598026655878,331.0,0.0,0.0,0.0,0.007672301690507152,0.0357773851590106,4.77912349311153,0.0011462477243611355
pg-2021 93,staphylococcus lentus,0.010841543135991161,0.10635311442969235,6.156978985585555,0.0004832140638302768,0.00011510128913443831,0.001426631997975103,1.791759469228055,0.0004832140638302768,331.0,0.0,0.0,0.0,0.007960398688875511,0.03573052686285974,4.787491742782046,0.0011735468728427446
pg-2021 1,staphylococcus lugdunensis,0.018768826217921517,0.17203889708132772,7.900636613018005,0.00018780779611029188,0.0002574002574002574,0.0023719429064299824,3.6375861597263857,0.00018780779611029188,176.0,0.0,0.0,0.0,0.00574606968833318,0.028889981231566716,5.5254529391317835,0.0004173535610692598
pg-2021 10,staphylococcus lugdunensis,0.012952873587585593,0.12634249053190888,7.51425465281641,0.00025436662709852465,0.0002544007801623925,0.001999604318580069,3.6109179126442243,0.00025436662709852465,176.0,0.0,0.0,0.0,0.0060778991811074766,0.027279091299144142,5.572154032177765,0.00040274715957266407
pg-2021 12,staphylococcus lugdunensis,0.010511731781962557,0.10762900524498419,7.330405211844402,0.00015852120393408274,0.00011029006286533584,0.0015507509080508095,2.833213344056216,0.00015852120393408274,176.0,0.0,0.0,0.0,0.005537027535488285,0.028894995420101592,5.560681631015528,0.00026880052933027316
pg-2021 14,staphylococcus lugdunensis,0.010532483198345684,0.10782273071886415,7.332369205929062,0.0001585222965056172,0.00011029082311419925,0.001550761596250603,2.833213344056216,0.0001585222965056172,176.0,0.0,0.0,0.0,0.005534779356768885,0.028879965044422713,5.560681631015528,0.00026880052933027316
pg-2021 15,staphylococcus lugdunensis,0.01056005514389109,0.10782962299262527,7.334981878871814,0.0001585222965056172,0.00012407717600347416,0.0016954993452339927,2.9444389791664403,0.0001585222965056172,176.0,0.0,0.0,0.0,0.005537027535488285,0.028894995420101592,5.560681631015528,0.00026880052933027316
pg-2021 16,staphylococcus lugdunensis,0.012794927320849787,0.12332208235152596,7.500529485395295,0.00025473921073301207,0.00023354234193429676,0.0018468592778143375,3.5263605246161616,0.00025473921073301207,176.0,0.0,0.0,0.0,0.00600887674974394,0.026760594581422652,5.579729825986222,0.00040333708366060246
pg-2021 17,staphylococcus lugdunensis,0.012693506995226138,0.12227273040815059,7.518064181233078,0.0002483255271744004,0.00020006622882057508,0.0013795862620800022,3.4011973816621555,0.0002483255271744004,176.0,0.0,0.0,0.0,0.006370133617436853,0.027155377110046196,5.662960480135946,0.00039318750905365977
pg-2021 18,staphylococcus lugdunensis,0.012713482053461452,0.12465068710207139,7.476472381163905,0.00015845121143153468,9.364307581487484e-05,0.0015989167699000317,2.6390573296152584,0.00015124888363919219,176.0,0.0,0.0,0.0,0.0059288074426452324,0.026346430446793453,5.537334267018537,0.0004105356409757784
pg-2021 19,staphylococcus lugdunensis,0.01228058986514736,0.12026329960604257,7.458186157340487,0.00015588243630076807,8.503823177170069e-05,0.0015659099282940793,2.5649493574615367,0.00014879687101436952,176.0,0.0,0.0,0.0,0.006343713956170703,0.026801103067907617,5.659482215759621,0.0004038772213247173
pg-2021 2,staphylococcus lugdunensis,0.013023177317731774,0.12595009246043185,7.52456122628536,0.00025312361573022647,0.0002672217377851537,0.0021374883106108013,3.6635616461296463,0.00025312361573022647,176.0,0.0,0.0,0.0,0.006208886324293133,0.02850142731911259,5.598421958998375,0.00040078469424346616
pg-2021 22,staphylococcus lugdunensis,0.010522302706824247,0.10756168561131134,7.325807502595773,0.00015941225395065152,0.00011091008657918633,0.001559467701691156,2.833213344056216,0.00015941225395065152,176.0,0.0,0.0,0.0,0.0055757680136057355,0.029099142539675885,5.560681631015528,0.00027030960846692863
pg-2021 23,staphylococcus lugdunensis,0.018467656567390495,0.1708325287676915,7.8567067930958405,0.00015733728106874924,0.00014305333028152896,0.0021812668511803873,3.044522437723423,0.00015733728106874924,176.0,0.0,0.0,0.0,0.005566801619433198,0.02855545617173524,5.493061443340548,0.0003432813405136347
pg-2021 27,staphylococcus lugdunensis,0.013324081581737666,0.1279632675652289,7.444248649496705,0.0001792966892476555,0.00017932324964915015,0.002401016534272952,3.1780538303479458,0.0001792966892476555,176.0,0.0,0.0,0.0,0.004959446195174872,0.02612522001508675,5.262690188904886,0.00030402956102808763
pg-2021 29,staphylococcus lugdunensis,0.013180798905400783,0.12711104355096148,7.45876269238096,0.00027361860606521244,0.00028886135415162183,0.0023105571178840163,3.6635616461296463,0.00027361860606521244,176.0,0.0,0.0,0.0,0.006477105059144222,0.029091440684160516,5.560681631015528,0.00043323604523896387
pg-2021 31,staphylococcus lugdunensis,0.011497303190268534,0.10831259547185508,7.38025578842646,0.00017211827394057616,0.00020083201836178452,0.003062270957192751,3.367295829986474,0.00016494667919305216,176.0,0.0,0.0,0.0,0.004530243358298996,0.02570853337463218,5.298317366548036,0.00025818111405150713
pg-2021 33,staphylococcus lugdunensis,0.011461950444352893,0.10728761319082263,7.351799869057777,0.00017654458118476126,0.00020599746917395015,0.0031410223402455442,3.367295829986474,0.00016918855696872954,176.0,0.0,0.0,0.0,0.00443987474879656,0.025080648825480487,5.25227342804663,0.00026481881979079314
pg-2021 35,staphylococcus lugdunensis,0.012500180325740417,0.12298327479390998,7.458186157340487,0.00016588173353623796,0.00012262504147611696,0.0016299683382256425,2.8903717578961645,0.00016588173353623796,176.0,0.0,0.0,0.0,0.005643287333428179,0.027666251326780193,5.476463551931511,0.0003245558993443971
pg-2021 38,staphylococcus lugdunensis,0.012941578019227488,0.12630201852865686,7.507141079727608,0.0002559599564868074,0.00027732741701510366,0.0023036396083812665,3.6888794541139363,0.0002559599564868074,176.0,0.0,0.0,0.0,0.006046119235095613,0.027872816021166917,5.556828061699537,0.0004052728125933194
pg-2021 4,staphylococcus lugdunensis,0.01499265066144047,0.14413237535379925,7.228388451573604,0.0002503810145874156,0.0002068792804956392,0.002275201393424777,2.995732273553991,0.0002503810145874156,176.0,0.0,0.0,0.0,0.006001165940811358,0.028448649188847062,5.170483995038151,0.0005225342913128674
pg-2021 40,staphylococcus lugdunensis,0.010513789724205516,0.10749256342957131,7.315218389752975,0.00016097987751531058,0.00012600100800806406,0.0017217847769028871,2.9444389791664403,0.00016097987751531058,176.0,0.0,0.0,0.0,0.005635496948367265,0.029251406317611424,5.537334267018537,0.00027296587926509185
pg-2021 41,staphylococcus lugdunensis,0.01055316215750474,0.10771934661244745,7.3343293503005365,0.0001585222965056172,0.00012407717600347416,0.0016954993452339927,2.9444389791664403,0.0001585222965056172,176.0,0.0,0.0,0.0,0.005534779356768885,0.028879965044422713,5.560681631015528,0.00026880052933027316
pg-2021 43,staphylococcus lugdunensis,0.010511804239186628,0.10762974705355297,7.330405211844402,0.0001585222965056172,0.00011029082311419925,0.001550761596250603,2.833213344056216,0.0001585222965056172,176.0,0.0,0.0,0.0,0.005537027535488285,0.028894995420101592,5.560681631015528,0.00026880052933027316
pg-2021 46,staphylococcus lugdunensis,0.016918014487866704,0.1553860819828408,7.283448228756631,0.00025576042223720614,0.0001511645484249817,0.0025808551698481715,2.6390573296152584,0.00024413494849915134,176.0,0.0,0.0,0.0,0.0058172963100754215,0.028919230136535613,5.153291594497779,0.0005580357142857143
pg-2021 47,staphylococcus lugdunensis,0.013032827045565899,0.12614340203660288,7.529943370601589,0.00025195086958043183,0.00023798524491481528,0.0019666165097805928,3.5553480614894135,0.00025195086958043183,176.0,0.0,0.0,0.0,0.005954433639101547,0.02670875590480668,5.560681631015528,0.00039892500209960527
pg-2021 5,staphylococcus lugdunensis,0.017395642413265803,0.15979918023898854,7.380879035564116,0.0002710849905662423,0.00018437577952995022,0.002862657500379519,2.8903717578961645,0.00024939819132094293,176.0,0.0,0.0,0.0,0.005460087763373866,0.02760126437905302,5.099866427824199,0.00048796356538711777
pg-2021 64,staphylococcus lugdunensis,0.012862685560053981,0.1251695516807579,7.5126175446745105,0.0002530097619599823,0.0002671015266960947,0.0021365268787731837,3.6635616461296463,0.0002530097619599823,176.0,0.0,0.0,0.0,0.0061880907586644605,0.028355804664916037,5.6131281063880705,0.00040059878976997197
pg-2021 67,staphylococcus lugdunensis,0.01491596866886115,0.1427050747306222,7.2254814727822945,0.00024982620785540496,0.00021728502362974633,0.002487400069516858,3.044522437723423,0.00024982620785540496,176.0,0.0,0.0,0.0,0.005932404488287739,0.0281096738092887,5.170483995038151,0.0005213764337851929
pg-2021 68,staphylococcus lugdunensis,0.01501109515729017,0.14435490010549556,7.2305631534092925,0.00025014410475600074,0.00020668349142807414,0.0022730486040871373,2.995732273553991,0.00025014410475600074,176.0,0.0,0.0,0.0,0.0059972583961617545,0.02842497670083877,5.170483995038151,0.0005220398707951319
pg-2021 74,staphylococcus lugdunensis,0.01685190152425158,0.15631631725006412,7.27655640271871,0.00025652386837993516,0.0001399531157062384,0.0025768988596348032,2.5649493574615367,0.00024486369254448357,176.0,0.0,0.0,0.0,0.00551618196417973,0.027608717826663493,5.0689042022202315,0.000524714030853185
pg-2021 76,staphylococcus lugdunensis,0.011497303190268534,0.10831259547185508,7.38025578842646,0.00017211827394057616,0.00020083201836178452,0.003062270957192751,3.367295829986474,0.00016494667919305216,176.0,0.0,0.0,0.0,0.0045375775264502,0.025752404591995036,5.298317366548036,0.00025818111405150713
pg-2021 8,staphylococcus lugdunensis,0.012799404412501611,0.12451595817019662,7.489412083508719,0.00025767846022804546,0.0002648722170520438,0.0020327967417990253,3.6375861597263857,0.00025767846022804546,176.0,0.0,0.0,0.0,0.006301066334302728,0.028871214163745842,5.6131281063880705,0.0004079967360261118
pg-2021 84,staphylococcus lugdunensis,0.01297460290495201,0.12454438003836055,7.51425465281641,0.00025479329893623797,0.00024067047964210884,0.00198880325003008,3.5553480614894135,0.00025479329893623797,176.0,0.0,0.0,0.0,0.006051296373877019,0.026992113135708456,5.564520407322694,0.00040342272331571013
pg-2021 86,staphylococcus lugdunensis,0.012934131736526947,0.12420667065826084,7.515889085215125,0.0002535836297679005,0.0002324827751398419,0.001838481315817279,3.5263605246161616,0.0002535836297679005,176.0,0.0,0.0,0.0,0.0058880591964265575,0.025710835437479415,5.568344503761097,0.00040151307030705184
pg-2021 87,staphylococcus lugdunensis,0.012925203793281726,0.12618615981644618,7.509883061154913,0.00025493584114664477,0.00025497014724526,0.0020040789734583463,3.6109179126442243,0.00025493584114664477,176.0,0.0,0.0,0.0,0.0060502709773874045,0.027263631815907952,5.560681631015528,0.0004036541321436159
pg-2021 88,staphylococcus lugdunensis,0.01742817790406368,0.16013532562729066,7.382746449738912,0.0002710849905662423,0.00018437577952995022,0.002862657500379519,2.8903717578961645,0.00024939819132094293,176.0,0.0,0.0,0.0,0.005451322698237517,0.027552779675352135,5.099866427824199,0.00048796356538711777
pg-2021 89,staphylococcus lugdunensis,0.01213276310896244,0.09714445038221148,6.259581464064923,0.0008829201421966124,0.00199907019990702,0.00994446897000395,4.465908118654584,0.0008829201421966124,176.0,0.0,0.0,0.0,0.03065574879880896,0.07183700295760763,6.118097198041348,0.003276174543426739
pg-2021 9,staphylococcus lugdunensis,0.012952873587585593,0.12634249053190888,7.51425465281641,0.00025436662709852465,0.0002544007801623925,0.001999604318580069,3.6109179126442243,0.00025436662709852465,176.0,0.0,0.0,0.0,0.006075221444140425,0.02726369955764196,5.572154032177765,0.00040274715957266407
pg-2021 90,staphylococcus lugdunensis,0.011601241062997437,0.10439844469916616,6.248042874508429,0.0009439687141797586,0.0012366776093897557,0.005506484166048592,4.02535169073515,0.0009439687141797586,176.0,0.0,0.0,0.0,0.01612483745123537,0.05010095911155982,5.517452896464707,0.003506169509810532
pg-2021 93,staphylococcus lugdunensis,0.011094742657213885,0.10317770772452196,6.180016653652572,0.0006212752249246416,0.0007366482504604051,0.004671069283692676,3.4965075614664802,0.0006212752249246416,176.0,0.0,0.0,0.0,0.016857314870559904,0.04885337491067368,5.53338948872752,0.0015187077177964933
pg-2021 1,staphylococcus nepalensis,0.022678418632477444,0.1978520352800423,8.089789175789319,0.00015998441890876714,0.00021565967511913458,0.0029910130491639076,3.4657359027997265,0.00015998441890876714,469.0,0.0,0.0,0.0,0.005838006803346511,0.03074448118687997,5.541263545158426,0.0003130151708019449
pg-2021 10,staphylococcus nepalensis,0.015002155279020301,0.1409827030693573,7.66105638236183,0.00017664349104064213,0.00011306701340550778,0.001639251596857159,2.833213344056216,0.0001483805324741394,469.0,0.0,0.0,0.0,0.005265966084394646,0.027911388117336223,5.429345628954441,0.00031795828387315585
pg-2021 12,staphylococcus nepalensis,0.012048857150734787,0.11922172981094624,7.466799475018602,0.00015162897767607915,9.650380500716886e-05,0.0015369664555348022,2.70805020110221,0.00015162897767607915,469.0,0.0,0.0,0.0,0.0048742945100051305,0.026813223415771505,5.43372200355424,0.00022744660174100036
pg-2021 14,staphylococcus nepalensis,0.012042047216956746,0.11911227513956854,7.466227556215481,0.00015163002274450342,9.650447022492434e-05,0.0015369770487283754,2.70805020110221,0.00015163002274450342,469.0,0.0,0.0,0.0,0.004872315418313922,0.026799275920184766,5.43372200355424,0.00022744660174100036
pg-2021 15,staphylococcus nepalensis,0.012097191108047562,0.11954648838651871,7.470793774195062,0.00015163002274450342,9.650447022492434e-05,0.0015369770487283754,2.70805020110221,0.00015163002274450342,469.0,0.0,0.0,0.0,0.0048742945100051305,0.026813223415771505,5.43372200355424,0.00022744660174100036
pg-2021 16,staphylococcus nepalensis,0.015087823588524195,0.14101938140828327,7.665284718471351,0.00017690222967570282,0.0001415408132935132,0.0019388484372457031,3.044522437723423,0.0001556739621146185,469.0,0.0,0.0,0.0,0.005189484465687948,0.02766885979486498,5.43372200355424,0.0003184240134162651
pg-2021 17,staphylococcus nepalensis,0.014880377493860206,0.13965551731035863,7.67693714581808,0.00017244828276000027,0.00011038136762514487,0.0015520345448400024,2.833213344056216,0.00015175448882880023,469.0,0.0,0.0,0.0,0.0050383983664047585,0.027069032508742392,5.429345628954441,0.00031041119135815243
pg-2021 18,staphylococcus nepalensis,0.014982460436940409,0.14018610815015414,7.640603826393634,0.00018005819480856213,0.00014406627048442282,0.001973437815101841,3.044522437723423,0.00015845121143153468,469.0,0.0,0.0,0.0,0.005132050711222553,0.02735097372206114,5.393627546352362,0.00032410708498087766
pg-2021 19,staphylococcus nepalensis,0.014583643359765301,0.1391392455290083,7.629975707027789,0.00017005356687356519,0.000162989944229093,0.0020477283677691805,3.1780538303479458,0.00017005356687356519,469.0,0.0,0.0,0.0,0.005523023689113654,0.028718545329196828,5.521460917862246,0.0003188504378879347
pg-2021 2,staphylococcus nepalensis,0.015118699369936994,0.13965392376760438,7.67368812926773,0.00017578028870154615,0.00014767517088126918,0.0019335831757170078,3.091042453358316,0.00015468665405736062,469.0,0.0,0.0,0.0,0.005031736872475476,0.02665827507923307,5.389071729816501,0.00031640896913957855
pg-2021 22,staphylococcus nepalensis,0.01208193255467369,0.1194413640144164,7.463936604468925,0.0001524812863875797,9.704632575678805e-05,0.0015456057665650124,2.70805020110221,0.0001524812863875797,469.0,0.0,0.0,0.0,0.004908398096919334,0.02700266252961278,5.43372200355424,0.00022872351485663195
pg-2021 23,staphylococcus nepalensis,0.022144021972362888,0.1952126556387536,8.038189179973203,0.00015733728106874924,0.00017166399633783476,0.0027534024187031115,3.2188758248682006,0.00015733728106874924,469.0,0.0,0.0,0.0,0.006187891056312109,0.03197674418604651,5.598421958998375,0.00032182625673153256
pg-2021 27,staphylococcus nepalensis,0.01510946173517121,0.1456980487842905,7.569927655242652,0.00018709219747581443,0.00021050990176204584,0.002876542536190647,3.332204510175204,0.0001792966892476555,469.0,0.0,0.0,0.0,0.005166089786640492,0.024918280110636157,5.303304908059076,0.0003274164503379406
pg-2021 29,staphylococcus nepalensis,0.015225571053931816,0.1410959945276279,7.602900462204755,0.00019001292087861973,0.00016723552082462316,0.001953332826632211,3.1354942159291497,0.00016721137037318536,469.0,0.0,0.0,0.0,0.005251706804711531,0.027532100479984407,5.351858133476067,0.00034202845676760304
pg-2021 31,staphylococcus nepalensis,0.012322125315584118,0.11960068560445786,7.449498005382849,0.00017211827394057616,0.00010758858126524171,0.0013339166230394654,2.772588722239781,0.00015777508444552815,469.0,0.0,0.0,0.0,0.003938352266259932,0.022367751498926967,5.159055299214529,0.00023666602121388155
pg-2021 33,staphylococcus nepalensis,0.012344770760991114,0.11918966037236195,7.425953657077541,0.00017654458118476126,0.0001103557870574733,0.0013682205041818999,2.772588722239781,0.00016183253275269782,469.0,0.0,0.0,0.0,0.003902416226573819,0.022127311554364124,5.123963979403259,0.00024275058480822704
pg-2021 35,staphylococcus nepalensis,0.014613598003433401,0.13883579872054697,7.614312146452,0.00016588173353623796,0.00015869123014556315,0.0014424498568368516,3.1354942159291497,0.00016588173353623796,469.0,0.0,0.0,0.0,0.005358751837625077,0.028450782223452858,5.424950017481403,0.0003245558993443971
pg-2021 38,staphylococcus nepalensis,0.014968143807952672,0.138716076418267,7.652545692693921,0.00017774996978250514,0.00012088630998094263,0.001521539741338244,2.8903717578961645,0.00015641997340860452,469.0,0.0,0.0,0.0,0.005179040119985002,0.02725696820400529,5.402677381872279,0.00031995222046841005
pg-2021 4,staphylococcus nepalensis,0.016244760193804778,0.14941214892227303,7.30854279753919,0.0002503810145874156,0.00018510251412767718,0.002460265621598084,2.8903717578961645,0.0002503810145874156,469.0,0.0,0.0,0.0,0.005761119303178903,0.029248142842866184,5.1298987149230735,0.0004898758981058132
pg-2021 40,staphylococcus nepalensis,0.012130757384852303,0.12002799650043744,7.458186157340487,0.00015398075240594924,9.800078400627205e-05,0.0015608048993875766,2.70805020110221,0.00015398075240594924,469.0,0.0,0.0,0.0,0.004833608054528445,0.02697966248377326,5.384495062789089,0.0002309711286089239
pg-2021 41,staphylococcus nepalensis,0.01209029812166121,0.11943621200634089,7.470224135899966,0.00015163002274450342,9.650447022492434e-05,0.0015369770487283754,2.70805020110221,0.00015163002274450342,469.0,0.0,0.0,0.0,0.004872315418313922,0.026799275920184766,5.43372200355424,0.00022744660174100036
pg-2021 43,staphylococcus nepalensis,0.012042047216956746,0.11911227513956854,7.466227556215481,0.00015163002274450342,9.650447022492434e-05,0.0015369770487283754,2.70805020110221,0.00015163002274450342,469.0,0.0,0.0,0.0,0.0048742945100051305,0.026813223415771505,5.43372200355424,0.00022744660174100036
pg-2021 46,staphylococcus nepalensis,0.018499354673674175,0.16736031993303727,7.3727463664043285,0.0002790113697133158,0.0001279084640519076,0.0018949522193029366,2.4849066497880004,0.00024413494849915134,469.0,0.0,0.0,0.0,0.006595190584097135,0.03322914953117289,5.278114659230517,0.0005231584821428571
pg-2021 47,staphylococcus nepalensis,0.015146636802687758,0.1420582986317668,7.68017564043659,0.00017496588165307766,0.0001329917545112203,0.0017776533575952688,2.995732273553991,0.00015396997585470832,469.0,0.0,0.0,0.0,0.0051267903533577025,0.027313229005753687,5.4116460518550396,0.0003149407911312673
pg-2021 5,staphylococcus nepalensis,0.01903326211675903,0.169720890893713,7.470793774195062,0.00026024159094359265,0.00017353014543995316,0.0024397649150961808,2.833213344056216,0.00022771139207564356,469.0,0.0,0.0,0.0,0.0060630422403108565,0.030990321634568385,5.204006687076795,0.00048796356538711777
pg-2021 64,staphylococcus nepalensis,0.015034581646423751,0.13798168490445367,7.668561108015897,0.00017570122358332102,0.0001476087384373155,0.0019327134594165315,3.091042453358316,0.00015461707675332252,469.0,0.0,0.0,0.0,0.005100074801097082,0.02698766467330141,5.420534999272286,0.0003162622024499779
pg-2021 67,staphylococcus nepalensis,0.01577420721572206,0.14569212721584984,7.2813856635702825,0.00024982620785540496,0.00018469227008528438,0.0024548140424052833,2.8903717578961645,0.00024982620785540496,469.0,0.0,0.0,0.0,0.005762907217193803,0.02929462493005497,5.14166355650266,0.0004887904066736184
pg-2021 68,staphylococcus nepalensis,0.01622938693817169,0.14927077555548304,7.30854279753919,0.00025014410475600074,0.0001849273344356453,0.0024579377249937463,2.8903717578961645,0.00025014410475600074,469.0,0.0,0.0,0.0,0.005757368060315285,0.029223805085874053,5.1298987149230735,0.0004894123788704363
pg-2021 74,staphylococcus nepalensis,0.018263029610365376,0.16452508103822205,7.356918242356021,0.00027984422005083835,0.0001632786349906115,0.002378675870432126,2.70805020110221,0.00024486369254448357,469.0,0.0,0.0,0.0,0.006039870125336033,0.030634796504709124,5.159055299214529,0.000524714030853185
pg-2021 76,staphylococcus nepalensis,0.012322125315584118,0.11960068560445786,7.449498005382849,0.00017211827394057616,0.00010758858126524171,0.0013339166230394654,2.772588722239781,0.00015777508444552815,469.0,0.0,0.0,0.0,0.003921926304268515,0.02225078675590621,5.153291594497779,0.00023666602121388155
pg-2021 8,staphylococcus nepalensis,0.01497558950277034,0.13738556571158622,7.646353722445999,0.0001789433751583649,0.0001503328799484573,0.001968377126742014,3.091042453358316,0.0001574701701393611,469.0,0.0,0.0,0.0,0.00514702488113373,0.027163655971960098,5.4116460518550396,0.00032210268633640405
pg-2021 84,staphylococcus nepalensis,0.015098105835386053,0.14156598792562866,7.665753431861699,0.00017693979092794305,0.00013449232685882554,0.0017977082758279012,2.995732273553991,0.00015570701601658987,469.0,0.0,0.0,0.0,0.0051901503514406745,0.027513371407850602,5.4116460518550396,0.0003184916236702975
pg-2021 86,staphylococcus nepalensis,0.015258893976752378,0.14204205261860317,7.681099001536359,0.00015496777374705034,0.0001408986515999042,0.001930053182122354,3.044522437723423,0.00015496777374705034,469.0,0.0,0.0,0.0,0.004963115031470661,0.026589087715446262,5.3981627015177525,0.0003169840028739883
pg-2021 87,staphylococcus nepalensis,0.015035730220897044,0.1399739398917939,7.66105638236183,0.00017703877857405887,0.00013456757771277612,0.0017987139903124381,2.995732273553991,0.0001557941251451718,469.0,0.0,0.0,0.0,0.005162586432442534,0.027331847742052846,5.402677381872279,0.00031867431485022306
pg-2021 88,staphylococcus nepalensis,0.01902241695315974,0.1696992040944677,7.470224135899966,0.00026024159094359265,0.00017353014543995316,0.0024397649150961808,2.833213344056216,0.00022771139207564356,469.0,0.0,0.0,0.0,0.006120196648941507,0.031196122442340848,5.214935757608986,0.00048796356538711777
pg-2021 89,staphylococcus nepalensis,0.01129602082558572,0.10100141731917563,6.18826412308259,0.0007899811798601268,0.0007205950720595072,0.004251957526894212,3.4657359027997265,0.0007899811798601268,469.0,0.0,0.0,0.0,0.019422074846044527,0.047978968123562275,5.662960480135946,0.0027882336539802035
pg-2021 9,staphylococcus nepalensis,0.014995088790429148,0.1408696512350913,7.660585461703256,0.00017664349104064213,0.00011306701340550778,0.001639251596857159,2.833213344056216,0.0001483805324741394,469.0,0.0,0.0,0.0,0.005263646060381208,0.027895639613613795,5.429345628954441,0.00031795828387315585
pg-2021 90,staphylococcus nepalensis,0.010904267278204956,0.10705054727709977,6.186208623900494,0.0006293124761198391,0.0003147906642083015,0.0024498235677522305,2.70805020110221,0.0006293124761198391,469.0,0.0,0.0,0.0,0.009362808842652795,0.03792276627965674,4.976733742420574,0.0014833794079967635
pg-2021 93,staphylococcus nepalensis,0.014156155050179541,0.12020525092616029,6.423246963533519,0.0008743873535976438,0.001565377532228361,0.007685404634252974,4.23410650459726,0.0008743873535976438,469.0,0.0,0.0,0.0,0.02261020804067162,0.055349834340284544,5.82600010738045,0.004141930139444981
pg-2021 1,staphylococcus pasteuri,0.0198818774391474,0.17909907904621464,7.958227192322312,0.0001738961075095295,0.00023652996625969598,0.00288667538465819,3.5553480614894135,0.00015998441890876714,346.0,0.0,0.0,0.0,0.005263399834513193,0.02864420412905532,5.438079308923196,0.0002712798146950189
pg-2021 10,staphylococcus pasteuri,0.013588857560789468,0.13210813407947544,7.562161631225652,0.0001554462721157651,8.480026005413083e-05,0.0012082414787179922,2.5649493574615367,0.0001554462721157651,346.0,0.0,0.0,0.0,0.004639617695501891,0.024140189237404873,5.303304908059076,0.00031795828387315585
pg-2021 12,staphylococcus pasteuri,0.011111417463949929,0.11333576858661117,7.385851078125209,0.00014473675141807554,6.20381603617514e-05,0.0012406007264406476,2.302585092994046,0.00013784452516007195,346.0,0.0,0.0,0.0,0.0045108602702240465,0.025605795653260054,5.356586274672012,0.00022744660174100036
pg-2021 14,staphylococcus pasteuri,0.011118387041185594,0.11344682610793301,7.3864708488298945,0.0001447377489833896,6.203858800173708e-05,0.0012406092770004824,2.302585092994046,0.00013784547522227583,346.0,0.0,0.0,0.0,0.004530398546853296,0.02573812446682341,5.3612921657094255,0.00022744660174100036
pg-2021 15,staphylococcus pasteuri,0.011145958986731002,0.11360534840443863,7.388946097618437,0.0001447377489833896,6.203858800173708e-05,0.0012406092770004824,2.302585092994046,0.00013784547522227583,346.0,0.0,0.0,0.0,0.0045108602702240465,0.025605795653260054,5.356586274672012,0.00022744660174100036
pg-2021 16,staphylococcus pasteuri,0.01353799555574427,0.1301575845061951,7.5569505720129,0.0001556739621146185,9.200152864078358e-05,0.0013515330347223695,2.6390573296152584,0.0001485978729275904,346.0,0.0,0.0,0.0,0.0046204620462046205,0.024478855142774862,5.318119993844216,0.0003184240134162651
pg-2021 17,staphylococcus pasteuri,0.013790391567096221,0.13290244255747702,7.600902459542082,0.00015175448882880023,9.658369667200176e-05,0.001193342116699202,2.70805020110221,0.00015175448882880023,346.0,0.0,0.0,0.0,0.0046610733786123315,0.024716142123213745,5.351858133476067,0.00031041119135815243
pg-2021 18,staphylococcus pasteuri,0.01356344855901865,0.13151450548817378,7.5411524551363085,0.00015845121143153468,0.00010084638933909599,0.0012460027080752499,2.70805020110221,0.00015845121143153468,346.0,0.0,0.0,0.0,0.004311859958287442,0.02299034268624004,5.220355825078324,0.00032410708498087766
pg-2021 19,staphylococcus pasteuri,0.013981306291942146,0.13123175466938752,7.587817219993427,0.0001629680015871666,0.00017716298285770977,0.0026004024601082674,3.258096538021482,0.0001629680015871666,346.0,0.0,0.0,0.0,0.004347440333599503,0.02354791451223716,5.2832037287379885,0.0003188504378879347
pg-2021 2,staphylococcus pasteuri,0.013627925292529253,0.13187037258389994,7.569927655242652,0.00015468665405736062,0.00010548226491519226,0.0014906168481891116,2.772588722239781,0.00015468665405736062,346.0,0.0,0.0,0.0,0.004708597807270629,0.024433005911573647,5.3230099791384085,0.00031640896913957855
pg-2021 22,staphylococcus pasteuri,0.011132291269538696,0.11368172996950374,7.382124365737512,0.0001455503188245079,6.238692370079231e-05,0.001247574161352925,2.302585092994046,0.0001386193512614361,346.0,0.0,0.0,0.0,0.0044993649221760565,0.025493196922367345,5.3471075307174685,0.00022872351485663195
pg-2021 23,staphylococcus pasteuri,0.020048350642291077,0.1791857080535233,7.938802248154481,0.0002932194783553963,0.00032186999313344014,0.0035901506862050965,3.828641396489095,0.00017164067025681736,346.0,0.0,0.0,0.0,0.006302907618697093,0.03076923076923077,5.616771097666572,0.0005792872621167586
pg-2021 27,staphylococcus pasteuri,0.01391660949292085,0.13158817889132282,7.487733761436444,0.00020268321393213231,0.00016372992359270234,0.0019410815488115748,3.091042453358316,0.00020268321393213231,346.0,0.0,0.0,0.0,0.005760190112104148,0.02698013578073925,5.4116460518550396,0.0003274164503379406
pg-2021 29,staphylococcus pasteuri,0.013902930333320664,0.13420232575815155,7.512071245835466,0.0001596108535380406,0.00011402421874406124,0.0017557193889184465,2.772588722239781,0.0001596108535380406,346.0,0.0,0.0,0.0,0.004751544251881862,0.024194137855419927,5.25227342804663,0.00034202845676760304
pg-2021 31,staphylococcus pasteuri,0.011934817535001148,0.11562045051958204,7.417580402414544,0.00017928986868810017,0.0002438674508678812,0.0026965196250690266,3.5553480614894135,0.00017928986868810017,346.0,0.0,0.0,0.0,0.0038928221822569263,0.024314697227814774,5.147494476813453,0.00021515092837625594
pg-2021 33,staphylococcus pasteuri,0.011822435406980166,0.11509235488403227,7.382746449738912,0.00018390060540079297,0.00025013978399693944,0.0027658651052279264,3.5553480614894135,0.00018390060540079297,346.0,0.0,0.0,0.0,0.00392578398840959,0.024489981371257213,5.1298987149230735,0.00022068234982566094
pg-2021 35,staphylococcus pasteuri,0.013856229893679944,0.13201301089770867,7.561121589530238,0.0001586694842520537,0.0001298382792100062,0.0016371805875098266,2.9444389791664403,0.0001586694842520537,346.0,0.0,0.0,0.0,0.0050030824678712,0.026351008352946605,5.356586274672012,0.0003245558993443971
pg-2021 38,staphylococcus pasteuri,0.013737982820410718,0.131776717597958,7.566828479208331,0.00015641997340860452,0.00012799726939158632,0.001798829694198952,2.9444389791664403,0.00015641997340860452,346.0,0.0,0.0,0.0,0.00485095613048369,0.025272569682040055,5.337538079701318,0.00031995222046841005
pg-2021 4,staphylococcus pasteuri,0.015123305569165442,0.13962551709122578,7.237059026124737,0.0002503810145874156,0.00025043281323156323,0.003559764859568909,3.1780538303479458,0.0002503810145874156,346.0,0.0,0.0,0.0,0.004526593738211996,0.024317931976414936,4.890349128221754,0.0004898758981058132
pg-2021 40,staphylococcus pasteuri,0.011045779084418311,0.11254593175853018,7.364547014255642,0.00014698162729658793,7.000056000448004e-05,0.0013998250218722659,2.3978952727983707,0.0001399825021872266,346.0,0.0,0.0,0.0,0.004432663607609035,0.025032453483340544,5.298317366548036,0.0002309711286089239
pg-2021 41,staphylococcus pasteuri,0.011145958986731002,0.11360534840443863,7.388946097618437,0.0001447377489833896,6.203858800173708e-05,0.0012406092770004824,2.302585092994046,0.00013784547522227583,346.0,0.0,0.0,0.0,0.004509028742387007,0.025592476228126756,5.356586274672012,0.00022744660174100036
pg-2021 43,staphylococcus pasteuri,0.011111494054799241,0.11333654972775518,7.385851078125209,0.0001447377489833896,6.203858800173708e-05,0.0012406092770004824,2.302585092994046,0.00013784547522227583,346.0,0.0,0.0,0.0,0.0045108602702240465,0.025605795653260054,5.356586274672012,0.00022744660174100036
pg-2021 46,staphylococcus pasteuri,0.017941234608095068,0.16500034876421213,7.342131730584722,0.00032551326466553513,0.00033721322340957453,0.002325094747610965,3.4011973816621555,0.00032551326466553513,346.0,0.0,0.0,0.0,0.006426083133222849,0.030465537094916926,5.25227342804663,0.0005231584821428571
pg-2021 47,staphylococcus pasteuri,0.01376076153146217,0.13277110963362143,7.584264818389059,0.00015396997585470832,0.0001329917545112203,0.0017776533575952688,2.995732273553991,0.00015396997585470832,346.0,0.0,0.0,0.0,0.0045290479803204815,0.023731166185326974,5.288267030694535,0.0003149407911312673
pg-2021 5,staphylococcus pasteuri,0.01798128124762762,0.16429919108238816,7.413970290190444,0.0003036151894341914,0.00040128846132989163,0.003285550085662857,3.6375861597263857,0.0003036151894341914,346.0,0.0,0.0,0.0,0.00643151442066124,0.030990321634568385,5.262690188904886,0.00048796356538711777
pg-2021 64,staphylococcus pasteuri,0.013741284300494826,0.13207109574311077,7.578656850594762,0.00014758902780998966,9.8405825624877e-05,0.0016164512569665536,2.70805020110221,0.00014758902780998966,346.0,0.0,0.0,0.0,0.004760069814357277,0.02493545468587947,5.351858133476067,0.0003162622024499779
pg-2021 67,staphylococcus pasteuri,0.015133244250344924,0.14028284671532848,7.2399325913204695,0.00024982620785540496,0.00021728502362974633,0.0031065345846367745,3.044522437723423,0.00024982620785540496,346.0,0.0,0.0,0.0,0.005152717041255635,0.026068924656857905,5.030437921392435,0.0005539624608967674
pg-2021 68,staphylococcus pasteuri,0.015108993603968151,0.1394934038087159,7.237059026124737,0.00025014410475600074,0.00025019580541293186,0.0035563966197918366,3.1780538303479458,0.00025014410475600074,346.0,0.0,0.0,0.0,0.004523646333104867,0.024297696711489816,4.890349128221754,0.0004894123788704363
pg-2021 74,staphylococcus pasteuri,0.01763326996862864,0.1607355238917003,7.321849713788356,0.0003264849233926448,0.00041985934711871525,0.0032998297614328024,3.6109179126442243,0.0003264849233926448,346.0,0.0,0.0,0.0,0.006423908110183989,0.030430791200571215,5.220355825078324,0.000524714030853185
pg-2021 76,staphylococcus pasteuri,0.011934817535001148,0.11562045051958204,7.417580402414544,0.00017928986868810017,0.0002438674508678812,0.0026965196250690266,3.5553480614894135,0.00017928986868810017,346.0,0.0,0.0,0.0,0.003899124407150675,0.024356189885200125,5.147494476813453,0.00021515092837625594
pg-2021 8,staphylococcus pasteuri,0.01375864389308059,0.13204589539686062,7.56164174558878,0.0001503124351330265,0.0001002219199656382,0.001646279051456957,2.70805020110221,0.0001503124351330265,346.0,0.0,0.0,0.0,0.004823893274246411,0.025231419070728858,5.3471075307174685,0.00032210268633640405
pg-2021 84,staphylococcus pasteuri,0.013533792009966307,0.13086466937030666,7.556427969440253,0.00015570701601658987,0.00011325669630216887,0.001373052777600838,2.833213344056216,0.00015570701601658987,346.0,0.0,0.0,0.0,0.004538472280407765,0.02395521711540205,5.278114659230517,0.0003184916236702975
pg-2021 86,staphylococcus pasteuri,0.013976752377597745,0.13358926495967316,7.59337419312129,0.00015496777374705034,0.00012680878643991377,0.001915965202690804,2.9444389791664403,0.00014792378403127531,346.0,0.0,0.0,0.0,0.004557041983441244,0.024173893951037435,5.313205979041787,0.0003169840028739883
pg-2021 87,staphylococcus pasteuri,0.013626351834670708,0.1318868084865309,7.562681246721884,0.0001557941251451718,9.915505726204556e-05,0.001359657819448772,2.70805020110221,0.0001557941251451718,346.0,0.0,0.0,0.0,0.004601943561951038,0.02414843785529128,5.288267030694535,0.00031867431485022306
pg-2021 88,staphylococcus pasteuri,0.017959590920429036,0.16406063629068987,7.4127640174265625,0.0003036151894341914,0.00040128846132989163,0.003285550085662857,3.6375861597263857,0.0003036151894341914,346.0,0.0,0.0,0.0,0.006421189926758303,0.030935883673270225,5.262690188904886,0.00048796356538711777
pg-2021 89,staphylococcus pasteuri,0.0196169579769431,0.12017007830107578,6.739336627357174,0.0010920328074537048,0.006717805671780567,0.023490322730546714,5.66988092298052,0.0010920328074537048,346.0,0.0,0.0,0.0,0.0474385869933004,0.09852119618797239,6.553933404025811,0.004042938798271295
pg-2021 9,staphylococcus pasteuri,0.013581791072198314,0.13196681928664292,7.56164174558878,0.0001554462721157651,8.480026005413083e-05,0.0012082414787179922,2.5649493574615367,0.0001554462721157651,346.0,0.0,0.0,0.0,0.004637573621481241,0.024126568565496075,5.303304908059076,0.00031795828387315585
pg-2021 90,staphylococcus pasteuri,0.017154548316021402,0.11876025442204392,6.638567789166521,0.0009664441597554671,0.00420470387192517,0.017867979232688288,5.236441962829949,0.0009664441597554671,346.0,0.0,0.0,0.0,0.041807542262678805,0.09225138818778394,6.467698726104354,0.003910727530173286
pg-2021 93,staphylococcus pasteuri,0.017125494889973298,0.11659265054419107,6.61338421837956,0.0026921926413401138,0.0051795580110497235,0.013483973400216296,5.420534999272286,0.0026921926413401138,346.0,0.0,0.0,0.0,0.0414743461101077,0.08926135256285324,6.431331081933479,0.005315477012287726
pg-2021 1,staphylococcus pettenkoferi,0.00904354117246033,0.091587601903119,7.170888478512505,0.00016694026320914832,0.00012522174684336847,0.001578976656186528,2.9444389791664403,0.00016694026320914832,34.0,0.0,0.0,0.0,0.00422910729061322,0.023058360890159977,5.220355825078324,0.0002712798146950189
pg-2021 10,staphylococcus pettenkoferi,0.006571834389773378,0.07065739641625686,6.836259277277067,0.00014131479283251372,6.360019504059812e-05,0.0012718331354926234,2.302585092994046,0.00014131479283251372,34.0,0.0,0.0,0.0,0.0046628157839794,0.024817650114039247,5.308267697401205,0.0002967610649482788
pg-2021 12,staphylococcus pettenkoferi,0.005459207587747112,0.06074808223804371,6.675823221634848,0.00014473675141807554,3.446564464541745e-05,0.0005582703268982915,1.791759469228055,0.00014473675141807554,34.0,0.0,0.0,0.0,0.004190182999828972,0.021754517445249397,5.2832037287379885,0.00022744660174100036
pg-2021 14,staphylococcus pettenkoferi,0.005452352231604342,0.06063822455027914,6.674561391814426,0.0001447377489833896,3.446588222318727e-05,0.0005582741746502171,1.791759469228055,0.0001447377489833896,34.0,0.0,0.0,0.0,0.004188481675392671,0.021743201348286553,5.2832037287379885,0.00022744660174100036
pg-2021 15,staphylococcus pettenkoferi,0.005473031190763398,0.06086566958439589,6.678342114654332,0.0001447377489833896,3.446588222318727e-05,0.0005582741746502171,1.791759469228055,0.0001447377489833896,34.0,0.0,0.0,0.0,0.004190182999828972,0.021754517445249397,5.2832037287379885,0.00022744660174100036
pg-2021 16,staphylococcus pettenkoferi,0.006928226685349525,0.07435554517729141,6.887552571664617,0.00014152178374056228,3.53852033233783e-05,0.0007076089187028113,1.791759469228055,0.00014152178374056228,34.0,0.0,0.0,0.0,0.004643222942983954,0.02472253605369841,5.3230099791384085,0.0002971957458551808
pg-2021 17,staphylococcus pettenkoferi,0.006995226137586578,0.07491843196225452,6.922643891475888,0.00013795862620800023,4.139301285942933e-05,0.0008277517572480013,1.9459101490553132,0.00013795862620800023,34.0,0.0,0.0,0.0,0.004749855728681138,0.025514829685273927,5.3706380281276624,0.0002897171119342756
pg-2021 18,staphylococcus pettenkoferi,0.0067349040906438855,0.07251303621330414,6.841615476477592,0.0001440465558468497,4.321988114532685e-05,0.0008642793350810982,1.9459101490553132,0.0001440465558468497,34.0,0.0,0.0,0.0,0.004733672345511213,0.02515924293965891,5.313205979041787,0.0003024999459821525
pg-2021 19,staphylococcus pettenkoferi,0.0064272908295953,0.06909134710767224,6.811244378601294,0.00014171130572797097,2.8346077257233565e-05,0.0005668452229118839,1.6094379124341003,0.00014171130572797097,34.0,0.0,0.0,0.0,0.005057226510513707,0.026714925887624957,5.43372200355424,0.00029759374202873904
pg-2021 2,staphylococcus pettenkoferi,0.0066733235823582355,0.07199257504060524,6.856461984594587,0.00014062423096123693,7.03215099434615e-05,0.0014062423096123692,2.3978952727983707,0.00014062423096123693,34.0,0.0,0.0,0.0,0.004893248701673398,0.025219717233473445,5.3612921657094255,0.00029531503786360666
pg-2021 22,staphylococcus pettenkoferi,0.005455238623366721,0.06063903520931522,6.669498089857879,0.0001455503188245079,3.465940205599573e-05,0.0005614083726088162,1.791759469228055,0.0001455503188245079,34.0,0.0,0.0,0.0,0.004197972056575746,0.02176146250445502,5.278114659230517,0.00022872351485663195
pg-2021 23,staphylococcus pettenkoferi,0.00854719194346694,0.08852367568495355,7.086737934510577,0.00017164067025681736,0.00010728999771114671,0.0011943329972036875,2.772588722239781,0.00017164067025681736,34.0,0.0,0.0,0.0,0.004278616120721384,0.02334525939177102,5.231108616854587,0.0003432813405136347
pg-2021 27,staphylococcus pettenkoferi,0.007554730867585605,0.07459521823525285,6.877296071497429,0.0001792966892476555,0.0001559332605644784,0.0016370567279133763,3.044522437723423,0.0001792966892476555,34.0,0.0,0.0,0.0,0.004081210931445989,0.022102087000251444,5.0689042022202315,0.0003274164503379406
pg-2021 29,staphylococcus pettenkoferi,0.00668161605412185,0.07269134301132477,6.779921907472252,0.0001520103367028958,7.601614582937416e-05,0.0015201033670289579,2.3978952727983707,0.0001520103367028958,34.0,0.0,0.0,0.0,0.004826568634806312,0.024657066978534706,5.267858159063328,0.0003192265596497629
pg-2021 31,staphylococcus pettenkoferi,0.006039132430571494,0.06343992713659737,6.736966958001855,0.00015777508444552815,5.738057667479558e-05,0.0006024139587920166,2.1972245773362196,0.00015777508444552815,34.0,0.0,0.0,0.0,0.0037107018462449065,0.02190313944998783,5.099866427824199,0.00027969620688913274
pg-2021 33,staphylococcus pettenkoferi,0.006084103348831735,0.06357811729916214,6.71901315438526,0.00016183253275269782,5.885641976398576e-05,0.0006179060341466644,2.1972245773362196,0.00016183253275269782,34.0,0.0,0.0,0.0,0.0035752675608730195,0.02103684856195193,5.0369526024136295,0.00028688705477335924
pg-2021 35,staphylococcus pettenkoferi,0.0067513957212308314,0.0740409511514356,6.842683282238422,0.00014424498568368517,7.213237733889233e-05,0.0014424498568368516,2.3978952727983707,0.00014424498568368517,34.0,0.0,0.0,0.0,0.0048133921373357995,0.02540495638931192,5.318119993844216,0.00030291883938810395
pg-2021 38,staphylococcus pettenkoferi,0.006591671881221913,0.07165456781872347,6.833031732786201,0.00014219997582600412,6.399863469579316e-05,0.001279799782434037,2.302585092994046,0.00014219997582600412,34.0,0.0,0.0,0.0,0.004663479565054369,0.024770767756945394,5.298317366548036,0.00029862207243718273
pg-2021 4,staphylococcus pettenkoferi,0.007371114377483804,0.07441759198780754,6.519147287940395,0.0002612671456564337,0.00014154898139175315,0.0017962116263879817,2.6390573296152584,0.0002612671456564337,34.0,0.0,0.0,0.0,0.004698055622235177,0.023884872913821246,4.927253685157205,0.0004898758981058132
pg-2021 40,staphylococcus pettenkoferi,0.005494890102197956,0.06116535433070866,6.666956792429207,0.00014698162729658793,3.500028000224002e-05,0.0005669291338582678,1.791759469228055,0.00014698162729658793,34.0,0.0,0.0,0.0,0.004120817926671716,0.02159238424924275,5.225746673713202,0.0002309711286089239
pg-2021 41,staphylococcus pettenkoferi,0.005466138204377046,0.06075539320421807,6.677083461247136,0.0001447377489833896,3.446588222318727e-05,0.0005582741746502171,1.791759469228055,0.0001447377489833896,34.0,0.0,0.0,0.0,0.004188481675392671,0.021743201348286553,5.2832037287379885,0.00022744660174100036
pg-2021 43,staphylococcus pettenkoferi,0.005452352231604342,0.06063822455027914,6.674561391814426,0.0001447377489833896,3.446588222318727e-05,0.0005582741746502171,1.791759469228055,0.0001447377489833896,34.0,0.0,0.0,0.0,0.004190182999828972,0.021754517445249397,5.2832037287379885,0.00022744660174100036
pg-2021 46,staphylococcus pettenkoferi,0.00782530841947374,0.08182008416842987,6.513230110912307,0.00026738589597526097,4.651216874614821e-05,0.00026738589597526097,1.6094379124341003,0.00026738589597526097,34.0,0.0,0.0,0.0,0.006358440152873136,0.02826122717552229,5.241747015059643,0.0005231584821428571
pg-2021 47,staphylococcus pettenkoferi,0.006810387065164136,0.07440949014942086,6.881411303642535,0.00013997270532246212,4.199739616143799e-05,0.0008398362319347728,1.9459101490553132,0.00013997270532246212,34.0,0.0,0.0,0.0,0.004598018254132469,0.02449235453466765,5.303304908059076,0.00029394473838918284
pg-2021 5,staphylococcus pettenkoferi,0.007938659754682399,0.08361345449025179,6.597145701886651,0.00024939819132094293,5.422817044998536e-05,0.0004662661837739368,1.791759469228055,0.00024939819132094293,34.0,0.0,0.0,0.0,0.006230529595015576,0.02792713526900642,5.231108616854587,0.00048796356538711777
pg-2021 64,staphylococcus pettenkoferi,0.00688821412505623,0.07336580291945154,6.8885724595653635,0.00014056097886665684,7.028987544634071e-05,0.0014056097886665682,2.3978952727983707,0.00014056097886665684,34.0,0.0,0.0,0.0,0.0048960718090531995,0.025244389522695677,5.37989735354046,0.0002951780556199793
pg-2021 67,staphylococcus pettenkoferi,0.007354778433225782,0.07539320472714633,6.519147287940395,0.00026068821689259646,0.00014123526535933512,0.0017922314911366006,2.6390573296152584,0.00026068821689259646,34.0,0.0,0.0,0.0,0.00464422522797383,0.023600276488594845,4.927253685157205,0.0004887904066736184
pg-2021 68,staphylococcus pettenkoferi,0.007364138711221337,0.07434717826574004,6.519147287940395,0.00026101993539756597,0.00014141502045078756,0.0017945120558582662,2.6390573296152584,0.00026101993539756597,34.0,0.0,0.0,0.0,0.004694996572995202,0.023864998002929037,4.927253685157205,0.0004894123788704363
pg-2021 74,staphylococcus pettenkoferi,0.007906982168472366,0.08216925911242741,6.520621127558696,0.00026818404421538676,5.831379821093267e-05,0.0005013875609244187,1.791759469228055,0.00026818404421538676,34.0,0.0,0.0,0.0,0.006423908110183989,0.028662745231376015,5.220355825078324,0.000524714030853185
pg-2021 76,staphylococcus pettenkoferi,0.006039132430571494,0.06343992713659737,6.736966958001855,0.00015777508444552815,5.738057667479558e-05,0.0006024139587920166,2.1972245773362196,0.00015777508444552815,34.0,0.0,0.0,0.0,0.0037167092302079533,0.021940516821062895,5.099866427824199,0.00027969620688913274
pg-2021 8,staphylococcus pettenkoferi,0.006829212421435423,0.07317352496975857,6.86171134048073,0.0001431547001266919,7.158708568974158e-05,0.001431547001266919,2.3978952727983707,0.0001431547001266919,34.0,0.0,0.0,0.0,0.004985459077690071,0.025703244360564394,5.37989735354046,0.0003006291739139771
pg-2021 84,staphylococcus pettenkoferi,0.006922619553214983,0.07508616967818191,6.88653164253051,0.00014155183274235444,4.2471261113313324e-05,0.0008493109964541266,1.9459101490553132,0.00014155183274235444,34.0,0.0,0.0,0.0,0.004678117581343388,0.024952406853413107,5.308267697401205,0.0002972588487589443
pg-2021 86,staphylococcus pettenkoferi,0.0067981683691440645,0.07263762194907196,6.873163834212518,0.0001408797943155003,4.226959547997126e-05,0.0008452787658930018,1.9459101490553132,0.0001408797943155003,34.0,0.0,0.0,0.0,0.004669840052338304,0.024547151169173345,5.337538079701318,0.0002958517360157224
pg-2021 87,staphylococcus pettenkoferi,0.006664447544919509,0.07223890320935898,6.848005274576363,0.0001416310228592471,6.3742536811315e-05,0.0012746792057332238,2.302585092994046,0.0001416310228592471,34.0,0.0,0.0,0.0,0.004508503083535787,0.023852835508663423,5.267858159063328,0.0002974293605268749
pg-2021 88,staphylococcus pettenkoferi,0.007960350081880984,0.08357008089176118,6.5998704992128365,0.00024939819132094293,5.422817044998536e-05,0.0004662661837739368,1.791759469228055,0.00024939819132094293,34.0,0.0,0.0,0.0,0.006287415136617505,0.028138316905761036,5.241747015059643,0.00048796356538711777
pg-2021 89,staphylococcus pettenkoferi,0.009483079211602826,0.0659634285183206,6.013715156042802,0.001161737029206069,0.00302185030218503,0.007876577058017148,4.875197323201151,0.001161737029206069,34.0,0.0,0.0,0.0,0.023211747986736146,0.05764048636214262,5.840641657373398,0.003415586226125749
pg-2021 9,staphylococcus pettenkoferi,0.00655770141259107,0.07062206771804873,6.834108738813838,0.00014131479283251372,6.360019504059812e-05,0.0012718331354926234,2.302585092994046,0.00014131479283251372,34.0,0.0,0.0,0.0,0.004660761489588648,0.024803647196894468,5.308267697401205,0.0002967610649482788
pg-2021 90,staphylococcus pettenkoferi,0.005913035658078151,0.05508731710606163,5.575949103146316,0.0007192142584226733,0.0005396411386428025,0.002247544557570854,3.2188758248682006,0.0007192142584226733,34.0,0.0,0.0,0.0,0.014564369310793237,0.04334931852599697,5.41610040220442,0.002090216438540894
pg-2021 93,staphylococcus pettenkoferi,0.008931037657674248,0.06935272325640258,5.963579343618446,0.0012195402563335558,0.002486187845303867,0.006857037667686785,4.6913478822291435,0.0012195402563335558,34.0,0.0,0.0,0.0,0.015051173991571343,0.040278048463587346,5.420534999272286,0.002899351097611487
pg-2021 1,staphylococcus pseudintermedius,0.010587899741911247,0.10483152945104476,7.328437352895162,0.0001460727303080048,9.043792827576611e-05,0.0016763584763918645,2.6390573296152584,0.0001460727303080048,360.0,0.0,0.0,0.0,0.004045233060586559,0.02290195727947091,5.176149732573829,0.0002712798146950189
pg-2021 10,staphylococcus pseudintermedius,0.00710182103410994,0.07411254310101181,6.913737350659685,0.00021197218924877057,0.00013426707841904047,0.0010739924255271042,2.995732273553991,0.00021197218924877057,360.0,0.0,0.0,0.0,0.0040132693066091355,0.021678748052299978,5.159055299214529,0.00031795828387315585
pg-2021 12,staphylococcus pseudintermedius,0.006065786208607902,0.06491098689787789,6.78105762593618,0.00014473675141807554,3.446564464541745e-05,0.0005582703268982915,1.791759469228055,0.00014473675141807554,360.0,0.0,0.0,0.0,0.0035915854284248334,0.020068282121742026,5.1298987149230735,0.00022744660174100036
pg-2021 14,staphylococcus pseudintermedius,0.006065828019989661,0.0649114342821697,6.78105762593618,0.0001447377489833896,3.446588222318727e-05,0.0005582741746502171,1.791759469228055,0.0001447377489833896,360.0,0.0,0.0,0.0,0.0035901271503365746,0.020057843157653816,5.1298987149230735,0.00022744660174100036
pg-2021 15,staphylococcus pseudintermedius,0.006079613992762365,0.06504927975739197,6.78332520060396,0.0001447377489833896,3.446588222318727e-05,0.0005582741746502171,1.791759469228055,0.0001447377489833896,360.0,0.0,0.0,0.0,0.0035915854284248334,0.020068282121742026,5.1298987149230735,0.00022744660174100036
pg-2021 16,staphylococcus pseudintermedius,0.007423605508612515,0.07763885056007246,6.956545443151569,0.0002122826756108434,0.00014861785395818883,0.0012241634293558637,3.091042453358316,0.0002122826756108434,360.0,0.0,0.0,0.0,0.003823830658927962,0.020668571808333886,5.1298987149230735,0.0003184240134162651
pg-2021 17,staphylococcus pseudintermedius,0.007264273296724523,0.07660842513330252,6.960347729101308,0.00020693793931200033,0.00011728020310171644,0.0009036290016624014,2.8903717578961645,0.00020693793931200033,360.0,0.0,0.0,0.0,0.003950814578061881,0.021262358071061607,5.187385805840755,0.00031041119135815243
pg-2021 18,staphylococcus pseudintermedius,0.00721751219125687,0.07522831379101726,6.910750787961936,0.00021606983377027455,0.00014406627048442282,0.0011019561522284003,3.044522437723423,0.00021606983377027455,360.0,0.0,0.0,0.0,0.0038431795280388066,0.020524645556037533,5.10594547390058,0.00032410708498087766
pg-2021 19,staphylococcus pseudintermedius,0.007391030138112347,0.07699883796729302,6.950814768442584,0.00021256695859195646,0.0001559034249147846,0.0012328883598333475,3.1354942159291497,0.00021256695859195646,360.0,0.0,0.0,0.0,0.0044361636057137785,0.022923129955187867,5.303304908059076,0.0003188504378879347
pg-2021 2,staphylococcus pseudintermedius,0.007165560306030603,0.0754097438529633,6.927557906278317,0.0002109363464418554,0.00013361086889257686,0.0010687441553054006,2.995732273553991,0.0002109363464418554,360.0,0.0,0.0,0.0,0.004039238315060588,0.022027917013194273,5.170483995038151,0.00031640896913957855
pg-2021 22,staphylococcus pseudintermedius,0.006086022250719162,0.06505406154699196,6.778784897685177,0.0001455503188245079,3.465940205599573e-05,0.0005614083726088162,1.791759469228055,0.0001455503188245079,360.0,0.0,0.0,0.0,0.00361671438720372,0.020210067297008322,5.1298987149230735,0.00022872351485663195
pg-2021 23,staphylococcus pseudintermedius,0.010435441879094785,0.1020975920244302,7.286191714702382,0.00015018558647471517,6.437399862668803e-05,0.001151422829639483,2.302585092994046,0.00015018558647471517,360.0,0.0,0.0,0.0,0.005014722119985278,0.026453488372093024,5.389071729816501,0.0003432813405136347
pg-2021 27,staphylococcus pseudintermedius,0.007843198403293207,0.08157999360768325,6.914730892718563,0.00021047872216029123,0.0001169499454233588,0.0010056205614325025,2.772588722239781,0.00021047872216029123,360.0,0.0,0.0,0.0,0.0035646019527819394,0.018606990193613275,4.9344739331306915,0.00030402956102808763
pg-2021 29,staphylococcus pseudintermedius,0.007342936414427426,0.07771528463935548,6.874198495453294,0.0002280155050543437,0.00014443067707581092,0.0011552785589420082,2.995732273553991,0.0002280155050543437,360.0,0.0,0.0,0.0,0.004026308550278841,0.02183076285846551,5.087596335232384,0.00034202845676760304
pg-2021 31,staphylococcus pseudintermedius,0.006749196694973605,0.06891902552370571,6.848005274576363,0.00015060348969800415,0.0001219337254339406,0.0017570407131433817,2.8903717578961645,0.00015060348969800415,360.0,0.0,0.0,0.0,0.0034830514262298813,0.021128786035089272,5.0369526024136295,0.00021515092837625594
pg-2021 33,staphylococcus pseudintermedius,0.006790359602142311,0.06879353846832864,6.828712071641684,0.0001544765085366661,0.00012506989199846972,0.0018022259329277712,2.8903717578961645,0.0001544765085366661,360.0,0.0,0.0,0.0,0.0035051642753657053,0.021218592394020627,5.017279836814924,0.00022068234982566094
pg-2021 35,staphylococcus pseudintermedius,0.007155325379766009,0.0750939395469265,6.900730664045173,0.00021636747852552777,0.00012262504147611696,0.000807771919828637,2.8903717578961645,0.00021636747852552777,360.0,0.0,0.0,0.0,0.004102053397828045,0.02198993954497208,5.159055299214529,0.0003245558993443971
pg-2021 38,staphylococcus pseudintermedius,0.007089424881961431,0.07501048724821717,6.905753276311464,0.00021329996373900615,0.00013510822880223,0.0010807198162776312,2.995732273553991,0.00021329996373900615,360.0,0.0,0.0,0.0,0.004077615298087739,0.022193330596231922,5.1647859739235145,0.00031995222046841005
pg-2021 4,staphylococcus pseudintermedius,0.009254722630518809,0.0928260396255171,6.7464121285733745,0.00023949488351839756,0.00010888383183981011,0.0017635532331809274,2.3978952727983707,0.00023949488351839756,360.0,0.0,0.0,0.0,0.0044237166077980864,0.023118691495386257,4.867534450455582,0.0004898758981058132
pg-2021 40,staphylococcus pseudintermedius,0.006026879462410752,0.06458092738407699,6.759255270663693,0.00014698162729658793,3.500028000224002e-05,0.0005669291338582678,1.791759469228055,0.00014698162729658793,360.0,0.0,0.0,0.0,0.0036975987882567826,0.020553872782345304,5.117993812416755,0.0002309711286089239
pg-2021 41,staphylococcus pseudintermedius,0.006079613992762365,0.06504927975739197,6.78332520060396,0.0001447377489833896,3.446588222318727e-05,0.0005582741746502171,1.791759469228055,0.0001447377489833896,360.0,0.0,0.0,0.0,0.0035901271503365746,0.020057843157653816,5.1298987149230735,0.00022744660174100036
pg-2021 43,staphylococcus pseudintermedius,0.006065828019989661,0.0649114342821697,6.78105762593618,0.0001447377489833896,3.446588222318727e-05,0.0005582741746502171,1.791759469228055,0.0001447377489833896,360.0,0.0,0.0,0.0,0.0035915854284248334,0.020068282121742026,5.1298987149230735,0.00022744660174100036
pg-2021 46,staphylococcus pseudintermedius,0.009988023673592781,0.10503615522332535,6.756932389247553,0.00025576042223720614,8.139629530575937e-05,0.0011857983212815923,2.0794415416798357,0.00025576042223720614,360.0,0.0,0.0,0.0,0.0041262218013325665,0.023918407632834347,4.812184355372417,0.0004185267857142857
pg-2021 47,staphylococcus pseudintermedius,0.0073983341499265064,0.07672603842250761,6.964135612418245,0.0002099590579836932,0.00014699088656503298,0.0012107639010392973,3.091042453358316,0.0002099590579836932,360.0,0.0,0.0,0.0,0.0039313056072832605,0.021044619070006942,5.147494476813453,0.0003149407911312673
pg-2021 5,staphylococcus pseudintermedius,0.010248679601331787,0.10821712823404393,6.852242569051878,0.00022771139207564356,4.338253635998829e-05,0.0008674719698119755,1.6094379124341003,0.00021686799245299387,360.0,0.0,0.0,0.0,0.003952701571031387,0.023560465343630852,4.77912349311153,0.0003903708523096942
pg-2021 64,staphylococcus pseudintermedius,0.007295883940620783,0.07724528593617126,6.946013991099227,0.00021084146829998524,0.00014057975089268142,0.0012088244182532487,3.044522437723423,0.00021084146829998524,360.0,0.0,0.0,0.0,0.003944057846181744,0.02173577244742591,5.1647859739235145,0.0003162622024499779
pg-2021 67,staphylococcus pseudintermedius,0.009234212213060436,0.0919577685088634,6.7464121285733745,0.0002281021897810219,9.777826063338584e-05,0.0017487834549878346,2.302585092994046,0.0002281021897810219,360.0,0.0,0.0,0.0,0.004440828502661107,0.02330403870840328,4.882801922586371,0.0004887904066736184
pg-2021 68,staphylococcus pseudintermedius,0.00924596440847583,0.09273820788062688,6.7464121285733745,0.0002392682741144355,0.00010878078496214429,0.0017618845639335704,2.3978952727983707,0.0002392682741144355,360.0,0.0,0.0,0.0,0.004420836189170664,0.02309945413393689,4.867534450455582,0.0004894123788704363
pg-2021 74,staphylococcus pseudintermedius,0.010064492052200077,0.1065273664326858,6.761572768804055,0.00024486369254448357,4.6651038568746136e-05,0.0009328140668361279,1.6094379124341003,0.00023320351670903198,360.0,0.0,0.0,0.0,0.004014942568864993,0.023868620584135188,4.7535901911063645,0.000419771224682548
pg-2021 76,staphylococcus pseudintermedius,0.006749196694973605,0.06891902552370571,6.848005274576363,0.00015060348969800415,0.0001219337254339406,0.0017570407131433817,2.8903717578961645,0.00015060348969800415,360.0,0.0,0.0,0.0,0.0034886902590295513,0.021164841983954612,5.0369526024136295,0.00021515092837625594
pg-2021 8,staphylococcus pseudintermedius,0.0072300886222743995,0.07685975849802089,6.918695219020472,0.00021473205019003787,0.00012169804567256068,0.0010736602509501894,2.8903717578961645,0.00021473205019003787,360.0,0.0,0.0,0.0,0.004016064257028112,0.022130852880381056,5.1647859739235145,0.00032210268633640405
pg-2021 84,staphylococcus pseudintermedius,0.007276536708287324,0.07577269606698232,6.9363427358340495,0.00021232774911353165,0.00014157087037771108,0.0010828715204790115,3.044522437723423,0.00021232774911353165,360.0,0.0,0.0,0.0,0.0039100684261974585,0.02087299428882241,5.1298987149230735,0.0003184916236702975
pg-2021 86,staphylococcus pseudintermedius,0.007692849594927792,0.07938576409678443,6.996681488176539,0.00021131969147325044,0.0001479435841798994,0.0012186102208290776,3.091042453358316,0.00021131969147325044,360.0,0.0,0.0,0.0,0.003790015114941232,0.020353496541881656,5.1298987149230735,0.0003169840028739883
pg-2021 87,staphylococcus pseudintermedius,0.00712479726906379,0.0743775316545336,6.914730892718563,0.00021244653428887064,0.00013456757771277612,0.001076395773730278,2.995732273553991,0.00021244653428887064,360.0,0.0,0.0,0.0,0.003947860213044291,0.02132884624130247,5.135798437050262,0.00031867431485022306
pg-2021 88,staphylococcus pseudintermedius,0.010248679601331787,0.10821712823404393,6.852242569051878,0.00022771139207564356,4.338253635998829e-05,0.0008674719698119755,1.6094379124341003,0.00021686799245299387,360.0,0.0,0.0,0.0,0.00394635630915354,0.02351907875475749,4.77912349311153,0.0003903708523096942
pg-2021 89,staphylococcus pseudintermedius,0.007553923391595389,0.07239945166012221,5.786897381366708,0.0005808685146030345,0.0002556950255695026,0.0015799623597202537,2.4849066497880004,0.0005808685146030345,360.0,0.0,0.0,0.0,0.007308655342762401,0.031613539270456785,4.6913478822291435,0.0011152934615920815
pg-2021 9,staphylococcus pseudintermedius,0.00710182103410994,0.07411254310101181,6.913737350659685,0.00021197218924877057,0.00013426707841904047,0.0010739924255271042,2.995732273553991,0.00021197218924877057,360.0,0.0,0.0,0.0,0.004011501182581274,0.02166651620474858,5.159055299214529,0.00031795828387315585
pg-2021 90,staphylococcus pseudintermedius,0.007711677683349071,0.07407906861753534,5.840641657373398,0.0006517879216955476,0.000629581328416603,0.0036185467376890746,3.367295829986474,0.0006517879216955476,360.0,0.0,0.0,0.0,0.012483745123537062,0.038679959616355376,5.262690188904886,0.002090216438540894
pg-2021 93,staphylococcus pseudintermedius,0.007941257711076328,0.07904001472652385,5.846438775057725,0.0005982650314089142,0.0005064456721915286,0.0035665799949377575,3.1354942159291497,0.0005982650314089142,360.0,0.0,0.0,0.0,0.008428657435279952,0.035275774702786984,4.844187086458591,0.0009664503658704957
pg-2021 1,staphylococcus saprophyticus,0.018692303946462235,0.16965999833059736,7.89655270164304,0.00015998441890876714,0.00017391909283801175,0.002817116941654378,3.258096538021482,0.0001460727303080048,331.0,0.0,0.0,0.0,0.004091201618093224,0.023840378943605328,5.187385805840755,0.0002712798146950189
pg-2021 10,staphylococcus saprophyticus,0.01281154381576251,0.12136114408456278,7.503289630675082,0.0001554462721157651,0.00010600032506766354,0.0014484766265332656,2.772588722239781,0.0001554462721157651,331.0,0.0,0.0,0.0,0.004755608137889438,0.024185353295847166,5.327876168789581,0.00031795828387315585
pg-2021 12,staphylococcus saprophyticus,0.009946510794342276,0.09804191852010118,7.275172319452771,0.00016541343019208635,0.00016543509429800375,0.001998745614821043,3.2188758248682006,0.00016541343019208635,331.0,0.0,0.0,0.0,0.005023943902856165,0.025397618452827047,5.4638318050256105,0.0003515083845088187
pg-2021 14,staphylococcus saprophyticus,0.00993968636911942,0.09803570197808258,7.274479558773871,0.00016541457026673098,0.0001654362346712989,0.0019987593907229997,3.2188758248682006,0.00016541457026673098,331.0,0.0,0.0,0.0,0.0050219040495779466,0.02538440731570296,5.4638318050256105,0.0003515083845088187
pg-2021 15,staphylococcus saprophyticus,0.00993968636911942,0.09814597835826039,7.274479558773871,0.00016541457026673098,0.0001654362346712989,0.0019987593907229997,3.2188758248682006,0.00016541457026673098,331.0,0.0,0.0,0.0,0.005023943902856165,0.025397618452827047,5.4638318050256105,0.0003515083845088187
pg-2021 16,staphylococcus saprophyticus,0.01309923145513991,0.1241641369647823,7.524021415206125,0.0001556739621146185,0.00011323265063481054,0.0014576743725277913,2.833213344056216,0.0001556739621146185,331.0,0.0,0.0,0.0,0.0047115056333219526,0.02423517423185131,5.337538079701318,0.0003184240134162651
pg-2021 17,staphylococcus saprophyticus,0.01288666905819697,0.1220519966062178,7.533158807455563,0.00015175448882880023,9.658369667200176e-05,0.0011450565975264018,2.70805020110221,0.00015175448882880023,331.0,0.0,0.0,0.0,0.0046610733786123315,0.02454345292060614,5.351858133476067,0.00031041119135815243
pg-2021 18,staphylococcus saprophyticus,0.012886356596964611,0.1224827864365763,7.489970898834801,0.00015845121143153468,0.0001224563299117594,0.0016277260810694015,2.8903717578961645,0.00015845121143153468,331.0,0.0,0.0,0.0,0.004639936259461486,0.02392639437455766,5.293304824724492,0.00032410708498087766
pg-2021 19,staphylococcus saprophyticus,0.01219555404380762,0.11693308392143525,7.451241684987676,0.0001629680015871666,0.00011338430902893426,0.001728877929881246,2.833213344056216,0.00014879687101436952,331.0,0.0,0.0,0.0,0.004724514240085174,0.025228369527749053,5.365976015021851,0.0003188504378879347
pg-2021 2,staphylococcus saprophyticus,0.012931761926192619,0.12213917580138234,7.517520850603031,0.00015468665405736062,0.00014767517088126918,0.00201795771429375,3.091042453358316,0.00015468665405736062,331.0,0.0,0.0,0.0,0.004616272360069244,0.02357886219065387,5.303304908059076,0.00031640896913957855
pg-2021 22,staphylococcus saprophyticus,0.00993310920874779,0.0980801219850291,7.2682230211595655,0.00016634322151372333,0.0001663651298687795,0.0020099805932908233,3.2188758248682006,0.00016634322151372333,331.0,0.0,0.0,0.0,0.00505909452971949,0.025577056122769868,5.4638318050256105,0.0003534817956875221
pg-2021 23,staphylococcus saprophyticus,0.01848196149114525,0.16773584500847477,7.85748078694253,0.0001644889756627833,0.00020027466239414053,0.002917891394365895,3.367295829986474,0.0001644889756627833,331.0,0.0,0.0,0.0,0.004600662495399337,0.026855992844364938,5.303304908059076,0.0002789160891673282
pg-2021 27,staphylococcus saprophyticus,0.01316815318405788,0.12648212100187872,7.432483807917119,0.00018709219747581443,0.0001559332605644784,0.0016370567279133763,3.044522437723423,0.00018709219747581443,331.0,0.0,0.0,0.0,0.0041845327271787984,0.02217752074427961,5.093750200806762,0.0003274164503379406
pg-2021 29,staphylococcus saprophyticus,0.013188400288852571,0.12352359960477312,7.459338895220296,0.00016721137037318536,0.0001520322916587483,0.00217374781485141,3.044522437723423,0.00016721137037318536,331.0,0.0,0.0,0.0,0.004751544251881862,0.024072314401968668,5.25227342804663,0.00034202845676760304
pg-2021 31,staphylococcus saprophyticus,0.011117167775992656,0.11025609764843408,7.346655163176539,0.00016494667919305216,0.00010758858126524171,0.0017426975236483338,2.772588722239781,0.00015060348969800415,331.0,0.0,0.0,0.0,0.004393653106289981,0.02429257284453196,5.267858159063328,0.0004518169495901375
pg-2021 33,staphylococcus saprophyticus,0.011108822317697605,0.11051690782166054,7.32052696227274,0.00016918855696872954,0.00010299873458697508,0.0016403934001750734,2.70805020110221,0.0001544765085366661,331.0,0.0,0.0,0.0,0.004346403701453475,0.02410377572811123,5.231108616854587,0.000463432934633888
pg-2021 35,staphylococcus saprophyticus,0.012579523651524113,0.12092057149863328,7.4645098346365275,0.0001586694842520537,8.65588528066708e-05,0.0011828088826062184,2.5649493574615367,0.0001586694842520537,331.0,0.0,0.0,0.0,0.0047185469720680984,0.02399741566292861,5.298317366548036,0.0003245558993443971
pg-2021 38,staphylococcus saprophyticus,0.01303401786222197,0.12249105917651994,7.51425465281641,0.00015641997340860452,0.00012799726939158632,0.0017490597026598505,2.9444389791664403,0.00015641997340860452,331.0,0.0,0.0,0.0,0.004780652418447694,0.024565485151224854,5.3230099791384085,0.00031995222046841005
pg-2021 4,staphylococcus saprophyticus,0.01521040884098209,0.1467559329414326,7.242797922793756,0.0002503810145874156,0.00027220957959952526,0.003374700631395602,3.258096538021482,0.0002503810145874156,331.0,0.0,0.0,0.0,0.006412674462466994,0.030780505679736166,5.236441962829949,0.0007184846505551926
pg-2021 40,staphylococcus saprophyticus,0.00990480190396192,0.0977357830271216,7.255591274253665,0.00016797900262467192,0.00016800134401075207,0.002029746281714786,3.2188758248682006,0.00016797900262467192,331.0,0.0,0.0,0.0,0.0051677284269612865,0.02607096495023799,5.4510384535657,0.0003569553805774278
pg-2021 41,staphylococcus saprophyticus,0.009925900396346717,0.09802880970432146,7.273092595999522,0.00016541457026673098,0.0001654362346712989,0.0019987593907229997,3.2188758248682006,0.00016541457026673098,331.0,0.0,0.0,0.0,0.0050219040495779466,0.02538440731570296,5.4638318050256105,0.0003515083845088187
pg-2021 43,staphylococcus saprophyticus,0.00993279338273307,0.09792542559790475,7.273786317844895,0.00016541457026673098,0.0001654362346712989,0.0019987593907229997,3.2188758248682006,0.00016541457026673098,331.0,0.0,0.0,0.0,0.005023943902856165,0.025397618452827047,5.4638318050256105,0.0003515083845088187
pg-2021 46,staphylococcus saprophyticus,0.019010964733788355,0.16922039573112604,7.400009517162692,0.0003138877909274803,0.0005348899405807044,0.004952451812411356,3.8501476017100584,0.0003138877909274803,331.0,0.0,0.0,0.0,0.006527547603747421,0.032538246422108896,5.267858159063328,0.0008021763392857143
pg-2021 47,staphylococcus saprophyticus,0.013158815706586406,0.1251565944640795,7.53955882930103,0.00015396997585470832,0.00011199305643050131,0.0014417188648213597,2.833213344056216,0.00015396997585470832,331.0,0.0,0.0,0.0,0.004643998436673793,0.02355206304430564,5.313205979041787,0.0003149407911312673
pg-2021 5,staphylococcus saprophyticus,0.018913965317166808,0.17013294007937368,7.4645098346365275,0.00029277178981154174,0.0004446709976898799,0.0037409728698141443,3.7376696182833684,0.00029277178981154174,331.0,0.0,0.0,0.0,0.006398016949720296,0.0315768892364845,5.2574953720277815,0.0007482108002602472
pg-2021 64,staphylococcus saprophyticus,0.013263326585695007,0.1247830089888746,7.543273346705446,0.00015461707675332252,0.0001476087384373155,0.0020170500467365255,3.091042453358316,0.00015461707675332252,331.0,0.0,0.0,0.0,0.0047827368134732645,0.024736853719354766,5.356586274672012,0.0003162622024499779
pg-2021 67,staphylococcus saprophyticus,0.015654705645905986,0.1501129648939868,7.273786317844895,0.00024982620785540496,0.00029333478190015754,0.0038017031630170318,3.332204510175204,0.00024982620785540496,331.0,0.0,0.0,0.0,0.006339197938913184,0.03080872913992298,5.236441962829949,0.0007168925964546402
pg-2021 68,staphylococcus saprophyticus,0.01520689205064613,0.14679108616920616,7.243512974665482,0.00025014410475600074,0.00027195196240536074,0.0033715074988852275,3.258096538021482,0.00025014410475600074,331.0,0.0,0.0,0.0,0.006408498971898561,0.03075489282385834,5.236441962829949,0.0007178048223433065
pg-2021 74,staphylococcus saprophyticus,0.018496273922119725,0.16746344534875585,7.369600720526409,0.0003148247475571932,0.0004781731453296479,0.004022760663230801,3.7376696182833684,0.0003148247475571932,331.0,0.0,0.0,0.0,0.0065984708305694235,0.03247084424195029,5.247024072160486,0.0008045615139748837
pg-2021 76,staphylococcus saprophyticus,0.011117167775992656,0.11025609764843408,7.346655163176539,0.00016494667919305216,0.00010758858126524171,0.0017426975236483338,2.772588722239781,0.00015060348969800415,331.0,0.0,0.0,0.0,0.004400766143743159,0.02433402774699703,5.267858159063328,0.0004518169495901375
pg-2021 8,staphylococcus saprophyticus,0.013085744555958023,0.12369997637947448,7.511524648390866,0.0001574701701393611,0.0001503328799484573,0.002054269946818029,3.091042453358316,0.0001574701701393611,331.0,0.0,0.0,0.0,0.004846974103309791,0.025029208232227915,5.351858133476067,0.00032210268633640405
pg-2021 84,staphylococcus saprophyticus,0.013073699708372265,0.12366675867535795,7.521859252201629,0.00015570701601658987,0.00012033523982105442,0.001599535709988605,2.8903717578961645,0.00015570701601658987,331.0,0.0,0.0,0.0,0.004654843364520784,0.023524612455806365,5.303304908059076,0.0003184916236702975
pg-2021 86,staphylococcus saprophyticus,0.012856639661852765,0.12183989011376044,7.509883061154913,0.00016201176346282534,0.00011271892127992335,0.001451061881449653,2.833213344056216,0.00015496777374705034,331.0,0.0,0.0,0.0,0.004692399666117716,0.024613020090020858,5.342334251964811,0.0003169840028739883
pg-2021 87,staphylococcus saprophyticus,0.012882709972591486,0.12234087754581764,7.506591780070841,0.0001557941251451718,0.0001133200654423378,0.0014587995354502451,2.833213344056216,0.0001557941251451718,331.0,0.0,0.0,0.0,0.004718744159970099,0.02417117649733958,5.313205979041787,0.00031867431485022306
pg-2021 88,staphylococcus saprophyticus,0.018903120153567515,0.1702196872763549,7.463936604468925,0.00029277178981154174,0.0004446709976898799,0.0037409728698141443,3.7376696182833684,0.00029277178981154174,331.0,0.0,0.0,0.0,0.006387746229223103,0.031521420903679126,5.2574953720277815,0.0007482108002602472
pg-2021 89,staphylococcus saprophyticus,0.008506879880996653,0.08613118334533795,5.905361848054571,0.0004646948116824276,2.3245002324500234e-05,0.0004646948116824276,0.6931471805599453,0.0004646948116824276,331.0,0.0,0.0,0.0,0.0059552006496582524,0.0274071639829116,4.48863636973214,0.0013244109856405967
pg-2021 9,staphylococcus saprophyticus,0.012825676792944819,0.12157311627381154,7.504391559161238,0.0001554462721157651,0.00010600032506766354,0.0014484766265332656,2.772588722239781,0.0001554462721157651,331.0,0.0,0.0,0.0,0.004753512962018272,0.024171707140922632,5.327876168789581,0.00031795828387315585
pg-2021 90,staphylococcus saprophyticus,0.00957776878456765,0.0958128244892455,6.056784013228625,0.0004719843570898793,0.00013491028466070063,0.002270020003146562,1.9459101490553132,0.0004719843570898793,331.0,0.0,0.0,0.0,0.007542262678803641,0.03117112569409389,4.762173934797756,0.0012811003978153866
pg-2021 93,staphylococcus saprophyticus,0.009483472976705643,0.10009434179341448,6.023447592961033,0.00046020387031454934,6.906077348066299e-05,0.001380611610943648,1.3862943611198906,0.00046020387031454934,331.0,0.0,0.0,0.0,0.005284634423707271,0.025790943935555123,4.382026634673881,0.0009664503658704957
pg-2021 1,staphylococcus schleiferi,0.013182700401394097,0.12527475584986505,7.547501682814967,0.00015302857460838598,0.00014609203798392987,0.002128488355916641,3.091042453358316,0.0001460727303080048,271.0,0.0,0.0,0.0,0.0038383745518065643,0.020578246492090446,5.123963979403259,0.00039648588301579684
pg-2021 10,staphylococcus schleiferi,0.009200568145682729,0.09355039285512408,7.172424577124845,0.0001907749703238935,0.00016253383177041743,0.001639251596857159,3.1780538303479458,0.0001907749703238935,271.0,0.0,0.0,0.0,0.0036652979794464936,0.01869792019510873,5.0689042022202315,0.00031795828387315585
pg-2021 12,staphylococcus schleiferi,0.007699412721607984,0.07919857193071934,7.0192966537150445,0.00015852120393408274,6.20381603617514e-05,0.000978696128636511,2.302585092994046,0.00014473675141807554,271.0,0.0,0.0,0.0,0.0035060714896528134,0.01871513031892747,5.10594547390058,0.00022744660174100036
pg-2021 14,staphylococcus schleiferi,0.0076994657935550576,0.07919911778895858,7.0192966537150445,0.0001585222965056172,6.203858800173708e-05,0.0009787028740781583,2.302585092994046,0.0001447377489833896,271.0,0.0,0.0,0.0,0.003504647932471418,0.01870539522689915,5.10594547390058,0.00022744660174100036
pg-2021 15,staphylococcus schleiferi,0.007678786834396002,0.07897167275484182,7.016609683894219,0.0001585222965056172,6.203858800173708e-05,0.0009787028740781583,2.302585092994046,0.0001447377489833896,271.0,0.0,0.0,0.0,0.0035060714896528134,0.01871513031892747,5.10594547390058,0.00022744660174100036
pg-2021 16,staphylococcus schleiferi,0.00861251468444369,0.09215190948266712,7.1049654482698426,0.0001556739621146185,9.907856930545922e-05,0.001443522194153735,2.70805020110221,0.0001556739621146185,271.0,0.0,0.0,0.0,0.0038465915557072947,0.02009259874615095,5.135798437050262,0.0003184240134162651
pg-2021 17,staphylococcus schleiferi,0.008457738900080024,0.08876258010222735,7.112327444710911,0.0001862441453808003,0.00015867321596114577,0.0017313807589104029,3.1780538303479458,0.0001862441453808003,271.0,0.0,0.0,0.0,0.0038842278155102766,0.020226222855415966,5.170483995038151,0.00031041119135815243
pg-2021 18,staphylococcus schleiferi,0.008773383082785297,0.09166402581314281,7.105786129481271,0.0001944628503932471,0.00016567621105708627,0.0018077842758779637,3.1780538303479458,0.0001944628503932471,271.0,0.0,0.0,0.0,0.0036791413774517846,0.018926508527202575,5.062595033026967,0.00032410708498087766
pg-2021 19,staphylococcus schleiferi,0.008340596809739436,0.08632344188419352,7.071573364211532,0.00015588243630076807,0.00011338430902893426,0.001728877929881246,2.833213344056216,0.00015588243630076807,271.0,0.0,0.0,0.0,0.004059089699228108,0.020660978972768012,5.214935757608986,0.0003188504378879347
pg-2021 2,staphylococcus schleiferi,0.009071219621962195,0.09345886389683807,7.1631723908466425,0.00018984271179766987,0.0001265787178982307,0.001328898982583689,2.9444389791664403,0.00018984271179766987,271.0,0.0,0.0,0.0,0.0035314483554529717,0.018094360403695296,5.0369526024136295,0.00031640896913957855
pg-2021 22,staphylococcus schleiferi,0.007708037292482584,0.07919323537565844,7.014814351275545,0.00015941225395065152,6.238692370079231e-05,0.0009841973939561962,2.302585092994046,0.0001455503188245079,271.0,0.0,0.0,0.0,0.0035306021398893456,0.018847355290467306,5.10594547390058,0.00022872351485663195
pg-2021 23,staphylococcus schleiferi,0.013453780791348383,0.12669942142790735,7.540090320145325,0.00015733728106874924,0.0001502059967956054,0.002052536348487774,3.091042453358316,0.00015018558647471517,271.0,0.0,0.0,0.0,0.0040945896209054105,0.021847048300536673,5.187385805840755,0.0004076465918599412
pg-2021 27,staphylococcus schleiferi,0.009324518181251169,0.09657075593043288,7.087573705557973,0.00017150118101949658,0.0001169499454233588,0.0017461938431076014,2.772588722239781,0.00017150118101949658,271.0,0.0,0.0,0.0,0.0032804670145167125,0.018179532310787026,4.852030263919617,0.00030402956102808763
pg-2021 29,staphylococcus schleiferi,0.009076051841435142,0.09376757619518128,7.085901464365611,0.0001596108535380406,7.601614582937416e-05,0.001231283727293456,2.3978952727983707,0.0001596108535380406,271.0,0.0,0.0,0.0,0.0036511866356565884,0.018419706161830276,4.990432586778736,0.00034202845676760304
pg-2021 31,staphylococcus schleiferi,0.007559674087675006,0.07771857227891767,6.961296045910167,0.00015777508444552815,7.172572084349448e-05,0.001025538048895933,2.3978952727983707,0.00015777508444552815,271.0,0.0,0.0,0.0,0.0033919912582238716,0.019956193721100024,5.0106352940962555,0.00021515092837625594
pg-2021 33,staphylococcus schleiferi,0.007518686363368842,0.07701021751763606,6.930494765951626,0.00016183253275269782,7.35705247049822e-05,0.001051911462892536,2.3978952727983707,0.00016183253275269782,271.0,0.0,0.0,0.0,0.003435060989858391,0.020173565359625608,4.997212273764115,0.00022068234982566094
pg-2021 35,staphylococcus schleiferi,0.008922517635857413,0.0920427253647595,7.121252453244542,0.00019473073067297498,0.00018754418108112006,0.0021059767909818033,3.295836866004329,0.00019473073067297498,271.0,0.0,0.0,0.0,0.0036752501541233934,0.019313304721030045,5.049856007249537,0.0003245558993443971
pg-2021 38,staphylococcus schleiferi,0.008952443256157915,0.09396574402582351,7.138866999945524,0.00019196996736510556,0.00011377535057029895,0.0011944797969384345,2.833213344056216,0.00019196996736510556,271.0,0.0,0.0,0.0,0.0036089238845144356,0.01852105287167556,5.043425116919247,0.00031995222046841005
pg-2021 4,staphylococcus schleiferi,0.01098590015787468,0.10546483779664707,6.917705609835305,0.00023949488351839756,0.00014154898139175315,0.002003048116699325,2.6390573296152584,0.00023949488351839756,271.0,0.0,0.0,0.0,0.003532114810877542,0.01972084346580499,4.6443908991413725,0.0004898758981058132
pg-2021 40,staphylococcus schleiferi,0.007678846423071538,0.07889413823272091,7.001245622069476,0.00016097987751531058,6.300050400403203e-05,0.0009938757655293087,2.302585092994046,0.00014698162729658793,271.0,0.0,0.0,0.0,0.0035639506392836457,0.01884465599307659,5.081404364984463,0.0002309711286089239
pg-2021 41,staphylococcus schleiferi,0.00767189384800965,0.07886139637466401,7.01571242048723,0.0001585222965056172,6.203858800173708e-05,0.0009787028740781583,2.302585092994046,0.0001447377489833896,271.0,0.0,0.0,0.0,0.003504647932471418,0.01870539522689915,5.10594547390058,0.00022744660174100036
pg-2021 43,staphylococcus schleiferi,0.007692572807168706,0.07908884140878075,7.018401799069201,0.0001585222965056172,6.203858800173708e-05,0.0009787028740781583,2.302585092994046,0.0001447377489833896,271.0,0.0,0.0,0.0,0.0035060714896528134,0.01871513031892747,5.10594547390058,0.00022744660174100036
pg-2021 46,staphylococcus schleiferi,0.01253444647279746,0.1186379594968495,6.983789965258135,0.00026738589597526097,0.00011628042186537052,0.0018833267455648818,2.3978952727983707,0.00024413494849915134,271.0,0.0,0.0,0.0,0.004802651604829709,0.025793716071722324,4.962844630259907,0.00045340401785714287
pg-2021 47,staphylococcus schleiferi,0.008812206901378876,0.09170311789201106,7.138866999945524,0.00018896315218532386,0.00016099001861884563,0.0017566574517968996,3.1780538303479458,0.00018896315218532386,271.0,0.0,0.0,0.0,0.0037014046945766377,0.01914164819665525,5.087596335232384,0.0003149407911312673
pg-2021 5,staphylococcus schleiferi,0.013317860899931675,0.12664006419292576,7.113956109566034,0.00023855479169829325,0.00013014760907996485,0.001984342130944894,2.5649493574615367,0.00023855479169829325,271.0,0.0,0.0,0.0,0.004857133286436874,0.026232606641248737,4.983606621708336,0.0004229017566688354
pg-2021 64,staphylococcus schleiferi,0.008947649572649572,0.09354333143576012,7.149916836132109,0.00014758902780998966,7.028987544634071e-05,0.0011385439288199204,2.3978952727983707,0.00014758902780998966,271.0,0.0,0.0,0.0,0.0035360518620939775,0.01835955601650595,5.056245805348308,0.0003162622024499779
pg-2021 67,staphylococcus schleiferi,0.010874642853262936,0.1046337330552659,6.90975328164481,0.00023896419881821342,0.00015209951654082243,0.0022158498435870698,2.70805020110221,0.00023896419881821342,271.0,0.0,0.0,0.0,0.003559442692972643,0.019946677199565516,4.663439094112067,0.0004887904066736184
pg-2021 68,staphylococcus schleiferi,0.010975503633120132,0.10536504725548414,6.917705609835305,0.0002392682741144355,0.00014141502045078756,0.002001152838048006,2.6390573296152584,0.0002392682741144355,271.0,0.0,0.0,0.0,0.0035298149417409184,0.019704433497536946,4.6443908991413725,0.0004894123788704363
pg-2021 74,staphylococcus schleiferi,0.012968383733541698,0.12525360882442108,7.014814351275545,0.00025652386837993516,0.00012829035606405187,0.0019006086611786106,2.4849066497880004,0.00025652386837993516,271.0,0.0,0.0,0.0,0.005027406347100513,0.02713270545034171,4.976733742420574,0.00045475216007276033
pg-2021 76,staphylococcus schleiferi,0.007559674087675006,0.07771857227891767,6.961296045910167,0.00015777508444552815,7.172572084349448e-05,0.001025538048895933,2.3978952727983707,0.00015777508444552815,271.0,0.0,0.0,0.0,0.0033974826705581904,0.019990248659190638,5.0106352940962555,0.00021515092837625594
pg-2021 8,staphylococcus schleiferi,0.008890861454321589,0.09286445397218504,7.1252830915107115,0.0001503124351330265,7.158708568974158e-05,0.0011595530710262045,2.3978952727983707,0.0001503124351330265,271.0,0.0,0.0,0.0,0.003600609333887273,0.01869326862586501,5.056245805348308,0.00032210268633640405
pg-2021 84,staphylococcus schleiferi,0.008699283671678134,0.09156988060102908,7.114769448366463,0.00019109497420217848,0.00016280650093436776,0.001776475500916548,3.1780538303479458,0.00019109497420217848,271.0,0.0,0.0,0.0,0.003770423125261835,0.019445199891215664,5.093750200806762,0.0003184916236702975
pg-2021 86,staphylococcus schleiferi,0.008615709756956675,0.0914028105518966,7.1098794630722715,0.00015496777374705034,9.862905611993293e-05,0.001436973902018103,2.70805020110221,0.00015496777374705034,271.0,0.0,0.0,0.0,0.003812574728720644,0.019782632561203207,5.135798437050262,0.0003169840028739883
pg-2021 87,staphylococcus schleiferi,0.009107842234608384,0.0928320539330935,7.160069207596127,0.00019120188085998356,0.00015581508998321447,0.0016358383140243039,3.1354942159291497,0.00019120188085998356,271.0,0.0,0.0,0.0,0.00364417865819473,0.01864568647960344,5.056245805348308,0.00031867431485022306
pg-2021 88,staphylococcus schleiferi,0.01337208671792814,0.12682440198651082,7.1180162044653335,0.00023855479169829325,0.00013014760907996485,0.001984342130944894,2.5649493574615367,0.00023855479169829325,271.0,0.0,0.0,0.0,0.004849336142603926,0.02618652613773137,4.983606621708336,0.0004229017566688354
pg-2021 89,staphylococcus schleiferi,0.008251208627742656,0.07286414647180464,5.87493073085203,0.0008829201421966124,0.0011157601115760112,0.003322567903529357,3.8918202981106265,0.0008829201421966124,271.0,0.0,0.0,0.0,0.013399201461731068,0.03844889911271771,5.293304824724492,0.002509410288582183
pg-2021 9,staphylococcus schleiferi,0.009193501657091575,0.09343734102085806,7.171656822768514,0.0001907749703238935,0.00016253383177041743,0.001639251596857159,3.1780538303479458,0.0001907749703238935,271.0,0.0,0.0,0.0,0.0036636831609701804,0.01868737022659565,5.0689042022202315,0.00031795828387315585
pg-2021 90,staphylococcus schleiferi,0.006857322721345384,0.06636999078506732,5.723585101952381,0.0008091160407255074,0.0004497009488690021,0.0017306093093295576,3.044522437723423,0.0008091160407255074,271.0,0.0,0.0,0.0,0.010728218465539662,0.0306663301362948,5.111987788356544,0.002427348122176522
pg-2021 93,staphylococcus schleiferi,0.006882423349599484,0.06857037667686786,5.703782474656201,0.0005982650314089142,0.00016114180478821362,0.0010354587082077361,2.0794415416798357,0.0005752548378931867,271.0,0.0,0.0,0.0,0.005351528530336477,0.024881439615409603,4.394449154672439,0.0009664503658704957
pg-2021 1,staphylococcus sciuri,0.021941022198415292,0.18887899613255058,8.056743774975313,0.00016694026320914832,0.000354794949389544,0.004980384519072925,3.9512437185814275,0.00015998441890876714,500.0,0.0,0.0,0.0,0.00473476142318654,0.02864420412905532,5.332718793265369,0.0002712798146950189
pg-2021 10,staphylococcus sciuri,0.015546274900539173,0.14639505963484256,7.696667081526462,0.0001978407099655192,0.00019786727345963862,0.0024800746142106156,3.367295829986474,0.0001978407099655192,500.0,0.0,0.0,0.0,0.005057183288097061,0.028227536526432267,5.389071729816501,0.00031795828387315585
pg-2021 12,staphylococcus sciuri,0.011662852573823376,0.11405945234370155,7.4342573821331355,0.00016541343019208635,0.00022058012573067168,0.0020538834248850723,3.4965075614664802,0.00016541343019208635,500.0,0.0,0.0,0.0,0.005985975714041389,0.027958198018153052,5.638354669333745,0.0003515083845088187
pg-2021 14,staphylococcus sciuri,0.011662932965707393,0.11406023847267213,7.4342573821331355,0.00016541457026673098,0.0002205816462283985,0.0020538975808119097,3.4965075614664802,0.00016541457026673098,500.0,0.0,0.0,0.0,0.005983545250560957,0.027943654938515635,5.638354669333745,0.0003515083845088187
pg-2021 15,staphylococcus sciuri,0.011621575047389282,0.11377076297470536,7.430707082545968,0.00016541457026673098,0.0002205816462283985,0.0020538975808119097,3.4965075614664802,0.00016541457026673098,500.0,0.0,0.0,0.0,0.006007354198734394,0.028103922058456157,5.641907070938114,0.0003515083845088187
pg-2021 16,staphylococcus sciuri,0.01579550762175704,0.14552685022042017,7.711101251840158,0.00019813049723678717,0.00023354234193429676,0.0029224248342426106,3.5263605246161616,0.00019813049723678717,500.0,0.0,0.0,0.0,0.004939114601115284,0.02782392946545269,5.384495062789089,0.0003184240134162651
pg-2021 17,staphylococcus sciuri,0.01608764038742791,0.14938160045802265,7.75491027202143,0.0001931420766912003,0.00023456040620343287,0.0027246828676080045,3.5553480614894135,0.0001931420766912003,500.0,0.0,0.0,0.0,0.005149376303990766,0.0285153045805811,5.4510384535657,0.00031041119135815243
pg-2021 18,staphylococcus sciuri,0.015846833154456202,0.14867045028953357,7.696667081526462,0.0002016651781855896,0.0002233027192508554,0.002823312494598254,3.4657359027997265,0.0002016651781855896,500.0,0.0,0.0,0.0,0.004968012560635531,0.02801305906257848,5.3612921657094255,0.00032410708498087766
pg-2021 19,staphylococcus sciuri,0.01574579958474174,0.14407079896834168,7.706612913964197,0.00019839582801915937,0.0002622012146294105,0.003358557945752912,3.6375861597263857,0.00019839582801915937,500.0,0.0,0.0,0.0,0.004791056694170881,0.026047052740434333,5.37989735354046,0.0003188504378879347
pg-2021 2,staphylococcus sciuri,0.015674223672367236,0.14911793451129565,7.709756864454165,0.0001968739233457317,0.00020393237883603837,0.00247498646491777,3.4011973816621555,0.0001968739233457317,500.0,0.0,0.0,0.0,0.004893248701673398,0.027557373732832836,5.3612921657094255,0.00031640896913957855
pg-2021 22,staphylococcus sciuri,0.011659099573701174,0.11402827834765733,7.428333194190806,0.00016634322151372333,0.00022182017315837266,0.002065428333795398,3.4965075614664802,0.00016634322151372333,500.0,0.0,0.0,0.0,0.0060278573120062,0.028155726535147488,5.638354669333745,0.0003534817956875221
pg-2021 23,staphylococcus sciuri,0.021729179183474952,0.18875467542034086,8.019283792916793,0.00030752286754346444,0.00045777065690089265,0.004398292175330945,4.174387269895637,0.00030752286754346444,500.0,0.0,0.0,0.0,0.005244755244755245,0.030366726296958853,5.43372200355424,0.00030037117294943035
pg-2021 27,staphylococcus sciuri,0.015616229027630511,0.14536284193047966,7.602900462204755,0.00021047872216029123,0.00021050990176204584,0.003469001161530726,3.332204510175204,0.00017150118101949658,500.0,0.0,0.0,0.0,0.003952058686779976,0.022604978627105858,5.0369526024136295,0.00030402956102808763
pg-2021 29,staphylococcus sciuri,0.015727262361749837,0.14715360644523828,7.635303886259415,0.0002128144713840541,0.0001900403645734354,0.002211750399027134,3.258096538021482,0.0002128144713840541,500.0,0.0,0.0,0.0,0.004751544251881862,0.02646005408961333,5.25227342804663,0.00034202845676760304
pg-2021 31,staphylococcus sciuri,0.013268877668120266,0.12695157022066997,7.523481312573497,0.00016494667919305216,0.0001362788696026395,0.002180164803247298,2.995732273553991,0.00016494667919305216,500.0,0.0,0.0,0.0,0.0058961458783891455,0.029336932233014004,5.560681631015528,0.000688482970804019
pg-2021 33,staphylococcus sciuri,0.013286445765405214,0.12686934965389907,7.499423290592229,0.00016918855696872954,0.00013978399693946616,0.002236231361673643,2.995732273553991,0.00016918855696872954,500.0,0.0,0.0,0.0,0.006005514791793242,0.029805988459266665,5.552959584921617,0.0007061835194421151
pg-2021 35,staphylococcus sciuri,0.01575325668287194,0.14834154327710183,7.68937110752969,0.00020194297995715924,0.0001514779924116739,0.0016588173353623795,3.091042453358316,0.00020194297995715924,500.0,0.0,0.0,0.0,0.00495565988523735,0.028220037842078546,5.3471075307174685,0.0003245558993443971
pg-2021 38,staphylococcus sciuri,0.015743216337675635,0.1485563147454265,7.703007682479236,0.00019907996615640576,0.00021332878231931053,0.0026449195503636764,3.4339872044851463,0.00019907996615640576,500.0,0.0,0.0,0.0,0.004827521559805025,0.027006067241457963,5.332718793265369,0.00031995222046841005
pg-2021 4,staphylococcus sciuri,0.01661494909902553,0.15157848900500762,7.3310603052186325,0.0004136729806226867,0.0006097494583029366,0.003919007184846506,4.04305126783455,0.0004136729806226867,500.0,0.0,0.0,0.0,0.005589657419155722,0.027849028948332723,5.099866427824199,0.0007511430437622469
pg-2021 40,staphylococcus sciuri,0.011661766764664707,0.1141347331583552,7.418780882750794,0.00016797900262467192,0.0002100016800134401,0.0019387576552930884,3.4339872044851463,0.00016797900262467192,500.0,0.0,0.0,0.0,0.006170089544259812,0.0287321505841627,5.627621113690637,0.0003569553805774278
pg-2021 41,staphylococcus sciuri,0.011621575047389282,0.11377076297470536,7.430707082545968,0.00016541457026673098,0.0002205816462283985,0.0020538975808119097,3.4965075614664802,0.00016541457026673098,500.0,0.0,0.0,0.0,0.006004915055027246,0.028089303177212293,5.641907070938114,0.0003515083845088187
pg-2021 43,staphylococcus sciuri,0.011662932965707393,0.11406023847267213,7.4342573821331355,0.00016541457026673098,0.0002205816462283985,0.0020538975808119097,3.4965075614664802,0.00016541457026673098,500.0,0.0,0.0,0.0,0.005985975714041389,0.027958198018153052,5.638354669333745,0.0003515083845088187
pg-2021 46,staphylococcus sciuri,0.01912723974745067,0.16808109930479667,7.406103381237015,0.00029063684345137064,0.0003720973499691857,0.004789695180078588,3.4965075614664802,0.00026738589597526097,500.0,0.0,0.0,0.0,0.0054114384279771366,0.030926139167626255,5.081404364984463,0.0005231584821428571
pg-2021 47,staphylococcus sciuri,0.0157765801077903,0.1475382300451412,7.720905251936779,0.00019596178745144696,0.00020998698080718995,0.0026034923189977954,3.4339872044851463,0.00019596178745144696,500.0,0.0,0.0,0.0,0.004965859714463066,0.028208744710860368,5.37989735354046,0.0003149407911312673
pg-2021 5,staphylococcus sciuri,0.019532139642326505,0.17044739866843053,7.496652438168283,0.00024939819132094293,0.0002711408522499268,0.003155429290191061,3.258096538021482,0.00024939819132094293,500.0,0.0,0.0,0.0,0.00532609787961009,0.03037116694365692,5.075173815233827,0.00048796356538711777
pg-2021 64,staphylococcus sciuri,0.01568825910931174,0.14722356926493635,7.711101251840158,0.00019678537041331956,0.0002178986138836562,0.00262146225586315,3.4657359027997265,0.00019678537041331956,500.0,0.0,0.0,0.0,0.004918738808169187,0.027715868217225322,5.384495062789089,0.0003162622024499779
pg-2021 67,staphylococcus sciuri,0.015730752099425305,0.14743004866180048,7.278628942320682,0.00028241223496697947,0.00029333478190015754,0.003388946819603754,3.332204510175204,0.00028241223496697947,500.0,0.0,0.0,0.0,0.005864605579850165,0.029426286165695665,5.159055299214529,0.0007494786235662148
pg-2021 68,staphylococcus sciuri,0.016599225514510724,0.15143506585315453,7.3310603052186325,0.0004132815643794795,0.000609172395788008,0.00391529903096349,4.04305126783455,0.0004132815643794795,500.0,0.0,0.0,0.0,0.005620287868403016,0.028058847024364265,5.10594547390058,0.0007504323142680022
pg-2021 74,staphylococcus sciuri,0.01896276254562842,0.1667288542711224,7.394493107219038,0.00026818404421538676,0.00025658071212810373,0.002693500617989319,3.1354942159291497,0.00026818404421538676,500.0,0.0,0.0,0.0,0.005481269420102643,0.03121281153309986,5.062595033026967,0.000524714030853185
pg-2021 76,staphylococcus sciuri,0.013268877668120266,0.12695157022066997,7.523481312573497,0.00016494667919305216,0.0001362788696026395,0.002180164803247298,2.995732273553991,0.00016494667919305216,500.0,0.0,0.0,0.0,0.005905691353520613,0.029386995257302425,5.560681631015528,0.000688482970804019
pg-2021 8,staphylococcus sciuri,0.01566996435065214,0.1469411419450429,7.691656822810547,0.00020041658017736869,0.00022191996563819888,0.002669835157362804,3.4657359027997265,0.00020041658017736869,500.0,0.0,0.0,0.0,0.004985459077690071,0.028062370809742068,5.37989735354046,0.00032210268633640405
pg-2021 84,staphylococcus sciuri,0.01581301848863218,0.14698034552802372,7.711996507047669,0.0001981725658392962,0.0002194348490854522,0.002774415921750147,3.4657359027997265,0.0001981725658392962,500.0,0.0,0.0,0.0,0.004957408183214635,0.02807995648626598,5.365976015021851,0.0003184916236702975
pg-2021 86,staphylococcus sciuri,0.01601268052131032,0.14676152572817244,7.729295674310482,0.00019723171204170042,0.00026066250545982275,0.003338851125277357,3.6375861597263857,0.00019723171204170042,500.0,0.0,0.0,0.0,0.004602161211000068,0.02584257327917444,5.3230099791384085,0.0003169840028739883
pg-2021 87,staphylococcus sciuri,0.01554565606917994,0.14707673568818513,7.694392802629421,0.00019828343200294592,0.00021247512270438336,0.002634337025181996,3.4339872044851463,0.00019828343200294592,500.0,0.0,0.0,0.0,0.004975705475612035,0.027900313793260266,5.365976015021851,0.00031867431485022306
pg-2021 88,staphylococcus sciuri,0.019488758987929334,0.17001366268352455,7.494430215031565,0.00024939819132094293,0.0002711408522499268,0.003155429290191061,3.258096538021482,0.00024939819132094293,500.0,0.0,0.0,0.0,0.005317547908096719,0.030317816596727498,5.075173815233827,0.00048796356538711777
pg-2021 89,staphylococcus sciuri,0.008855522499070286,0.089012291177769,5.945420608606575,0.0005111642928506703,0.00011622501162250116,0.0014405539162155256,1.791759469228055,0.0005111642928506703,500.0,0.0,0.0,0.0,0.004398727752588482,0.02550115018074269,4.189654742026425,0.000766764254844556
pg-2021 9,staphylococcus sciuri,0.015532141923356864,0.1462113504041603,7.695757990554761,0.0001978407099655192,0.00019786727345963862,0.0024800746142106156,3.367295829986474,0.0001978407099655192,500.0,0.0,0.0,0.0,0.005054955247414553,0.02821160964159971,5.389071729816501,0.00031795828387315585
pg-2021 90,staphylococcus sciuri,0.01022977651872836,0.10158901400220259,6.1224928095143865,0.0004719843570898793,8.994018977380042e-05,0.0013710021801182208,1.6094379124341003,0.0004719843570898793,500.0,0.0,0.0,0.0,0.006241872561768531,0.030413932357395253,4.574710978503383,0.000876542377452633
pg-2021 93,staphylococcus sciuri,0.010588343614768438,0.10087668837294922,6.133398042996649,0.0005062242573460043,0.00011510128913443831,0.001426631997975103,1.791759469228055,0.0005062242573460043,500.0,0.0,0.0,0.0,0.006288046023145361,0.030338465536282725,4.553876891600541,0.000897418196879746
pg-2021 1,staphylococcus succinus,0.021085364072097892,0.18707743245875183,8.016977746762262,0.00016694026320914832,0.0002087029114056141,0.0029840572048635263,3.4339872044851463,0.00016694026320914832,500.0,0.0,0.0,0.0,0.004367012963133217,0.023840378943605328,5.25227342804663,0.0003130151708019449
pg-2021 10,staphylococcus succinus,0.014055245807805643,0.13725905827822057,7.595889917718538,0.0001554462721157651,0.00012720039008119624,0.0016533830761404104,2.9444389791664403,0.0001554462721157651,500.0,0.0,0.0,0.0,0.0043380425452942675,0.02280784951335727,5.236441962829949,0.00031795828387315585
pg-2021 12,staphylococcus succinus,0.011173453913810692,0.11330130745532115,7.3914152346753585,0.00015852120393408274,9.650380500716886e-05,0.0011441095588285973,2.70805020110221,0.00015852120393408274,500.0,0.0,0.0,0.0,0.004810159055926116,0.02695894745607461,5.420534999272286,0.00022744660174100036
pg-2021 14,staphylococcus succinus,0.011166637945890057,0.11329519608518851,7.390798521735676,0.0001585222965056172,9.650447022492434e-05,0.0011441174443448893,2.70805020110221,0.0001585222965056172,500.0,0.0,0.0,0.0,0.004808206004915055,0.02694492415888142,5.420534999272286,0.00022744660174100036
pg-2021 15,staphylococcus succinus,0.01118042391866276,0.11341236473912744,7.392031567514591,0.0001585222965056172,9.650447022492434e-05,0.0011441174443448893,2.70805020110221,0.0001585222965056172,500.0,0.0,0.0,0.0,0.004810159055926116,0.02695894745607461,5.420534999272286,0.00022744660174100036
pg-2021 16,staphylococcus succinus,0.013927221774022334,0.13632793427728362,7.585281078639126,0.0001556739621146185,0.00014861785395818883,0.001945924526432731,3.091042453358316,0.0001556739621146185,500.0,0.0,0.0,0.0,0.004597701149425287,0.02394718770075984,5.313205979041787,0.0003184240134162651
pg-2021 17,staphylococcus succinus,0.013569634923700984,0.133971621910589,7.584773077612199,0.00015175448882880023,0.00013107787405485953,0.001834849728566403,2.995732273553991,0.00015175448882880023,500.0,0.0,0.0,0.0,0.0043947263284059125,0.022773388593878167,5.293304824724492,0.00031041119135815243
pg-2021 18,staphylococcus succinus,0.01397402559983865,0.13636887442021262,7.57095858316901,0.00015845121143153468,0.00015126958400864398,0.0019806401428941836,3.091042453358316,0.00015845121143153468,500.0,0.0,0.0,0.0,0.004171255829212852,0.021483527773338507,5.187385805840755,0.00032410708498087766
pg-2021 19,staphylococcus succinus,0.013343537631894102,0.12697332993226199,7.5411524551363085,0.0001629680015871666,0.000162989944229093,0.0023169798486523253,3.1780538303479458,0.00015588243630076807,500.0,0.0,0.0,0.0,0.004680152604028037,0.024603584970699758,5.356586274672012,0.0003188504378879347
pg-2021 2,staphylococcus succinus,0.013859979747974798,0.13513285474220063,7.586803535162581,0.0001687490771534843,0.00016173947286996147,0.0020812386182263065,3.1780538303479458,0.00015468665405736062,500.0,0.0,0.0,0.0,0.004039238315060588,0.020746701431814604,5.170483995038151,0.00031640896913957855
pg-2021 22,staphylococcus succinus,0.011166949710602017,0.11314111449958414,7.385230923066573,0.00015941225395065152,9.704632575678805e-05,0.0011505406154699196,2.70805020110221,0.00015941225395065152,500.0,0.0,0.0,0.0,0.004843813911433553,0.027149416130317197,5.420534999272286,0.00022872351485663195
pg-2021 23,staphylococcus succinus,0.020613395130603954,0.18531471032061048,7.9665866976384025,0.00017164067025681736,0.00024319066147859923,0.0033684481537900406,3.5553480614894135,0.00017164067025681736,500.0,0.0,0.0,0.0,0.004416635995583364,0.02321109123434705,5.262690188904886,0.00032182625673153256
pg-2021 27,staphylococcus succinus,0.014376598266076217,0.13546254648071782,7.520234556474628,0.0001792966892476555,0.00017932324964915015,0.0022529018779379323,3.1780538303479458,0.0001792966892476555,500.0,0.0,0.0,0.0,0.004391176318644418,0.024013075182298213,5.14166355650266,0.0003274164503379406
pg-2021 29,staphylococcus succinus,0.013781308198092052,0.13380709888272402,7.503289630675082,0.00018241240404347496,0.0001520322916587483,0.0019381317929619214,3.044522437723423,0.00016721137037318536,500.0,0.0,0.0,0.0,0.004201365443769225,0.021416563116731232,5.1298987149230735,0.00034202845676760304
pg-2021 31,staphylococcus succinus,0.012479917374340142,0.12165893329699726,7.462214939768189,0.00015777508444552815,9.324343709654283e-05,0.0013554314072820373,2.6390573296152584,0.00015777508444552815,500.0,0.0,0.0,0.0,0.003983882350262936,0.023319099980088055,5.170483995038151,0.00021515092837625594
pg-2021 33,staphylococcus succinus,0.012455123300570891,0.12159508029100431,7.434847875211999,0.00016183253275269782,9.564168211647686e-05,0.001390288576829995,2.6390573296152584,0.00016183253275269782,500.0,0.0,0.0,0.0,0.004019255035752675,0.02346767231587078,5.153291594497779,0.00022068234982566094
pg-2021 35,staphylococcus succinus,0.01428179864106522,0.13868434148557912,7.591357046698551,0.00018751848138879072,0.0001731177056133416,0.001817486819614433,3.2188758248682006,0.00018751848138879072,500.0,0.0,0.0,0.0,0.004220609854412671,0.022105311735659237,5.187385805840755,0.0003245558993443971
pg-2021 38,staphylococcus succinus,0.013759315091870982,0.1352606170056951,7.568379267836522,0.0001635299721999047,0.0001422191882128737,0.0018130496917815524,3.044522437723423,0.00015641997340860452,500.0,0.0,0.0,0.0,0.004288526434195725,0.02203366634733817,5.214935757608986,0.00031995222046841005
pg-2021 4,staphylococcus succinus,0.01533017583972998,0.14577618114522098,7.25063551189868,0.00023949488351839756,0.00017421413094369616,0.002449379490529066,2.833213344056216,0.00023949488351839756,500.0,0.0,0.0,0.0,0.0044923013614073595,0.024384556447583198,4.882801922586371,0.0004898758981058132
pg-2021 40,staphylococcus succinus,0.011129777404451912,0.11307786526684165,7.372118028337787,0.00016097987751531058,9.800078400627205e-05,0.0011618547681539807,2.70805020110221,0.00016097987751531058,500.0,0.0,0.0,0.0,0.004811333363032922,0.026914755517092166,5.37989735354046,0.0002309711286089239
pg-2021 41,staphylococcus succinus,0.011166637945890057,0.11329519608518851,7.390798521735676,0.0001585222965056172,9.650447022492434e-05,0.0011441174443448893,2.70805020110221,0.0001585222965056172,500.0,0.0,0.0,0.0,0.004808206004915055,0.02694492415888142,5.420534999272286,0.00022744660174100036
pg-2021 43,staphylococcus succinus,0.011159744959503705,0.11318491970501068,7.3901814282264295,0.0001585222965056172,9.650447022492434e-05,0.0011441174443448893,2.70805020110221,0.0001585222965056172,500.0,0.0,0.0,0.0,0.004810159055926116,0.02695894745607461,5.420534999272286,0.00022744660174100036
pg-2021 46,staphylococcus succinus,0.017045917002895247,0.15717640493850124,7.2909747781429814,0.0002790113697133158,0.0001279084640519076,0.0018949522193029366,2.4849066497880004,0.00025576042223720614,500.0,0.0,0.0,0.0,0.004295329252206852,0.023885507484783682,4.852030263919617,0.0005231584821428571
pg-2021 47,staphylococcus succinus,0.014054735073843354,0.13688630717010183,7.605392364814935,0.00015396997585470832,0.00014699088656503298,0.001924624698183854,3.091042453358316,0.00015396997585470832,500.0,0.0,0.0,0.0,0.004322137158884521,0.022477444198177626,5.241747015059643,0.0003149407911312673
pg-2021 5,staphylococcus succinus,0.017167893977680652,0.16031966342087572,7.367708572374371,0.00026024159094359265,0.00018437577952995022,0.002862657500379519,2.8903717578961645,0.00023855479169829325,500.0,0.0,0.0,0.0,0.004153686396677051,0.023788574966598235,4.8283137373023015,0.00048796356538711777
pg-2021 64,staphylococcus succinus,0.013959176788124156,0.13602788729820714,7.594381242551817,0.0001686731746399882,0.0001686957010712177,0.002220863466093178,3.2188758248682006,0.00015461707675332252,500.0,0.0,0.0,0.0,0.0043067298320375366,0.02226537502482512,5.25227342804663,0.0003162622024499779
pg-2021 67,staphylococcus succinus,0.015393974948125454,0.1460071254779284,7.257002707092073,0.00023896419881821342,0.00018469227008528438,0.002661192214111922,2.8903717578961645,0.00023896419881821342,500.0,0.0,0.0,0.0,0.004508627411098681,0.02475231230045094,4.897839799950911,0.0004887904066736184
pg-2021 68,staphylococcus succinus,0.015326545707696993,0.1458122614114653,7.251344983372214,0.0002392682741144355,0.00017404925593943085,0.0024470618943521812,2.833213344056216,0.0002392682741144355,500.0,0.0,0.0,0.0,0.0044893762851267996,0.02436426574357609,4.882801922586371,0.0004894123788704363
pg-2021 74,staphylococcus succinus,0.016397075116330602,0.15526690142487348,7.249215057114389,0.00027984422005083835,0.0001632786349906115,0.002378675870432126,2.70805020110221,0.00025652386837993516,500.0,0.0,0.0,0.0,0.004189505289250428,0.023868620584135188,4.795790545596741,0.000524714030853185
pg-2021 76,staphylococcus succinus,0.012479917374340142,0.12165893329699726,7.462214939768189,0.00015777508444552815,9.324343709654283e-05,0.0013554314072820373,2.6390573296152584,0.00015777508444552815,500.0,0.0,0.0,0.0,0.003990331995622036,0.023358893666060903,5.170483995038151,0.00021515092837625594
pg-2021 8,staphylococcus succinus,0.013937606482740847,0.13579654854017995,7.5745584842024805,0.0001717856401520303,0.00017180900565537976,0.002261844262001732,3.2188758248682006,0.0001574701701393611,500.0,0.0,0.0,0.0,0.0043161150348520515,0.0221982564932147,5.236441962829949,0.00032210268633640405
pg-2021 84,staphylococcus succinus,0.013916022537444435,0.13576236278319215,7.584264818389059,0.00015570701601658987,0.00014157087037771108,0.001804785867465019,3.044522437723423,0.00015570701601658987,500.0,0.0,0.0,0.0,0.004329004329004329,0.022436769105248843,5.231108616854587,0.0003184916236702975
pg-2021 86,staphylococcus succinus,0.013899260302923565,0.1338639805585884,7.587817219993427,0.00015496777374705034,0.00017612331449988025,0.002366780544500405,3.258096538021482,0.00015496777374705034,500.0,0.0,0.0,0.0,0.004376565073205946,0.02309803491052805,5.272999558563747,0.0003169840028739883
pg-2021 87,staphylococcus succinus,0.013937973186399144,0.13731127666204004,7.585281078639126,0.0001557941251451718,0.00012040256953248391,0.0016500014163102286,2.8903717578961645,0.0001557941251451718,500.0,0.0,0.0,0.0,0.004251541767893852,0.022101960070944563,5.209486152841421,0.00031867431485022306
pg-2021 88,staphylococcus succinus,0.01715704881408136,0.16017869922578126,7.367077059881012,0.00026024159094359265,0.00018437577952995022,0.002862657500379519,2.8903717578961645,0.00023855479169829325,500.0,0.0,0.0,0.0,0.004147018494364737,0.023746787677694284,4.8283137373023015,0.00048796356538711777
pg-2021 89,staphylococcus succinus,0.01066846411305318,0.09809707474616046,6.131226489483141,0.0009526243639489765,0.0006276150627615063,0.0032760984223611143,3.332204510175204,0.0009526243639489765,500.0,0.0,0.0,0.0,0.01441429248155918,0.04324679592507394,5.365976015021851,0.001603234351038617
pg-2021 9,staphylococcus succinus,0.014041112830623335,0.13703295460968853,7.59488438721652,0.0001554462721157651,0.00012720039008119624,0.0016533830761404104,2.9444389791664403,0.0001554462721157651,500.0,0.0,0.0,0.0,0.00433613133608496,0.022794980590412565,5.236441962829949,0.00031795828387315585
pg-2021 90,staphylococcus succinus,0.0093304555060929,0.09122783359180096,6.030685260261263,0.0005169352482412964,0.00026982056932140126,0.002831906142539276,2.5649493574615367,0.0005169352482412964,500.0,0.0,0.0,0.0,0.010143042912873863,0.037985865724381625,5.056245805348308,0.0013485267345425124
pg-2021 93,staphylococcus succinus,0.009943835742565141,0.09719505741043283,6.07073772800249,0.000690305805471824,0.00036832412523020257,0.002554131480245749,2.833213344056216,0.000690305805471824,500.0,0.0,0.0,0.0,0.01063616295404375,0.03488598713701033,5.075173815233827,0.0017258042247687423
pg-2021 1,staphylococcus vitulinus,0.019541005502646976,0.17635847639186444,7.940939762327791,0.00022258701761219778,0.00022957320254617553,0.0026362649898444674,3.5263605246161616,0.00015998441890876714,500.0,0.0,0.0,0.0,0.00397628022432656,0.023840378943605328,5.159055299214529,0.0002712798146950189
pg-2021 10,staphylococcus vitulinus,0.01403404634203218,0.13523825674071563,7.594381242551817,0.00016957775139901646,0.00016253383177041743,0.002041998756429823,3.1780538303479458,0.00016251201175739076,500.0,0.0,0.0,0.0,0.0046628157839794,0.02427568141273175,5.308267697401205,0.00031795828387315585
pg-2021 12,staphylococcus vitulinus,0.011414706774380326,0.11058577030966772,7.4127640174265625,0.00026190459780413674,0.00031019080180875704,0.0022744346651411874,3.828641396489095,0.00026190459780413674,500.0,3.0,0.6666666666666666,1.0,0.005921840259962374,0.028062286618369556,5.627621113690637,0.0003721853483034551
pg-2021 14,staphylococcus vitulinus,0.011407892469412373,0.11047625611689296,7.412160334945205,0.0002619064029223241,0.0003101929400086854,0.002274450341167551,3.828641396489095,0.0002619064029223241,500.0,3.0,0.6666666666666666,1.0,0.00591943583716209,0.028047689394727533,5.627621113690637,0.0003721853483034551
pg-2021 15,staphylococcus vitulinus,0.011449250387730484,0.11095871528017093,7.415776975415394,0.0002619064029223241,0.0003101929400086854,0.002274450341167551,3.828641396489095,0.0002619064029223241,500.0,3.0,0.6666666666666666,1.0,0.005943218744655379,0.028208010658672664,5.631211781821365,0.0003721853483034551
pg-2021 16,staphylococcus vitulinus,0.014422600597285324,0.13820309791184607,7.620214770574455,0.0001698261404886747,0.00021231121994026977,0.002497859483020924,3.4339872044851463,0.0001627500513016466,500.0,0.0,0.0,0.0,0.004734266530101286,0.025099133825125717,5.342334251964811,0.0003184240134162651
pg-2021 17,staphylococcus vitulinus,0.014535445238555147,0.1394761710962882,7.653494909661253,0.00016555035144960026,0.00017936972239086042,0.002014195942636803,3.295836866004329,0.00015865242013920024,500.0,0.0,0.0,0.0,0.004594486616060727,0.02454345292060614,5.337538079701318,0.00031041119135815243
pg-2021 18,staphylococcus vitulinus,0.014046056659631634,0.1357566765578635,7.576097340623111,0.00017285586701621964,0.00018728615162974969,0.002239923943418513,3.295836866004329,0.00016565353922387715,500.0,0.0,0.0,0.0,0.004733672345511213,0.02490810712084199,5.313205979041787,0.00032410708498087766
pg-2021 19,staphylococcus vitulinus,0.013456918727013755,0.1259884363574526,7.549609165154532,0.00015588243630076807,0.00012755734765755103,0.0014737975795708982,2.9444389791664403,0.00015588243630076807,500.0,0.0,0.0,0.0,0.004391801969656641,0.02305239572561186,5.293304824724492,0.0003188504378879347
pg-2021 2,staphylococcus vitulinus,0.014302992799279927,0.13816330691941528,7.618251097876695,0.0001687490771534843,0.00016173947286996147,0.0020320201373898736,3.1780538303479458,0.00016171786560542246,500.0,0.0,0.0,0.0,0.004570109636468552,0.024028411517453753,5.293304824724492,0.00031640896913957855
pg-2021 22,staphylococcus vitulinus,0.011388763733407272,0.11046576102023843,7.404887575616125,0.0002633767673967286,0.0003119346185039616,0.0022872192958136956,3.828641396489095,0.0002633767673967286,500.0,3.0,0.6666666666666666,1.0,0.005963273126520419,0.028260550535650644,5.627621113690637,0.0003742748424926705
pg-2021 23,staphylococcus vitulinus,0.019504763539610333,0.17647521580238437,7.911324018963353,0.0002288542270090898,0.00023603799496452278,0.002302845659278966,3.5263605246161616,0.00017164067025681736,500.0,0.0,0.0,0.0,0.004140596245859404,0.024686940966010734,5.198497031265826,0.0002789160891673282
pg-2021 27,staphylococcus vitulinus,0.015203018773779081,0.1431956906430515,7.576097340623111,0.00017150118101949658,0.00010135661936691096,0.0015824881703162639,2.6390573296152584,0.00016370567279133763,500.0,0.0,0.0,0.0,0.003926228237846774,0.02177520744279608,5.030437921392435,0.00030402956102808763
pg-2021 29,staphylococcus vitulinus,0.01435141195697617,0.1357376301588508,7.543802867501509,0.00018241240404347496,0.00018243874999049797,0.002204149882191989,3.2188758248682006,0.00017481188720833016,500.0,0.0,0.0,0.0,0.004776552379523345,0.02514436079233974,5.2574953720277815,0.00034202845676760304
pg-2021 31,staphylococcus vitulinus,0.01232929768189121,0.11874726582950251,7.450079569807499,0.00020080465293067219,0.00018648687419308565,0.0022518807507225383,3.295836866004329,0.00016494667919305216,500.0,0.0,0.0,0.0,0.0060327361303981605,0.03006703688134693,5.583496308781699,0.0004948471352653887
pg-2021 33,staphylococcus vitulinus,0.012175563533635454,0.11760811516591513,7.412160334945205,0.00020596867804888814,0.0001912833642329537,0.0023097916038339597,3.295836866004329,0.00016918855696872954,500.0,0.0,0.0,0.0,0.005982147029957471,0.029624244627197965,5.54907608489522,0.0005075694045990201
pg-2021 35,staphylococcus vitulinus,0.014490976499949508,0.13745825910726778,7.605890001053122,0.00017309398282042222,0.00020918389428278776,0.002812777220831861,3.4011973816621555,0.00016588173353623796,500.0,0.0,0.0,0.0,0.004623701806800398,0.024435829987539803,5.278114659230517,0.0003245558993443971
pg-2021 38,staphylococcus vitulinus,0.01408640992092838,0.1356729969355905,7.591861714889934,0.00017063997099120494,0.00016355206644480473,0.002054789650685759,3.1780538303479458,0.0001635299721999047,500.0,0.0,0.0,0.0,0.004640044994375703,0.024314584188677525,5.293304824724492,0.00031995222046841005
pg-2021 4,staphylococcus vitulinus,0.01659317328107137,0.14715871979098627,7.329749689041512,0.00031569780100152404,0.0004137585609912784,0.0037230568256041803,3.6635616461296463,0.00031569780100152404,500.0,0.0,0.0,0.0,0.005761119303178903,0.027649155534827944,5.1298987149230735,0.0007511430437622469
pg-2021 40,staphylococcus vitulinus,0.01140977180456391,0.11039720034995626,7.396948602621014,0.0002659667541557305,0.00031500252002016017,0.002309711286089239,3.828641396489095,0.0002659667541557305,500.0,3.0,0.6666666666666666,1.0,0.006080990778277721,0.02868887927304197,5.6131281063880705,0.0003779527559055118
pg-2021 41,staphylococcus vitulinus,0.011442357401344132,0.1108484388999931,7.415175109613295,0.0002619064029223241,0.0003101929400086854,0.002274450341167551,3.828641396489095,0.0002619064029223241,500.0,3.0,0.6666666666666666,1.0,0.005940805641628379,0.02819333763342419,5.631211781821365,0.0003721853483034551
pg-2021 43,staphylococcus vitulinus,0.011407892469412373,0.11047625611689296,7.412160334945205,0.0002619064029223241,0.0003101929400086854,0.002274450341167551,3.828641396489095,0.0002619064029223241,500.0,3.0,0.6666666666666666,1.0,0.005921840259962374,0.028062286618369556,5.627621113690637,0.0003721853483034551
pg-2021 46,staphylococcus vitulinus,0.01806913712312361,0.16701155572089563,7.349230824613334,0.0002790113697133158,0.0001744206327980558,0.001941454114255156,2.772588722239781,0.00026738589597526097,500.0,0.0,0.0,0.0,0.005208509486927994,0.030399736798815594,5.043425116919247,0.0005231584821428571
pg-2021 47,staphylococcus vitulinus,0.014523692867641913,0.13997970395772824,7.638198244285779,0.00016796724638695455,0.0001959878487533773,0.0024565209784092102,3.367295829986474,0.00016096861112083145,500.0,0.0,0.0,0.0,0.0046899786192151184,0.02473862135357199,5.3230099791384085,0.0003149407911312673
pg-2021 5,staphylococcus vitulinus,0.0180138167384255,0.16509075925484157,7.415776975415394,0.00024939819132094293,0.00017353014543995316,0.0020277157294354927,2.833213344056216,0.00024939819132094293,500.0,0.0,0.0,0.0,0.0053595953505510335,0.031479127969498484,5.081404364984463,0.00048796356538711777
pg-2021 64,staphylococcus vitulinus,0.014500393612235717,0.13896561175652028,7.6324011266014535,0.0001686731746399882,0.00018275367616048585,0.0021857232213765136,3.295836866004329,0.00016164512569665534,500.0,0.0,0.0,0.0,0.004624067819661355,0.024648586623121565,5.3230099791384085,0.0003162622024499779
pg-2021 67,staphylococcus vitulinus,0.016078393029799347,0.1452359228362878,7.300472814267799,0.00026068821689259646,0.00023901352599272095,0.0031282586027111575,3.1354942159291497,0.00023896419881821342,500.0,0.0,0.0,0.0,0.005864605579850165,0.02827425035383957,5.159055299214529,0.0007494786235662148
pg-2021 68,staphylococcus vitulinus,0.01657747030413784,0.14701947861267906,7.329749689041512,0.00031539908860539224,0.0004133669828561483,0.0037195340794153155,3.6635616461296463,0.00031539908860539224,500.0,0.0,0.0,0.0,0.005791638108293352,0.027859139928105445,5.135798437050262,0.0007504323142680022
pg-2021 74,staphylococcus vitulinus,0.017493323381576033,0.16141181409015648,7.313886831633462,0.00026818404421538676,0.00012829035606405187,0.00167906532030503,2.4849066497880004,0.00025652386837993516,500.0,0.0,0.0,0.0,0.005341619243794295,0.031178810649076877,5.0369526024136295,0.000524714030853185
pg-2021 76,staphylococcus vitulinus,0.01232929768189121,0.11874726582950251,7.450079569807499,0.00020080465293067219,0.00018648687419308565,0.0022518807507225383,3.295836866004329,0.00016494667919305216,500.0,0.0,0.0,0.0,0.006042502736227654,0.03011834581800452,5.583496308781699,0.0004948471352653887
pg-2021 8,staphylococcus vitulinus,0.014538920783999312,0.13954720168349927,7.616775808698373,0.0001717856401520303,0.00018612642279332807,0.002226055586970059,3.295836866004329,0.0001646279051456957,500.0,0.0,0.0,0.0,0.004662327470802751,0.024782061651837873,5.313205979041787,0.00032210268633640405
pg-2021 84,staphylococcus vitulinus,0.014319488094226904,0.13773701084994797,7.6128310304073565,0.0001698621992908253,0.00019819921852879551,0.0024842346646283204,3.367295829986474,0.0001627846076537076,500.0,0.0,0.0,0.0,0.004724666014988596,0.024884416644003263,5.318119993844216,0.0003184916236702975
pg-2021 86,staphylococcus vitulinus,0.014223318069742866,0.1358574296481527,7.61085279039525,0.00016905575317860037,0.0002183929099798515,0.0024935723593843555,3.4657359027997265,0.00016201176346282534,500.0,0.0,0.0,0.0,0.00462472082477948,0.024547151169173345,5.327876168789581,0.0003169840028739883
pg-2021 87,staphylococcus vitulinus,0.01417168920019547,0.1372050533948956,7.601901959875166,0.0001699572274310965,0.00016289759407336058,0.0020465682803161205,3.1780538303479458,0.00016287567628813415,500.0,0.0,0.0,0.0,0.004601943561951038,0.02408022192914639,5.288267030694535,0.00031867431485022306
pg-2021 88,staphylococcus vitulinus,0.018068042556421963,0.16548112164125697,7.418780882750794,0.00024939819132094293,0.00017353014543995316,0.0020277157294354927,2.833213344056216,0.00024939819132094293,500.0,0.0,0.0,0.0,0.005350991605631919,0.03142383136527764,5.081404364984463,0.00048796356538711777
pg-2021 89,staphylococcus vitulinus,0.00920416511714392,0.09458862891795813,5.983936280687191,0.0004646948116824276,0.0,0.0,0.0,0.0,500.0,0.0,0.0,0.0,0.003722000406036408,0.020966151823858036,4.02535169073515,0.000766764254844556
pg-2021 9,staphylococcus vitulinus,0.014048179319214489,0.13543609745068114,7.5953872788539725,0.00016957775139901646,0.00016253383177041743,0.002041998756429823,3.1780538303479458,0.00016251201175739076,500.0,0.0,0.0,0.0,0.004660761489588648,0.024261984291775753,5.308267697401205,0.00031795828387315585
pg-2021 90,staphylococcus vitulinus,0.0084985835694051,0.09244150765288922,5.937536205082426,0.0004944598026655878,6.745514233035032e-05,0.00092149326860405,1.3862943611198906,0.0004719843570898793,500.0,0.0,0.0,0.0,0.0059817945383615085,0.02858404846037355,4.532599493153256,0.000876542377452633
pg-2021 93,staphylococcus vitulinus,0.009920817604272167,0.10085367817943348,6.068425588244111,0.0004832140638302768,0.00011510128913443831,0.001426631997975103,1.791759469228055,0.0004832140638302768,500.0,0.0,0.0,0.0,0.006689410662920597,0.03306697849671929,4.61512051684126,0.000897418196879746
pg-2021 1,staphylococcus warneri,0.01886621819977878,0.17255362955955594,7.905810312658931,0.0001738961075095295,0.00025044349368673693,0.0029005870732589523,3.6109179126442243,0.00015998441890876714,129.0,0.0,0.0,0.0,0.004849682816953204,0.026879077665564393,5.356586274672012,0.0002712798146950189
pg-2021 10,staphylococcus warneri,0.013313264505734456,0.1259892035498276,7.541683099882111,0.00016251201175739076,0.0001766672084461059,0.0019713413600135664,3.258096538021482,0.00016251201175739076,129.0,0.0,0.0,0.0,0.004523627253114343,0.023530474448433935,5.278114659230517,0.00031795828387315585
pg-2021 12,staphylococcus warneri,0.01096666574760815,0.10891095932897285,7.3727463664043285,0.00019298233522410075,0.00011718319179441933,0.001164786237602608,2.8903717578961645,0.00017919788270809355,129.0,0.0,0.0,0.0,0.004382589362066017,0.02406528437005579,5.327876168789581,0.00024812356553563676
pg-2021 14,staphylococcus warneri,0.010973634327072204,0.10902198635329795,7.373374309910049,0.00019298366531118617,0.00011718399955883671,0.0011647942656282308,2.8903717578961645,0.00017919911778895858,129.0,0.0,0.0,0.0,0.004402179720055561,0.024198414514887332,5.332718793265369,0.00024812356553563676
pg-2021 15,staphylococcus warneri,0.011028778218163018,0.10942173823144255,7.3783837129967145,0.00019298366531118617,0.00011718399955883671,0.0011647942656282308,2.8903717578961645,0.00017919911778895858,129.0,0.0,0.0,0.0,0.004382589362066017,0.02406528437005579,5.327876168789581,0.00024812356553563676
pg-2021 16,staphylococcus warneri,0.013127538816469223,0.12226066897347174,7.526178913346146,0.0001627500513016466,0.00017692601661689148,0.0021086745777343778,3.258096538021482,0.0001627500513016466,129.0,0.0,0.0,0.0,0.00432457038807329,0.022817394386477924,5.25227342804663,0.0003184240134162651
pg-2021 17,staphylococcus warneri,0.01347305389221557,0.1244455787709266,7.577633832602728,0.00016555035144960026,0.00019316739334400353,0.0022073380193280037,3.367295829986474,0.00015865242013920024,129.0,0.0,0.0,0.0,0.004527899853509122,0.023960626861805466,5.3230099791384085,0.00031041119135815243
pg-2021 18,staphylococcus warneri,0.01326812121386742,0.12399527527296822,7.519149957669823,0.00017285586701621964,0.00019448946515397082,0.0020238541096482382,3.332204510175204,0.00016565353922387715,129.0,0.0,0.0,0.0,0.004311859958287442,0.022282596287755987,5.220355825078324,0.00032410708498087766
pg-2021 19,staphylococcus warneri,0.013648249325028169,0.12673950627781083,7.563719668414366,0.00015588243630076807,0.00017007646354340138,0.0024586911543802966,3.2188758248682006,0.00015588243630076807,129.0,0.0,0.0,0.0,0.00461361014994233,0.023418648741813167,5.342334251964811,0.0003188504378879347
pg-2021 2,staphylococcus warneri,0.013339615211521152,0.12547900128671172,7.5485559791698735,0.0001687490771534843,0.0001828359258529999,0.001968739233457317,3.295836866004329,0.00016171786560542246,129.0,0.0,0.0,0.0,0.0045470282746682055,0.023511429791633887,5.288267030694535,0.00031640896913957855
pg-2021 22,staphylococcus warneri,0.010965930752434756,0.10911422234543942,7.367077059881012,0.00019406709176601053,0.00011784196699038548,0.001171333518159135,2.8903717578961645,0.00018020515663986692,129.0,0.0,0.0,0.0,0.004370196551204495,0.02394180171492065,5.318119993844216,0.0002495165616617803
pg-2021 23,staphylococcus warneri,0.018403284410494092,0.16852968310841254,7.853216388156072,0.0001787923648508514,0.00027895399404898145,0.0030037117294943036,3.6888794541139363,0.00017164067025681736,129.0,0.0,0.0,0.0,0.006371917556128082,0.030120751341681573,5.627621113690637,0.0005792872621167586
pg-2021 27,staphylococcus warneri,0.013854238133848937,0.13037207960773003,7.48324441607385,0.00017150118101949658,0.00016372992359270234,0.002533540174151654,3.091042453358316,0.00017150118101949658,129.0,0.0,0.0,0.0,0.006070155499302578,0.027633894895649987,5.4638318050256105,0.0003274164503379406
pg-2021 29,staphylococcus warneri,0.01358367222834556,0.12758227559474045,7.488852955733459,0.00018241240404347496,0.0001520322916587483,0.0019381317929619214,3.044522437723423,0.00016721137037318536,129.0,0.0,0.0,0.0,0.0044514467201840595,0.02282971517676583,5.187385805840755,0.00034202845676760304
pg-2021 31,staphylococcus warneri,0.011913300436079872,0.1156706516828147,7.415776975415394,0.00017211827394057616,0.0001793143021087362,0.002223194371732442,3.258096538021482,0.00016494667919305216,129.0,0.0,0.0,0.0,0.004211532770277961,0.025354543242107126,5.225746673713202,0.00021515092837625594
pg-2021 33,staphylococcus warneri,0.011807721735036195,0.11493052235127958,7.381501894506707,0.00017654458118476126,0.00018392631176245548,0.002280367506969833,3.258096538021482,0.00016918855696872954,129.0,0.0,0.0,0.0,0.004229564892274618,0.025398700531600708,5.204006687076795,0.00022068234982566094
pg-2021 35,staphylococcus warneri,0.01336574387974437,0.1259114480032888,7.5251007461258,0.00017309398282042222,0.00020918389428278776,0.0024016790116333582,3.4011973816621555,0.00016588173353623796,129.0,0.0,0.0,0.0,0.004789680846018874,0.02505883981725045,5.313205979041787,0.0003245558993443971
pg-2021 38,staphylococcus warneri,0.013524660105808066,0.12601050857821355,7.551186867296149,0.00017063997099120494,0.00018488494467673578,0.0019907996615640576,3.295836866004329,0.0001635299721999047,129.0,0.0,0.0,0.0,0.004640044994375703,0.02401806486930341,5.293304824724492,0.00031995222046841005
pg-2021 4,staphylococcus warneri,0.015199520932005009,0.1395166557805356,7.242082359256962,0.0002286087524493795,0.00016332574775971515,0.0026453298497713914,2.772588722239781,0.0002286087524493795,129.0,0.0,0.0,0.0,0.005658242172764994,0.025983543755621438,5.111987788356544,0.0004898758981058132
pg-2021 40,staphylococcus warneri,0.010982780344393112,0.1088153980752406,7.358830898342354,0.00019597550306211722,0.00011900095200761606,0.0011828521434820648,2.8903717578961645,0.00018197725284339457,129.0,0.0,0.0,0.0,0.004120817926671716,0.022868887927304196,5.225746673713202,0.0002309711286089239
pg-2021 41,staphylococcus warneri,0.011028778218163018,0.10942173823144255,7.3783837129967145,0.00019298366531118617,0.00011718399955883671,0.0011647942656282308,2.8903717578961645,0.00017919911778895858,129.0,0.0,0.0,0.0,0.004380809915589272,0.024052766276190674,5.327876168789581,0.00024812356553563676
pg-2021 43,staphylococcus warneri,0.010966741340685851,0.10891170997312014,7.3727463664043285,0.00019298366531118617,0.00011718399955883671,0.0011647942656282308,2.8903717578961645,0.00017919911778895858,129.0,0.0,0.0,0.0,0.004382589362066017,0.02406528437005579,5.327876168789581,0.00024812356553563676
pg-2021 46,staphylococcus warneri,0.018092392125856074,0.16272175591155338,7.350516171833998,0.0003720151596177544,0.0007325666577518344,0.004929200864935246,4.1588830833596715,0.0003720151596177544,129.0,0.0,0.0,0.0,0.012412486894172558,0.04079618358282612,5.908082938168931,0.000732421875
pg-2021 47,staphylococcus warneri,0.013410793028627424,0.12532456171046646,7.558516743045645,0.00016796724638695455,0.00021698654683409627,0.0025265073310704413,3.4657359027997265,0.00016096861112083145,129.0,0.0,0.0,0.0,0.004391107432696508,0.02274609890970963,5.2574953720277815,0.0003149407911312673
pg-2021 5,staphylococcus warneri,0.018154803865216305,0.16344256251219882,7.423568444259167,0.0003469887879247902,0.0007266574840298038,0.0054650734098154454,4.219507705176107,0.0003469887879247902,129.0,0.0,0.0,0.0,0.012260074364385488,0.04083162251116108,5.905361848054571,0.0006831489915419649
pg-2021 64,staphylococcus warneri,0.01325629779577148,0.12477598093993127,7.54274354536855,0.0001686731746399882,0.00017572468861585177,0.002094358585113187,3.258096538021482,0.00016164512569665534,129.0,0.0,0.0,0.0,0.004556066822313394,0.02383211598296445,5.308267697401205,0.0003162622024499779
pg-2021 67,staphylococcus warneri,0.014796467099045073,0.13735010427528677,7.217443431696533,0.0002281021897810219,0.00013037101417784778,0.0021941258255126867,2.5649493574615367,0.0002281021897810219,129.0,0.0,0.0,0.0,0.006000203396725313,0.02666140021724104,5.181783550292085,0.0005539624608967674
pg-2021 68,staphylococcus warneri,0.015185136840273245,0.13938464550230023,7.242082359256962,0.00022839244347287025,0.00016317117744321644,0.0026428268459003554,2.772588722239781,0.00022839244347287025,129.0,0.0,0.0,0.0,0.005654557916381083,0.02596192251364665,5.111987788356544,0.0004894123788704363
pg-2021 74,staphylococcus warneri,0.017936487573909293,0.1612369114526247,7.338888133838879,0.00037312562673445115,0.0007464166170999382,0.0053986614118140906,4.174387269895637,0.00037312562673445115,129.0,0.0,0.0,0.0,0.012533603323674196,0.040937064363673455,5.886104031450156,0.000734599643194459
pg-2021 76,staphylococcus warneri,0.011913300436079872,0.1156706516828147,7.415776975415394,0.00017211827394057616,0.0001793143021087362,0.002223194371732442,3.258096538021482,0.00016494667919305216,129.0,0.0,0.0,0.0,0.004195549069682597,0.025242675413323878,5.220355825078324,0.00021515092837625594
pg-2021 8,staphylococcus warneri,0.01327186564920469,0.12522457393582376,7.5256399750415355,0.0001717856401520303,0.00015749158851743146,0.001975534861748348,3.1354942159291497,0.0001646279051456957,129.0,0.0,0.0,0.0,0.004616165812675991,0.024108025523501393,5.303304908059076,0.00032210268633640405
pg-2021 84,staphylococcus warneri,0.013286050001415669,0.123369499826599,7.537962659768208,0.0001698621992908253,0.00020527776204768108,0.0022719069155147887,3.4011973816621555,0.0001627846076537076,129.0,0.0,0.0,0.0,0.004329004329004329,0.022572749524068535,5.231108616854587,0.0003184916236702975
pg-2021 86,staphylococcus warneri,0.013399084184572032,0.12552389673511077,7.551186867296149,0.00015496777374705034,0.00017612331449988025,0.00223294473990068,3.258096538021482,0.00015496777374705034,129.0,0.0,0.0,0.0,0.0042637670043088865,0.022593039850697112,5.247024072160486,0.0003169840028739883
pg-2021 87,staphylococcus warneri,0.013286401269148778,0.12445826133756338,7.537430036586509,0.0001699572274310965,0.00019831011452409113,0.0022660963657479536,3.367295829986474,0.00016287567628813415,129.0,0.0,0.0,0.0,0.004461782844328163,0.023375324025649187,5.2574953720277815,0.00031867431485022306
pg-2021 88,staphylococcus warneri,0.018165649028815598,0.16311726052351933,7.424165281042028,0.0003469887879247902,0.0007266574840298038,0.0054650734098154454,4.219507705176107,0.0003469887879247902,129.0,0.0,0.0,0.0,0.012240393297883014,0.040759897205686214,5.905361848054571,0.0006831489915419649
pg-2021 89,staphylococcus warneri,0.013062476757158796,0.10685657194637421,6.333279628139691,0.0010920328074537048,0.0025337052533705253,0.010478868003438741,4.700480365792417,0.0010920328074537048,129.0,0.0,0.0,0.0,0.020504838600527847,0.051528097272428526,5.717027701406222,0.003136762860727729
pg-2021 9,staphylococcus warneri,0.0133061980171433,0.12587615171556157,7.5411524551363085,0.00016251201175739076,0.0001766672084461059,0.0019713413600135664,3.258096538021482,0.00016251201175739076,129.0,0.0,0.0,0.0,0.00452163428094421,0.02351719779723752,5.278114659230517,0.00031795828387315585
pg-2021 90,staphylococcus warneri,0.011668690138945096,0.10246555637965522,6.253828811575473,0.0006517879216955476,0.0011242523721725053,0.0066752073359854355,3.9318256327243257,0.0006517879216955476,129.0,0.0,0.0,0.0,0.016189856957087127,0.04934376577486118,5.521460917862246,0.0032364641629020296
pg-2021 93,staphylococcus warneri,0.011762268667710156,0.10460433972249707,6.238324625039508,0.0011044892887549184,0.0011279926335174954,0.0037506615430635774,3.912023005428146,0.0011044892887549184,129.0,0.0,0.0,0.0,0.014516021138537696,0.043916065744169425,5.384495062789089,0.0021399972387132404
pg-2021 1,staphylococcus xylosus,0.0206471001537402,0.18157535961715032,7.99598047476376,0.00016694026320914832,0.00025044349368673693,0.0034222753957875406,3.6109179126442243,0.00015302857460838598,325.0,0.0,0.0,0.0,0.004275075848119886,0.02585128250960765,5.231108616854587,0.0002712798146950189
pg-2021 10,staphylococcus xylosus,0.014818426575650294,0.13694816573398905,7.6487397889562425,0.00017664349104064213,0.00018373389678395013,0.0021974450285455883,3.295836866004329,0.00017664349104064213,325.0,0.0,0.0,0.0,0.004709211960934419,0.025811259399769665,5.318119993844216,0.00031795828387315585
pg-2021 12,staphylococcus xylosus,0.011573244368468941,0.11678188171561296,7.426549072397305,0.00015162897767607915,5.514503143266792e-05,0.0011027562012805756,2.1972245773362196,0.00013784452516007195,325.0,0.0,0.0,0.0,0.004403967846759021,0.02377383628944958,5.332718793265369,0.00022744660174100036
pg-2021 14,staphylococcus xylosus,0.011559538169912115,0.11660348749052313,7.425357887027151,0.00015163002274450342,5.5145411557099626e-05,0.0011027638017782066,2.1972245773362196,0.00013784547522227583,325.0,0.0,0.0,0.0,0.004402179720055561,0.023761469798797362,5.332718793265369,0.00022744660174100036
pg-2021 15,staphylococcus xylosus,0.011573324142684818,0.11688607071472878,7.426549072397305,0.00015163002274450342,5.5145411557099626e-05,0.0011027638017782066,2.1972245773362196,0.00013784547522227583,325.0,0.0,0.0,0.0,0.004403967846759021,0.02377383628944958,5.332718793265369,0.00022744660174100036
pg-2021 16,staphylococcus xylosus,0.014507522681273265,0.13733273894184161,7.62608275807238,0.00017690222967570282,0.0001415408132935132,0.001620424423829438,3.044522437723423,0.00017690222967570282,325.0,0.0,0.0,0.0,0.00498463639467395,0.027292262023437673,5.393627546352362,0.0003184240134162651
pg-2021 17,staphylococcus xylosus,0.014466458787494136,0.13738609790923703,7.6487397889562425,0.00017244828276000027,0.00014487554500800266,0.0017175848962896027,3.091042453358316,0.00017244828276000027,325.0,0.0,0.0,0.0,0.005127180716473565,0.028061995423736132,5.44673737166631,0.00031041119135815243
pg-2021 18,staphylococcus xylosus,0.014269352944989879,0.13438823427731844,7.591861714889934,0.00018005819480856213,0.0001584728975328651,0.0018005819480856212,3.1354942159291497,0.00018005819480856213,325.0,0.0,0.0,0.0,0.004874276474585803,0.02655190520764366,5.342334251964811,0.00032410708498087766
pg-2021 19,staphylococcus xylosus,0.014222241119071409,0.13539806705778987,7.60489448081162,0.00017713913215996373,0.00017007646354340138,0.0021894396734971518,3.2188758248682006,0.00017713913215996373,325.0,0.0,0.0,0.0,0.00521249223671369,0.02843846949327818,5.4638318050256105,0.0003188504378879347
pg-2021 2,staphylococcus xylosus,0.014049842484248424,0.1322430267959472,7.6004023345004,0.00017578028870154615,0.00011954656690388456,0.001321867771035627,2.8903717578961645,0.00017578028870154615,325.0,0.0,0.0,0.0,0.004408540103866128,0.02400593405111376,5.2574953720277815,0.00031640896913957855
pg-2021 22,staphylococcus xylosus,0.011548192562298549,0.11666204602162462,7.418780882750794,0.0001524812863875797,5.5455043289593166e-05,0.0011089548100914888,2.1972245773362196,0.0001386193512614361,325.0,0.0,0.0,0.0,0.004434780736690276,0.02394180171492065,5.332718793265369,0.00022872351485663195
pg-2021 23,staphylococcus xylosus,0.020534718049952792,0.1828044655181045,7.962763930168115,0.000257461005385226,0.0002861066605630579,0.0034685718781065173,3.713572066704308,0.00015733728106874924,325.0,0.0,0.0,0.0,0.005290761869709238,0.02880143112701252,5.442417710521793,0.0003647364242957369
pg-2021 27,staphylococcus xylosus,0.014322023326888292,0.1403425346315453,7.516433302915632,0.0001792966892476555,0.00012474660845158273,0.0019021040076707802,2.833213344056216,0.00016370567279133763,325.0,0.0,0.0,0.0,0.0049852766441080745,0.02700528036208197,5.267858159063328,0.0003274164503379406
pg-2021 29,staphylococcus xylosus,0.01443502717494584,0.1340731169719541,7.549609165154532,0.00019001292087861973,0.00010642260416112382,0.001261685794634035,2.70805020110221,0.00019001292087861973,325.0,0.0,0.0,0.0,0.00452647110310851,0.024608337597154206,5.204006687076795,0.00034202845676760304
pg-2021 31,staphylococcus xylosus,0.012300608216662842,0.11871857945051241,7.447751280047908,0.00020080465293067219,0.00014345144168698896,0.0016422951971829976,3.044522437723423,0.00018646146343562418,325.0,0.0,0.0,0.0,0.004416418148291483,0.025730657757915,5.272999558563747,0.00023666602121388155
pg-2021 33,staphylococcus xylosus,0.012263845565299277,0.11855704228978321,7.419380582918692,0.00020596867804888814,0.00013978399693946616,0.0015374090611506293,2.995732273553991,0.0001912566296168247,325.0,0.0,0.0,0.0,0.0043931392251250175,0.02601208596483257,5.241747015059643,0.00022068234982566094
pg-2021 35,staphylococcus xylosus,0.013964425337930438,0.13223659062551837,7.5688956634069955,0.00018030623210460645,0.0001514779924116739,0.0017958500717618804,3.091042453358316,0.00018030623210460645,325.0,0.0,0.0,0.0,0.004671124389434248,0.025635700770686234,5.288267030694535,0.0003245558993443971
pg-2021 38,staphylococcus xylosus,0.014221514306843392,0.13394526722930458,7.601402334583733,0.00017774996978250514,0.00011377535057029895,0.0011944797969384345,2.833213344056216,0.00017774996978250514,325.0,0.0,0.0,0.0,0.004569741282339708,0.024747958578532,5.278114659230517,0.00031995222046841005
pg-2021 4,staphylococcus xylosus,0.016027002014263162,0.1480078380143697,7.29505641646263,0.0002503810145874156,0.0001959908973116582,0.0024711517526671022,2.9444389791664403,0.0002503810145874156,325.0,0.0,0.0,0.0,0.0049381022598676315,0.02734934541457077,4.976733742420574,0.0004898758981058132
pg-2021 40,staphylococcus xylosus,0.011668766624667508,0.11724234470691164,7.419380582918692,0.00015398075240594924,5.600044800358403e-05,0.0011198600174978127,2.1972245773362196,0.0001399825021872266,325.0,0.0,0.0,0.0,0.004454938299104557,0.02392903504976201,5.303304908059076,0.0002309711286089239
pg-2021 41,staphylococcus xylosus,0.011559538169912115,0.11670687159693983,7.425357887027151,0.00015163002274450342,5.5145411557099626e-05,0.0011027638017782066,2.1972245773362196,0.00013784547522227583,325.0,0.0,0.0,0.0,0.004402179720055561,0.023761469798797362,5.332718793265369,0.00022744660174100036
pg-2021 43,staphylococcus xylosus,0.011559538169912115,0.11660348749052313,7.425357887027151,0.00015163002274450342,5.5145411557099626e-05,0.0011027638017782066,2.1972245773362196,0.00013784547522227583,325.0,0.0,0.0,0.0,0.004403967846759021,0.02377383628944958,5.332718793265369,0.00022744660174100036
pg-2021 46,staphylococcus xylosus,0.01912723974745067,0.17109209700295286,7.406103381237015,0.0002790113697133158,0.00031395713903650043,0.004289799809342231,3.332204510175204,0.00026738589597526097,325.0,0.0,0.0,0.0,0.005073223526228566,0.028820529692383617,5.017279836814924,0.0005231584821428571
pg-2021 47,staphylococcus xylosus,0.014656680898719115,0.13671833992371488,7.647308832356238,0.00017496588165307766,0.00016798958464575196,0.0018966301571193616,3.2188758248682006,0.00017496588165307766,325.0,0.0,0.0,0.0,0.004873899349380417,0.02641771330064701,5.3612921657094255,0.0003149407911312673
pg-2021 5,staphylococcus xylosus,0.019347771861138525,0.17409078094164082,7.487173694213739,0.00024939819132094293,0.0002277583158899385,0.0027000065060397735,3.091042453358316,0.00024939819132094293,325.0,0.0,0.0,0.0,0.00499112317020065,0.02828559324795516,5.0106352940962555,0.00048796356538711777
pg-2021 64,staphylococcus xylosus,0.014233299595141701,0.13496665190776388,7.613818684808629,0.00017570122358332102,9.8405825624877e-05,0.0011666561245932516,2.70805020110221,0.00017570122358332102,325.0,0.0,0.0,0.0,0.004465398825849446,0.02438378533442196,5.288267030694535,0.0003162622024499779
pg-2021 67,staphylococcus xylosus,0.016219622157763798,0.14828814737573862,7.309212365692763,0.00024982620785540496,0.00023901352599272095,0.0029218804310045185,3.1354942159291497,0.00024982620785540496,325.0,0.0,0.0,0.0,0.005152717041255635,0.02731970639544452,5.030437921392435,0.0005213764337851929
pg-2021 68,staphylococcus xylosus,0.01601183483444285,0.14786779340272113,7.29505641646263,0.00025014410475600074,0.00019580541293185973,0.0024688135556353115,2.9444389791664403,0.00025014410475600074,325.0,0.0,0.0,0.0,0.004934886908841672,0.027326587671415256,4.976733742420574,0.0004894123788704363
pg-2021 74,staphylococcus xylosus,0.018484611706532008,0.16761502763461672,7.368970402194793,0.00026818404421538676,0.00020992967355935762,0.0024253165737739327,2.9444389791664403,0.00026818404421538676,325.0,0.0,0.0,0.0,0.0050623188911776,0.02856074257930706,4.983606621708336,0.000524714030853185
pg-2021 76,staphylococcus xylosus,0.012300608216662842,0.11871857945051241,7.447751280047908,0.00020080465293067219,0.00014345144168698896,0.0016422951971829976,3.044522437723423,0.00018646146343562418,325.0,0.0,0.0,0.0,0.004423568040861,0.02577456673019813,5.272999558563747,0.00023666602121388155
pg-2021 8,staphylococcus xylosus,0.01421678812261085,0.13498772448446414,7.594381242551817,0.0001789433751583649,0.0001002219199656382,0.0011881840110515428,2.70805020110221,0.0001789433751583649,325.0,0.0,0.0,0.0,0.004500761667359091,0.02451244720050328,5.278114659230517,0.00032210268633640405
pg-2021 84,staphylococcus xylosus,0.014453976613154392,0.1350687588027546,7.622174594817622,0.00017693979092794305,0.0001698850444532533,0.0019180273336589025,3.2188758248682006,0.00017693979092794305,325.0,0.0,0.0,0.0,0.004934133966392031,0.026742815701205694,5.3612921657094255,0.0003184916236702975
pg-2021 86,staphylococcus xylosus,0.014617823177175061,0.13837917796640017,7.638198244285779,0.00017609974289437537,0.0001408986515999042,0.0016130736449124785,3.044522437723423,0.00017609974289437537,325.0,0.0,0.0,0.0,0.004714959279897128,0.025886485893072787,5.3471075307174685,0.0003169840028739883
pg-2021 87,staphylococcus xylosus,0.014674532745029993,0.13641191966688385,7.636752112435779,0.00017703877857405887,0.00016289759407336058,0.001777469336883551,3.1780538303479458,0.00017703877857405887,325.0,0.0,0.0,0.0,0.004578583442347225,0.025080722179271455,5.2832037287379885,0.00031867431485022306
pg-2021 88,staphylococcus xylosus,0.01928270087954277,0.17372210535447075,7.483806687665835,0.00024939819132094293,0.0002277583158899385,0.0027000065060397735,3.091042453358316,0.00024939819132094293,325.0,0.0,0.0,0.0,0.004983110932744724,0.028235906444162517,5.0106352940962555,0.00048796356538711777
pg-2021 89,staphylococcus xylosus,0.009087950911119375,0.09437951625270104,5.971261839790462,0.00048792955226654896,6.97350069735007e-05,0.0009526243639489765,1.3862943611198906,0.00048792955226654896,325.0,0.0,0.0,0.0,0.004669418691209312,0.026947091685836345,4.248495242049359,0.000766764254844556
pg-2021 9,staphylococcus xylosus,0.014825493064241448,0.13684924537900628,7.649216319820633,0.00017664349104064213,0.00018373389678395013,0.0021974450285455883,3.295836866004329,0.00017664349104064213,325.0,0.0,0.0,0.0,0.004707137225803459,0.025796695856278775,5.318119993844216,0.00031795828387315585
pg-2021 90,staphylococcus xylosus,0.009375421556724673,0.0992066167711775,6.035481432524756,0.0004495089115141708,2.2485047443450104e-05,0.0004495089115141708,0.6931471805599453,0.0004495089115141708,325.0,0.0,0.0,0.0,0.00435630689206762,0.02505047955577991,4.219507705176107,0.0007416897039983817
pg-2021 93,staphylococcus xylosus,0.009069146487432097,0.09590648657355208,5.978885764901122,0.00046020387031454934,2.302025782688766e-05,0.00046020387031454934,0.6931471805599453,0.00046020387031454934,325.0,0.0,0.0,0.0,0.004281222824269182,0.0241018644838563,4.174387269895637,0.0009664503658704957
