phage,host,study,label,k3dist,k6dist,GCdiff,Homology,host_species,host_genus
nc 024785,acinetobacter baumannii,NCBI_HR,1,0.0797167269618531,0.191765188719063,-1.36348643200296,1,acinetobacter baumannii,acinetobacter
nc 031039,bacillus subtilis,NCBI_HR,1,0.340296010504202,0.331325234537718,-15.7557550957679,0,bacillus subtilis,bacillus
nc 031001,gordonia terrae,NCBI_HR,1,0.128758501913328,0.198323289387268,-8.252616613675,0,gordonia terrae,gordonia
nc 031113,escherichia coli,NCBI_HR,1,0.0833211561943223,0.182359207485973,3.68559244390089,0,escherichia coli,escherichia
nc 031091,pseudomonas aeruginosa,NCBI_HR,1,0.0385939920463098,0.12610366600712,-5.34568493140049,1,pseudomonas aeruginosa,pseudomonas
nc 031051,enterococcus faecalis,NCBI_HR,1,0.290366143789388,0.299615153179764,-3.14070108725212,1,enterococcus faecalis,enterococcus
nc 031019,salmonella enterica,NCBI_HR,1,0.102078300631776,0.185652628265004,-4.72519931060168,1,salmonella enterica,salmonella
nc 031085,shigella sonnei,NCBI_HR,1,0.142562672328559,0.251904644517626,-15.6793260102885,1,shigella sonnei,shigella
nc 031034,bacillus thuringiensis,NCBI_HR,1,0.546199871185719,0.391997687829295,3.44967096603086,0,bacillus thuringiensis,bacillus
nc 031024,bacillus thuringiensis,NCBI_HR,1,0.538553722494375,0.387602942599804,3.51359024848986,0,bacillus thuringiensis,bacillus
nc 031016,lactococcus garvieae,NCBI_HR,1,0.0649357917169177,0.185687292949126,-3.36584107946077,1,lactococcus garvieae,lactococcus
nc 031002,lactococcus lactis,NCBI_HR,1,0.177653092655912,0.30899089697944,0.794828852840276,0,lactococcus lactis,lactococcus
nc 031123,citrobacter freundii,NCBI_HR,1,0.52523551792791,0.448972214945106,-1.05492287049677,0,citrobacter freundii,citrobacter
nc 031086,acinetobacter baumannii,NCBI_HR,1,0.4578380988989,0.408510128795874,0.504867558596651,0,acinetobacter baumannii,acinetobacter
nc 031006,bacillus thuringiensis,NCBI_HR,1,0.540641577793,0.389113608567365,3.39920553470504,0,bacillus thuringiensis,bacillus
nc 030942,gordonia terrae,NCBI_HR,1,0.0318319618412612,0.0910730794869593,-2.80542291841557,1,gordonia terrae,gordonia
nc 031126,erwinia amylovora,NCBI_HR,1,0.269467446334497,0.268491906086616,-4.1876297661174,0,erwinia amylovora,erwinia
nc 031125,lactobacillus casei,NCBI_HR,1,0.0970391430732512,0.18879437078708,-3.09575890725311,1,lactobacillus casei,lactobacillus
nc 031116,bacillus thuringiensis,NCBI_HR,1,0.533917138326558,0.381796011589221,3.35919736672759,0,bacillus thuringiensis,bacillus
nc 031099,gordonia terrae,NCBI_HR,1,0.017715559020835,0.0654498696158874,-0.61150954012183,0,gordonia terrae,gordonia
nc 031073,pseudomonas aeruginosa,NCBI_HR,1,0.249322920841116,0.359830026416134,-17.2317258985707,1,pseudomonas aeruginosa,pseudomonas
nc 030953,shigella sonnei,NCBI_HR,1,0.144592992586035,0.249543096074541,-15.8138380869321,1,shigella sonnei,shigella
nc 030951,clostridium tetani,NCBI_HR,1,0.109208418380196,0.192133745347635,0.307000304620406,1,clostridium tetani,clostridium
nc 030949,clostridium tetani,NCBI_HR,1,0.084239192823649,0.160649799081471,-0.344363509351528,1,clostridium tetani,clostridium
nc 030945,bacillus alcalophilus,NCBI_HR,1,0.132017450850782,0.24147231837249,5.56832733338759,1,bacillus alcalophilus,bacillus
nc 031004,gordonia terrae,NCBI_HR,1,0.0259138829035862,0.0760227352744648,-0.291142600873684,0,gordonia terrae,gordonia
nc 031007,erwinia amylovora,NCBI_HR,1,0.254442040366209,0.25606917018492,-3.01315422836839,0,erwinia amylovora,erwinia
nc 031009,lactococcus lactis,NCBI_HR,1,0.175685062336926,0.304040878625825,0.432730812483932,0,lactococcus lactis,lactococcus
nc 031010,erwinia amylovora,NCBI_HR,1,0.257476382242806,0.265425682564888,-1.50039482415504,0,erwinia amylovora,erwinia
nc 031052,gordonia terrae,NCBI_HR,1,0.0241067173418249,0.0678912291688289,-0.0823853466309572,1,gordonia terrae,gordonia
nc 031050,escherichia coli,NCBI_HR,1,0.0844615505452194,0.183422936867644,-0.953799776283546,0,escherichia coli,escherichia
nc 031049,bacillus thuringiensis,NCBI_HR,1,0.549911764250755,0.390362364891937,3.44009658550165,0,bacillus thuringiensis,bacillus
nc 031047,escherichia coli,NCBI_HR,1,0.163892191745942,0.264226767410745,-15.4679555810527,1,escherichia coli,escherichia
nc 031046,staphylococcus aureus,NCBI_HR,1,0.174731444584279,0.276991200434618,-3.8712844148835,0,staphylococcus aureus,staphylococcus
nc 031044,lactococcus lactis,NCBI_HR,1,0.170524926012738,0.303610961407521,0.733860820785317,0,lactococcus lactis,lactococcus
nc 031043,erwinia amylovora,NCBI_HR,1,0.293748304949729,0.29364249487893,-4.46490035593781,0,erwinia amylovora,erwinia
nc 031042,salmonella typhimurium,NCBI_HR,1,0.427919079197445,0.381152538686316,-13.3201982164029,0,salmonella typhimurium,salmonella
nc 031040,lactococcus lactis,NCBI_HR,1,0.049854571881715,0.162242775528766,0.619456731066471,1,lactococcus lactis,lactococcus
nc 031037,bacillus thuringiensis,NCBI_HR,1,0.542106067605085,0.387778303117665,3.47906591335121,0,bacillus thuringiensis,bacillus
nc 031036,lactobacillus casei,NCBI_HR,1,0.0932306711627211,0.176434396828338,-2.70064153242491,1,lactobacillus casei,lactobacillus
nc 031030,escherichia coli,NCBI_HR,1,0.153943110811598,0.254343035099657,-15.491583963402,1,escherichia coli,escherichia
nc 031029,gordonia terrae,NCBI_HR,1,0.0496115740557653,0.103900963767191,-5.81962740592276,1,gordonia terrae,gordonia
nc 031028,gordonia terrae,NCBI_HR,1,0.317433890888788,0.314475196935405,-2.55757185083429,0,gordonia terrae,gordonia
nc 031027,bacillus thuringiensis,NCBI_HR,1,0.544795335957266,0.38899243552614,3.42749709307558,0,bacillus thuringiensis,bacillus
nc 031026,salmonella typhimurium,NCBI_HR,1,0.0781397404673767,0.180805586101537,-9.26931297444752,0,salmonella typhimurium,salmonella
nc 031025,klebsiella pneumoniae,NCBI_HR,1,0.414714337830859,0.397965601065592,-3.29939116026885,0,klebsiella pneumoniae,klebsiella
nc 031022,shigella sonnei,NCBI_HR,1,0.36137248034289,0.342829070182229,-12.3138374768034,0,shigella sonnei,shigella
nc 031018,citrobacter freundii,NCBI_HR,1,0.518606159517698,0.444615258118912,0.890614652170832,0,citrobacter freundii,citrobacter
nc 031017,lactococcus lactis,NCBI_HR,1,0.0522533892860775,0.164720962398919,0.13407844289398,1,lactococcus lactis,lactococcus
nc 031015,bacillus thuringiensis,NCBI_HR,1,0.226492692749584,0.269207607142059,-5.01111295726902,0,bacillus thuringiensis,bacillus
nc 031014,pseudomonas syringae,NCBI_HR,1,0.143956965870691,0.219793688051698,-2.4780416556821,0,pseudomonas syringae,pseudomonas
nc 031013,lactococcus lactis,NCBI_HR,1,0.0586218631952161,0.170938355073012,0.82288778390366,1,lactococcus lactis,lactococcus
nc 031012,bacillus thuringiensis,NCBI_HR,1,0.548289840418,0.391596847892284,3.39573178943863,0,bacillus thuringiensis,bacillus
nc 031011,shigella sonnei,NCBI_HR,1,0.147179568020905,0.252099011376948,-15.669520051467,1,shigella sonnei,shigella
nc 030944,gordonia terrae,NCBI_HR,1,0.100026844293531,0.162205572439248,-8.54928310626857,0,gordonia terrae,gordonia
nc 030941,gordonia terrae,NCBI_HR,1,0.0986607301765261,0.195618578941329,-7.76142384969132,0,gordonia terrae,gordonia
nc 031055,bacillus cereus,NCBI_HR,1,0.090267177213764,0.209167058277069,0.117727210382952,1,bacillus cereus,bacillus
nc 029097,rhodobacter capsulatus,NCBI_HR,1,0.232009698238996,0.317156800040125,-11.4220991823195,0,rhodobacter capsulatus,rhodobacter
nc 030696,gordonia terrae,NCBI_HR,1,0.047961177260696,0.10152987283198,-5.87217640205122,1,gordonia terrae,gordonia
nc 028748,bacillus thuringiensis,NCBI_HR,1,0.0562342896195207,0.161467176693374,0.175619168172467,1,bacillus thuringiensis,bacillus
nc 019919,yersinia enterocolitica,NCBI_HR,1,0.296151346800647,0.315387521036472,-6.7592139246774,0,yersinia enterocolitica,yersinia
nc 029083,pseudomonas aeruginosa,NCBI_HR,1,0.259126541098996,0.355453262553406,-16.9719427401341,0,pseudomonas aeruginosa,pseudomonas
nc 029120,shigella sonnei,NCBI_HR,1,0.0603118098127945,0.12042597036252,-1.93441582719444,1,shigella sonnei,shigella
nc 029119,staphylococcus epidermidis,NCBI_HR,1,0.176450594623675,0.205372206769188,-1.75790286553663,1,staphylococcus epidermidis,staphylococcus
nc 029118,lactococcus garvieae,NCBI_HR,1,0.266364914233012,0.340072367755547,-0.894954747873356,0,lactococcus garvieae,lactococcus
nc 029107,ralstonia solanacearum,NCBI_HR,1,0.0877994994202362,0.156021222736877,-1.76341022110508,0,ralstonia solanacearum,ralstonia
nc 029104,brevibacillus laterosporus,NCBI_HR,1,0.0917087102142457,0.19389750563621,-3.21884252297473,1,brevibacillus laterosporus,brevibacillus
nc 029099,klebsiella pneumoniae,NCBI_HR,1,0.0821808153392689,0.188959129100708,-6.79530947666926,0,klebsiella pneumoniae,klebsiella
nc 029098,streptomyces lividans,NCBI_HR,1,0.323326517651331,0.400644865457144,-22.6661545231644,0,streptomyces lividans,streptomyces
nc 029094,pseudoalteromonas marina,NCBI_HR,1,0.501616717482692,0.451394675319998,-2.53175297819522,0,pseudoalteromonas marina,pseudoalteromonas
nc 030936,gordonia terrae,NCBI_HR,1,0.046874070439918,0.101459353694335,-5.85619486688518,1,gordonia terrae,gordonia
nc 029084,paenibacillus larvae,NCBI_HR,1,0.0516900828024633,0.182149700463233,-2.52962649431823,1,paenibacillus larvae,paenibacillus
nc 029081,pectobacterium atrosepticum,NCBI_HR,1,0.55274683174269,0.473291638361087,-2.21230938523768,0,pectobacterium atrosepticum,pectobacterium
nc 029075,achromobacter xylosoxidans,NCBI_HR,1,0.106611902971664,0.138790094527885,-7.27519444941358,0,achromobacter xylosoxidans,achromobacter
nc 029072,salmonella paratyphi,NCBI_HR,1,0.389483016247391,0.373694223015145,-6.50833056905182,0,salmonella paratyphi,salmonella
nc 029071,salmonella typhimurium,NCBI_HR,1,0.0806210739197146,0.179188714443908,-8.63586910962675,0,salmonella typhimurium,salmonella
nc 029068,lactobacillus fermentum,NCBI_HR,1,0.14277442142998,0.256256022988307,-3.34443198759173,1,lactobacillus fermentum,lactobacillus
nc 029058,lactobacillus fermentum,NCBI_HR,1,0.215113453348897,0.271020800624902,-13.2061039186597,1,lactobacillus fermentum,lactobacillus
nc 029057,vibrio parahaemolyticus,NCBI_HR,1,0.331422760936445,0.325020855454212,-9.66146758323329,0,vibrio parahaemolyticus,vibrio
nc 029050,salmonella paratyphi,NCBI_HR,1,0.416440095403007,0.392876583890405,-5.21404739948758,0,salmonella paratyphi,salmonella
nc 029045,salmonella gallinarum,NCBI_HR,1,0.124176700634788,0.202055441217727,4.32306725032746,0,salmonella gallinarum,salmonella
nc 029042,salmonella typhi,NCBI_HR,1,0.23977935356647,0.261019463947931,-7.45501905897453,0,salmonella typhi,salmonella
nc 030947,clostridium tetani,NCBI_HR,1,0.109402190534336,0.192385331009213,0.299155731757395,1,clostridium tetani,clostridium
nc 030950,clostridium tetani,NCBI_HR,1,0.08412040195811,0.160190401183492,-0.352870527641617,1,clostridium tetani,clostridium
nc 030902,gordonia malaquae,NCBI_HR,1,0.0239074665349006,0.0891765178617088,-0.502951975913248,1,gordonia malaquae,gordonia
nc 030907,gordonia malaquae,NCBI_HR,1,0.0378978639163909,0.137187379339431,0.138402227395275,1,gordonia malaquae,gordonia
nc 030929,pseudomonas aeruginosa,NCBI_HR,1,0.038000952826785,0.125070933138177,-7.98651499116151,1,pseudomonas aeruginosa,pseudomonas
nc 030924,gordonia terrae,NCBI_HR,1,0.103121330809954,0.171872112003438,-8.85613934479608,0,gordonia terrae,gordonia
nc 030923,pseudomonas putida,NCBI_HR,1,0.14456609160619,0.223820205884517,-1.16997109699915,0,pseudomonas putida,pseudomonas
nc 030920,bacillus megaterium,NCBI_HR,1,0.45771613200037,0.372422765165796,2.13268338711146,0,bacillus megaterium,bacillus
nc 030916,tsukamurella paurometabola,NCBI_HR,1,0.020539759377509,0.07717676070944,-0.553696297578398,1,tsukamurella paurometabola,tsukamurella
nc 030914,gordonia terrae,NCBI_HR,1,0.0901274486025157,0.153310751180916,-8.32407409016138,0,gordonia terrae,gordonia
nc 030912,gordonia neofelifaecis,NCBI_HR,1,0.0766971631055854,0.190461001933105,0.411872523313093,1,gordonia neofelifaecis,gordonia
nc 030910,pseudomonas aeruginosa,NCBI_HR,1,0.253569450432126,0.359465373680797,-17.1272136752283,0,pseudomonas aeruginosa,pseudomonas
nc 030906,gordonia malaquae,NCBI_HR,1,0.0733282924341662,0.160857051506174,-8.03617222484089,0,gordonia malaquae,gordonia
nc 030905,gordonia terrae,NCBI_HR,1,0.112663183825017,0.179520964814284,-8.67916603822061,0,gordonia terrae,gordonia
nc 030904,bacillus halmapalus,NCBI_HR,1,0.112488351240597,0.218899484425833,3.22559229953944,0,bacillus halmapalus,bacillus
nc 030901,gordonia terrae,NCBI_HR,1,0.0516999300836032,0.106801570624579,-5.88441313319158,1,gordonia terrae,gordonia
nc 030940,pseudomonas aeruginosa,NCBI_HR,1,0.0633653123386472,0.139981294873047,-2.62586649156059,1,pseudomonas aeruginosa,pseudomonas
nc 030939,gordonia malaquae,NCBI_HR,1,0.0154933756793373,0.061668641782241,0.152920169265869,1,gordonia malaquae,gordonia
nc 030932,gordonia sputi,NCBI_HR,1,0.0770503579182022,0.184891548494609,-2.51293711900677,0,gordonia sputi,gordonia
nc 030931,pseudomonas aeruginosa,NCBI_HR,1,0.0312350927902355,0.117351258351959,-4.3651845822346,1,pseudomonas aeruginosa,pseudomonas
nc 030930,gordonia terrae,NCBI_HR,1,0.0193035888535519,0.0643146555197191,-0.692467707246664,0,gordonia terrae,gordonia
nc 030927,gordonia terrae,NCBI_HR,1,0.0883672730149214,0.210363969743274,-1.67411420920195,0,gordonia terrae,gordonia
nc 030919,salmonella enterica,NCBI_HR,1,0.106681951953896,0.183483258784163,-5.15355010549525,1,salmonella enterica,salmonella
nc 030918,pseudomonas aeruginosa,NCBI_HR,1,0.0627216619511729,0.147317336068928,-2.18645513168559,1,pseudomonas aeruginosa,pseudomonas
nc 030917,gordonia terrae,NCBI_HR,1,0.0679314245334481,0.120236528689581,-6.32128557060042,1,gordonia terrae,gordonia
nc 030915,gordonia terrae,NCBI_HR,1,0.429685912452556,0.451293079867231,-20.7975227138024,0,gordonia terrae,gordonia
nc 030913,gordonia terrae,NCBI_HR,1,0.0201718270594922,0.0645434414174657,0.138307074532008,1,gordonia terrae,gordonia
nc 030911,gordonia terrae,NCBI_HR,1,0.0883528511486419,0.210317002869987,-1.66975292000485,0,gordonia terrae,gordonia
nc 030908,pseudomonas aeruginosa,NCBI_HR,1,0.0632359136955953,0.141448170722654,-2.54832192809555,1,pseudomonas aeruginosa,pseudomonas
nc 031054,bacillus thuringiensis,NCBI_HR,1,0.549982043229863,0.390995094543383,3.45294364150689,0,bacillus thuringiensis,bacillus
nc 031063,pseudomonas aeruginosa,NCBI_HR,1,0.225847519117834,0.247922600026031,-11.6164377686578,0,pseudomonas aeruginosa,pseudomonas
nc 031943,escherichia coli,NCBI_HR,1,0.539645730003413,0.455065768319278,0.326699796003005,0,escherichia coli,escherichia
nc 027348,delftia tsuruhatensis,NCBI_HR,1,0.0839735930226552,0.129595552871647,-6.44596375401432,1,delftia tsuruhatensis,delftia
nc 029003,salmonella enterica,NCBI_HR,1,0.0630584912781124,0.158717940736896,1.04558109471527,1,salmonella enterica,salmonella
nc 028696,salmonella enterica,NCBI_HR,1,0.129592432343927,0.203120945553942,-4.13855935185313,1,salmonella enterica,salmonella
nc 031045,salmonella enterica,NCBI_HR,1,0.241380008083647,0.261851644998147,-7.42154689329954,1,salmonella enterica,salmonella
nc 031021,salmonella enterica,NCBI_HR,1,0.135588551948108,0.2397471461021,-2.08993831152443,0,salmonella enterica,salmonella
nc 029015,salmonella enterica,NCBI_HR,1,0.0300371604512764,0.118381757589292,1.3985437039922,1,salmonella enterica,salmonella
nc 028701,salmonella enterica,NCBI_HR,1,0.0300371604512764,0.118381757589292,1.3985437039922,1,salmonella enterica,salmonella
nc 031937,escherichia coli,NCBI_HR,1,0.542032641652042,0.456461264005383,-0.584411585159053,0,escherichia coli,escherichia
nc 031933,salmonella enterica,NCBI_HR,1,0.400334869423609,0.37152273055554,-11.6885921609402,0,salmonella enterica,salmonella
nc 031925,salmonella enterica,NCBI_HR,1,0.133755947457675,0.232560345184864,-2.26082523098328,0,salmonella enterica,salmonella
nc 031918,salmonella enterica,NCBI_HR,1,0.13726353730124,0.190861562983757,-6.37052902969082,0,salmonella enterica,salmonella
nc 031946,salmonella enterica,NCBI_HR,1,0.112249108407576,0.189561541706724,-5.44148544948269,1,salmonella enterica,salmonella
nc 031940,salmonella enterica,NCBI_HR,1,0.0713603607056598,0.123647115770726,-1.26509311414422,1,salmonella enterica,salmonella
nc 031911,flavobacterium psychrophilum,NCBI_HR,1,0.0317361423118532,0.125690596299441,-1.09242722129129,1,flavobacterium psychrophilum,flavobacterium
nc 031939,salmonella enterica,NCBI_HR,1,0.534918429729977,0.459444254518985,-13.1094373932126,0,salmonella enterica,salmonella
nc 031936,gordonia alkanivorans,NCBI_HR,1,0.0648533528213471,0.130650167176756,-3.93556758846001,0,gordonia alkanivorans,gordonia
nc 031934,escherichia coli,NCBI_HR,1,0.225421022857065,0.291764282168642,-11.2064503506667,0,escherichia coli,escherichia
nc 031932,flavobacterium psychrophilum,NCBI_HR,1,0.180724471995322,0.284308135695871,-0.525128857002841,0,flavobacterium psychrophilum,flavobacterium
nc 031931,flavobacterium psychrophilum,NCBI_HR,1,0.302375991296793,0.309873839424809,-5.53827764649825,0,flavobacterium psychrophilum,flavobacterium
nc 031930,salmonella enterica,NCBI_HR,1,0.128289397402243,0.20637539069336,4.52592966383077,0,salmonella enterica,salmonella
nc 031928,escherichia coli,NCBI_HR,1,0.228490057127984,0.294746070151711,-11.1472569280528,0,escherichia coli,escherichia
nc 031926,flavobacterium psychrophilum,NCBI_HR,1,0.0304693054885279,0.120703284156573,-0.788499219604887,1,flavobacterium psychrophilum,flavobacterium
nc 031924,klebsiella pneumoniae,NCBI_HR,1,0.117786358672135,0.216268893560103,-11.0818028339645,0,klebsiella pneumoniae,klebsiella
nc 031919,flavobacterium psychrophilum,NCBI_HR,1,0.180769054102156,0.284328362341039,-0.525315122439807,0,flavobacterium psychrophilum,flavobacterium
nc 031917,pseudoalteromonas atlantica,NCBI_HR,1,0.0754763695355381,0.17432146491727,-4.01933261736556,0,pseudoalteromonas atlantica,pseudoalteromonas
nc 031914,flavobacterium psychrophilum,NCBI_HR,1,0.302471482421876,0.309922626392681,-5.5400767880435,0,flavobacterium psychrophilum,flavobacterium
nc 031255,gordonia terrae,NCBI_HR,1,0.0196075677729229,0.0647665216957988,-0.767344756913971,0,gordonia terrae,gordonia
nc 028935,escherichia coli,NCBI_HR,1,0.402547022364343,0.385919134635235,-10.6127956986667,0,escherichia coli,escherichia
nc 004775,salmonella enterica,NCBI_HR,1,0.0923931166773314,0.149805470068638,-1.13188236923467,1,salmonella enterica,salmonella
nc 031068,pectobacterium carotovorum,NCBI_HR,1,0.462326516007023,0.408071510760981,0.167094689577645,0,pectobacterium carotovorum,pectobacterium
nc 026608,paracoccus marcusii,NCBI_HR,1,0.396250192702314,0.42463808567379,-10.5102863504298,0,paracoccus marcusii,paracoccus
nc 027345,pseudomonas aeruginosa,NCBI_HR,1,0.229585814822518,0.24934768897385,-11.6227726602409,0,pseudomonas aeruginosa,pseudomonas
nc 028671,enterococcus faecalis,NCBI_HR,1,0.0724548708883873,0.175603284950287,-3.62292928324881,1,enterococcus faecalis,enterococcus
nc 029005,streptomyces avermitilis,NCBI_HR,1,0.20668856892467,0.235876175014425,-2.38649834204266,0,streptomyces avermitilis,streptomyces
nc 028987,acinetobacter baumannii,NCBI_HR,1,0.461199301967448,0.405192863514634,0.350618692731935,0,acinetobacter baumannii,acinetobacter
nc 011318,clostridium perfringens,NCBI_HR,1,0.191261501651653,0.285001150902826,1.90743892358566,1,clostridium perfringens,clostridium
nc 007060,staphylococcus aureus,NCBI_HR,1,0.187792755077571,0.271650629299312,2.83327300670413,1,staphylococcus aureus,staphylococcus
nc 007055,staphylococcus aureus,NCBI_HR,1,0.142150155628377,0.245345602226633,2.22310618889661,0,staphylococcus aureus,staphylococcus
nc 007053,staphylococcus aureus,NCBI_HR,1,0.122869865816445,0.206008856357193,0.572720011344586,1,staphylococcus aureus,staphylococcus
nc 005356,staphylococcus aureus,NCBI_HR,1,0.131498176160573,0.224353889233291,0.64257633865035,1,staphylococcus aureus,staphylococcus
nc 004170,pseudomonas syringae,NCBI_HR,1,0.199722499150173,0.394699534176259,-4.52219672939732,0,pseudomonas syringae,pseudomonas
nc 000924,escherichia coli,NCBI_HR,1,0.0619680191859193,0.122301194802029,-1.40280742234742,1,escherichia coli,escherichia
nc 028808,escherichia coli,NCBI_HR,1,0.422918058688575,0.400524507389189,-11.0097664794018,0,escherichia coli,escherichia
nc 031912,flavobacterium psychrophilum,NCBI_HR,1,0.301699303508316,0.309095117931535,-5.588580693706,0,flavobacterium psychrophilum,flavobacterium
nc 031909,campylobacter jejuni,NCBI_HR,1,0.232610767195903,0.282543663376786,-4.18938653839339,1,campylobacter jejuni,campylobacter
nc 031064,lactococcus lactis,NCBI_HR,1,0.0666350569114386,0.171982619740467,0.952914511283446,1,lactococcus lactis,lactococcus
nc 031092,citrobacter freundii,NCBI_HR,1,0.432097884279346,0.412510441427314,-0.973625437433633,0,citrobacter freundii,citrobacter
nc 031120,erwinia amylovora,NCBI_HR,1,0.254698834976986,0.246504080516926,-1.43210283875651,0,erwinia amylovora,erwinia
nc 031117,acinetobacter baumannii,NCBI_HR,1,0.0735129198497402,0.186066157192294,-1.01462976605102,1,acinetobacter baumannii,acinetobacter
nc 031114,escherichia coli,NCBI_HR,1,0.505081215049926,0.452591358370892,-2.11232328090627,0,escherichia coli,escherichia
nc 031110,pseudomonas aeruginosa,NCBI_HR,1,0.261777454620775,0.362107996160495,-17.1922272521123,1,pseudomonas aeruginosa,pseudomonas
nc 031109,gordonia terrae,NCBI_HR,1,0.294800167924962,0.344847863784381,-13.3523487412441,0,gordonia terrae,gordonia
nc 031108,propionibacterium freudenreichii,NCBI_HR,1,0.0457454675268054,0.133126560905379,-2.33053444006237,1,propionibacterium freudenreichii,propionibacterium
nc 031104,pseudomonas aeruginosa,NCBI_HR,1,0.226241541750686,0.247426754512081,-11.6598949412094,0,pseudomonas aeruginosa,pseudomonas
nc 031103,escherichia coli,NCBI_HR,1,0.151277095663208,0.253693731995478,-15.229145470821,1,escherichia coli,escherichia
nc 031100,bacillus thuringiensis,NCBI_HR,1,0.445166100757047,0.338283130948245,2.53085184047326,0,bacillus thuringiensis,bacillus
nc 031098,acinetobacter baumannii,NCBI_HR,1,0.0877281579117829,0.17241814411249,1.29348327793336,1,acinetobacter baumannii,acinetobacter
nc 031097,gordonia terrae,NCBI_HR,1,0.017665233313334,0.0639887077529566,-1.13767563796029,0,gordonia terrae,gordonia
nc 031096,pectobacterium atrosepticum,NCBI_HR,1,0.558486425453818,0.472979251215366,-2.1919877883572,0,pectobacterium atrosepticum,pectobacterium
nc 031090,shigella sonnei,NCBI_HR,1,0.19661750351432,0.293112469993471,-13.4759229003314,1,shigella sonnei,shigella
nc 031908,pseudoalteromonas marina,NCBI_HR,1,0.320167178149184,0.349223549672419,2.3417465402492,0,pseudoalteromonas marina,pseudoalteromonas
nc 031087,klebsiella pneumoniae,NCBI_HR,1,0.201279764040223,0.296564920979391,-18.1757032473474,1,klebsiella pneumoniae,klebsiella
nc 031082,escherichia coli,NCBI_HR,1,0.435947933072105,0.405231757497301,-11.7523625855728,1,escherichia coli,escherichia
nc 031081,escherichia coli,NCBI_HR,1,0.0857097181845483,0.177940425332253,3.68696374149565,0,escherichia coli,escherichia
nc 031078,streptomyces griseus,NCBI_HR,1,0.0658734774275279,0.130595409607912,-6.52915306518679,0,streptomyces griseus,streptomyces
nc 031076,propionibacterium freudenreichii,NCBI_HR,1,0.0502881474060131,0.139358776610517,-2.44312003581618,1,propionibacterium freudenreichii,propionibacterium
nc 031075,lactococcus lactis,NCBI_HR,1,0.176076327705978,0.311033309071629,0.865171435758782,0,lactococcus lactis,lactococcus
nc 031074,gordonia terrae,NCBI_HR,1,0.0339737929649107,0.0717182389918931,-3.09922240832104,0,gordonia terrae,gordonia
nc 031072,gordonia terrae,NCBI_HR,1,0.0175619628307448,0.0633717639714388,-0.436184970291478,0,gordonia terrae,gordonia
nc 031071,lactococcus lactis,NCBI_HR,1,0.170793563050582,0.301558600648621,0.708324295727103,0,lactococcus lactis,lactococcus
nc 031070,bacillus thuringiensis,NCBI_HR,1,0.537934781437177,0.384948960531191,3.51667848740259,0,bacillus thuringiensis,bacillus
nc 031066,citrobacter freundii,NCBI_HR,1,0.419115781647832,0.405445591070233,-0.74284663788584,0,citrobacter freundii,citrobacter
nc 031121,bacillus thuringiensis,NCBI_HR,1,0.193768726629996,0.252354902191951,-4.608352738741,1,bacillus thuringiensis,bacillus
nc 031122,gordonia terrae,NCBI_HR,1,0.0242394623506573,0.0728391844958097,-0.349023913387427,0,gordonia terrae,gordonia
nc 031127,erwinia amylovora,NCBI_HR,1,0.284231922127788,0.277946772293564,-2.53262344803561,0,erwinia amylovora,erwinia
nc 031128,salmonella enterica,NCBI_HR,1,0.235760186929191,0.257735838011426,-7.35808004414889,0,salmonella enterica,salmonella
nc 031905,flavobacterium psychrophilum,NCBI_HR,1,0.180978129751079,0.284391372410413,-0.495135685166581,0,flavobacterium psychrophilum,flavobacterium
nc 031904,flavobacterium psychrophilum,NCBI_HR,1,0.299502784418136,0.30777027001852,-5.31095732779555,0,flavobacterium psychrophilum,flavobacterium
nc 031902,salmonella enterica,NCBI_HR,1,0.338401658814806,0.336696736041073,-11.7485025323154,0,salmonella enterica,salmonella
nc 031945,flavobacterium psychrophilum,NCBI_HR,1,0.180741288384805,0.284327999021847,-0.522972982660903,0,flavobacterium psychrophilum,flavobacterium
nc 031921,flavobacterium psychrophilum,NCBI_HR,1,0.180769054102156,0.284328362341039,-0.525315122439807,0,flavobacterium psychrophilum,flavobacterium
nc 031274,pseudomonas aeruginosa,NCBI_HR,1,0.375309301922702,0.405775325761087,-21.9114798732776,1,pseudomonas aeruginosa,pseudomonas
nc 031265,gordonia terrae,NCBI_HR,1,0.0163052616591554,0.0624547637702788,-0.617907061912376,0,gordonia terrae,gordonia
nc 031247,gordonia terrae,NCBI_HR,1,0.0626277894130693,0.118645560688868,-0.69003627729461,0,gordonia terrae,gordonia
nc 031230,gordonia terrae,NCBI_HR,1,0.137405674520742,0.180931535031422,-8.05562623712878,0,gordonia terrae,gordonia
nc 031228,salmonella enterica,NCBI_HR,1,0.130139286299782,0.209183804191835,4.42918242504246,0,salmonella enterica,salmonella
nc 031250,salmonella enterica,NCBI_HR,1,0.33610684007336,0.328822199585794,-5.94528455735404,0,salmonella enterica,salmonella
nc 031249,gordonia terrae,NCBI_HR,1,0.0190443296870781,0.0652916326897373,-0.778587721268678,0,gordonia terrae,gordonia
nc 031246,klebsiella pneumoniae,NCBI_HR,1,0.425519462245724,0.399393263337947,-3.51837607953489,0,klebsiella pneumoniae,klebsiella
nc 031237,gordonia terrae,NCBI_HR,1,0.0206979293758312,0.0693906731155493,-0.274009147138003,0,gordonia terrae,gordonia
nc 031234,gordonia terrae,NCBI_HR,1,0.109332617416531,0.206480845885474,-6.59066398167665,0,gordonia terrae,gordonia
nc 031229,gordonia terrae,NCBI_HR,1,0.104954705925267,0.17456377171947,-8.94527667037033,0,gordonia terrae,gordonia
nc 031280,acinetobacter baumannii,NCBI_HR,1,0.280465948729624,0.301687063840371,-1.18890276867889,0,acinetobacter baumannii,acinetobacter
nc 031271,salmonella enterica,NCBI_HR,1,0.513558353320003,0.458208611868047,-4.40877247731316,0,salmonella enterica,salmonella
nc 031260,enterococcus faecium,NCBI_HR,1,0.354738455193925,0.35959680494601,-3.55537448242377,0,enterococcus faecium,enterococcus
nc 031258,salmonella enterica,NCBI_HR,1,0.560892024071388,0.484265137025027,-3.01418850079521,0,salmonella enterica,salmonella
nc 031241,staphylococcus epidermidis,NCBI_HR,1,0.252265377266811,0.283053884480095,2.3694776708383,0,staphylococcus epidermidis,staphylococcus
nc 023594,shewanella putrefaciens,NCBI_HR,1,0.352326759939997,0.377876350908145,3.04048549002164,0,shewanella putrefaciens,shewanella
nc 031129,salmonella enterica,NCBI_HR,1,0.0498541547318784,0.103228393094326,-3.38871901604038,1,salmonella enterica,salmonella
nc 024206,lactobacillus gasseri,NCBI_HR,1,0.0846567168599319,0.184574884764369,2.38410014219458,1,lactobacillus gasseri,lactobacillus
nc 028777,bacillus megaterium,NCBI_HR,1,0.155730312296134,0.227337372054084,-2.79367276476271,0,bacillus megaterium,bacillus
nc 029022,clostridium tetani,NCBI_HR,1,0.0625456160156826,0.139827153574457,-0.0575393967845983,1,clostridium tetani,clostridium
nc 002484,pseudomonas aeruginosa,NCBI_HR,1,0.0444911273145923,0.138545158976756,-8.67486200369754,1,pseudomonas aeruginosa,pseudomonas
nc 028653,gordonia terrae,NCBI_HR,1,0.0297897828865992,0.0729906186818394,-1.84755628927577,0,gordonia terrae,gordonia
nc 028652,pseudomonas aeruginosa,NCBI_HR,1,0.260490338721124,0.36491841623736,-17.0891743712285,0,pseudomonas aeruginosa,pseudomonas
nc 028449,escherichia coli,NCBI_HR,1,0.0643049450584716,0.122745355877043,-0.601301589718886,1,escherichia coli,escherichia
nc 028448,escherichia coli,NCBI_HR,1,0.150400392891256,0.256106824701024,-15.3711961943306,1,escherichia coli,escherichia
nc 028248,escherichia coli,NCBI_HR,1,0.31954556020465,0.306392134666986,-7.15700922035493,0,escherichia coli,escherichia
nc 026610,vibrio parahaemolyticus,NCBI_HR,1,0.178391016956446,0.264343047601598,6.00270908484845,0,vibrio parahaemolyticus,vibrio
nc 024142,escherichia coli,NCBI_HR,1,0.483148806106838,0.413017251513049,-7.88708938797938,0,escherichia coli,escherichia
nc 021529,vibrio natriegens,NCBI_HR,1,0.154601871384314,0.208062813854312,-3.39762670902279,0,vibrio natriegens,vibrio
nc 020490,staphylococcus hominis,NCBI_HR,1,0.187261386240033,0.252415889689711,2.52025147897762,0,staphylococcus hominis,staphylococcus
nc 018087,acinetobacter baumannii,NCBI_HR,1,0.0685898825600745,0.149532075592853,-4.55391720212496,1,acinetobacter baumannii,acinetobacter
nc 004914,escherichia coli,NCBI_HR,1,0.0626913379324348,0.119330462994709,-0.86928328453449,1,escherichia coli,escherichia
nc 004913,escherichia coli,NCBI_HR,1,0.0657329021890025,0.122002815885659,-1.07609186494812,1,escherichia coli,escherichia
nc 011085,morganella morganii,NCBI_HR,1,0.52865099701984,0.461576464403259,-4.5164619823383,0,morganella morganii,morganella
nc 027391,propionibacterium acnes,NCBI_HR,1,0.27241389112028,0.357594522956945,-5.75754090102905,1,propionibacterium acnes,propionibacterium
nc 027995,escherichia coli,NCBI_HR,1,0.0712879247588395,0.139294242632279,2.60404481765975,0,escherichia coli,escherichia
nc 027987,leuconostoc mesenteroides,NCBI_HR,1,0.226319488255378,0.313570816524273,-1.55815591033313,0,leuconostoc mesenteroides,leuconostoc
nc 027983,escherichia coli,NCBI_HR,1,0.156903848170099,0.2547351194502,-15.439086570803,1,escherichia coli,escherichia
nc 027979,escherichia coli,NCBI_HR,1,0.152572323546113,0.252455873248824,-15.5182432125944,1,escherichia coli,escherichia
nc 027994,escherichia coli,NCBI_HR,1,0.136098632718356,0.213148070933423,0.399364077741005,0,escherichia coli,escherichia
nc 027993,escherichia coli,NCBI_HR,1,0.133997707243372,0.212601634616153,0.297569810955501,0,escherichia coli,escherichia
nc 027991,staphylococcus aureus,NCBI_HR,1,0.160517025042728,0.257559142220986,12.9367495459361,0,staphylococcus aureus,staphylococcus
nc 027984,escherichia coli,NCBI_HR,1,0.0696565652034223,0.130345624603036,-1.09029404972458,1,escherichia coli,escherichia
nc 027982,lactobacillus fermentum,NCBI_HR,1,0.161495756729115,0.239190845789417,-5.89989459283127,1,lactobacillus fermentum,lactobacillus
nc 027981,vibrio parahaemolyticus,NCBI_HR,1,0.120000321880292,0.212865557062666,5.56235314592391,0,vibrio parahaemolyticus,vibrio
nc 027397,vibrio cholerae,NCBI_HR,1,0.109094452142627,0.233341986708613,2.94104875398561,0,vibrio cholerae,vibrio
nc 027395,escherichia coli,NCBI_HR,1,0.459456318469053,0.404505536030703,-8.70748160626024,0,escherichia coli,escherichia
nc 028655,yersinia enterocolitica,NCBI_HR,1,0.50643477357482,0.44816695951154,4.48582243564996,0,yersinia enterocolitica,yersinia
nc 028656,escherichia coli,NCBI_HR,1,0.06129995315885,0.11904731991954,-0.665031101340531,1,escherichia coli,escherichia
nc 028657,pseudomonas aeruginosa,NCBI_HR,1,0.0429386310468875,0.133179548619455,-7.74112166721438,1,pseudomonas aeruginosa,pseudomonas
nc 028660,escherichia coli,NCBI_HR,1,0.0621769322115241,0.124285309062601,-0.549083185014702,1,escherichia coli,escherichia
nc 028247,citrobacter freundii,NCBI_HR,1,0.434238031177905,0.412309655416163,-12.847449659531,0,citrobacter freundii,citrobacter
nc 028743,mannheimia haemolytica,NCBI_HR,1,0.0309166510375646,0.102222590783038,0.186642109185549,1,mannheimia haemolytica,mannheimia
nc 028698,salmonella enterica,NCBI_HR,1,0.139176715301519,0.239152028711496,-2.16685452353103,0,salmonella enterica,salmonella
nc 028659,klebsiella pneumoniae,NCBI_HR,1,0.278343719454795,0.290088571689205,-12.8812148788689,1,klebsiella pneumoniae,klebsiella
nc 028700,streptococcus pyogenes,NCBI_HR,1,0.130803878794708,0.229679391884063,-0.475910623885994,1,streptococcus pyogenes,streptococcus
nc 028699,salmonella enterica,NCBI_HR,1,0.0648532253793211,0.136013818909194,-2.05458921336835,1,salmonella enterica,salmonella
nc 028697,streptococcus pyogenes,NCBI_HR,1,0.104534037495561,0.199813182338256,-0.133178713715125,1,streptococcus pyogenes,streptococcus
nc 028694,propionibacterium acnes,NCBI_HR,1,0.245134018360435,0.34239531744987,-6.17678285603346,1,propionibacterium acnes,propionibacterium
nc 028688,klebsiella pneumoniae,NCBI_HR,1,0.538282282320392,0.456760656296995,-4.21401594334647,0,klebsiella pneumoniae,klebsiella
nc 028685,shigella sonnei,NCBI_HR,1,0.0527110221573363,0.115011380181483,-0.980656574475987,1,shigella sonnei,shigella
nc 028684,acinetobacter baumannii,NCBI_HR,1,0.464508208213347,0.410477860436494,0.514700492247876,0,acinetobacter baumannii,acinetobacter
nc 028683,edwardsiella ictaluri,NCBI_HR,1,0.299171994392518,0.356889756282302,-16.7787277335445,0,edwardsiella ictaluri,edwardsiella
nc 028679,acinetobacter baumannii,NCBI_HR,1,0.471486135074728,0.412909854789118,0.374815480469593,0,acinetobacter baumannii,acinetobacter
nc 028676,sinorhizobium meliloti,NCBI_HR,1,0.187936701220298,0.219298797772352,-12.9655024834393,0,sinorhizobium meliloti,sinorhizobium
nc 028675,acinetobacter baumannii,NCBI_HR,1,0.460841044841242,0.408925677600364,0.123636208024955,0,acinetobacter baumannii,acinetobacter
nc 028673,gordonia malaquae,NCBI_HR,1,0.0804131144488734,0.176447410652282,-9.60440165642812,0,gordonia malaquae,gordonia
nc 028670,klebsiella pneumoniae,NCBI_HR,1,0.409216413271378,0.391249162345913,-3.5302336638651,0,klebsiella pneumoniae,klebsiella
nc 028669,staphylococcus aureus,NCBI_HR,1,0.168912888405045,0.247380322405654,1.83928404325707,1,staphylococcus aureus,staphylococcus
nc 028668,gordonia malaquae,NCBI_HR,1,0.232415791249321,0.325757001728577,-14.9518938279212,0,gordonia malaquae,gordonia
nc 028667,pseudomonas aeruginosa,NCBI_HR,1,0.0344546510516874,0.106445984758796,-3.38023683554212,1,pseudomonas aeruginosa,pseudomonas
nc 028666,streptococcus parauberis,NCBI_HR,1,0.135180282801032,0.258856676133936,-0.378040386604738,1,streptococcus parauberis,streptococcus
nc 028665,gordonia terrae,NCBI_HR,1,0.0646971864933463,0.119907871233109,-0.0074941771480894,0,gordonia terrae,gordonia
nc 028664,klebsiella pneumoniae,NCBI_HR,1,0.422726901458251,0.39366108684486,-3.71329528210692,0,klebsiella pneumoniae,klebsiella
nc 028662,mycobacterium phlei,NCBI_HR,1,0.0821375818701107,0.146861001864871,-9.3777156675328,0,mycobacterium phlei,mycobacterium
nc 028661,pseudomonas syringae,NCBI_HR,1,0.252112066960232,0.297386891662097,-3.70879467881195,0,pseudomonas syringae,pseudomonas
nc 027393,vibrio cholerae,NCBI_HR,1,0.107623941627717,0.235661041929651,3.01816538414454,0,vibrio cholerae,vibrio
nc 027390,proteus mirabilis,NCBI_HR,1,0.437917478928422,0.39275612170374,0.597247065894059,0,proteus mirabilis,proteus
nc 029008,bacillus thuringiensis,NCBI_HR,1,0.0714905072667111,0.189981541353573,0.618519222641211,1,bacillus thuringiensis,bacillus
nc 027394,bacillus megaterium,NCBI_HR,1,0.115752943386609,0.222594309244452,2.29818576979959,0,bacillus megaterium,bacillus
nc 027329,salmonella enterica,NCBI_HR,1,0.537841209647751,0.458623343403858,-13.1272341406302,0,salmonella enterica,salmonella
nc 027401,propionibacterium acnes,NCBI_HR,1,0.261182189075109,0.353088190188092,-6.03308303469743,1,propionibacterium acnes,propionibacterium
nc 027400,propionibacterium acnes,NCBI_HR,1,0.256915501010153,0.352121432034162,-5.86921346308868,1,propionibacterium acnes,propionibacterium
nc 027399,klebsiella pneumoniae,NCBI_HR,1,0.354321081593247,0.378068113489473,-25.7771741054074,0,klebsiella pneumoniae,klebsiella
nc 027398,shigella flexneri,NCBI_HR,1,0.0749682374596092,0.151509009231062,-3.44490949675965,1,shigella flexneri,shigella
nc 027371,propionibacterium acnes,NCBI_HR,1,0.244150277416076,0.342459737805199,-5.60471989166141,1,propionibacterium acnes,propionibacterium
nc 027369,escherichia coli,NCBI_HR,1,0.440502538961328,0.404072618916984,-11.8712116971464,1,escherichia coli,escherichia
nc 027368,vibrio vulnificus,NCBI_HR,1,0.0254556523453829,0.112551727251944,1.28741068314978,0,vibrio vulnificus,vibrio
nc 027364,escherichia coli,NCBI_HR,1,0.329636933060654,0.347910284705416,-16.6829145956941,1,escherichia coli,escherichia
nc 027353,yersinia pestis,NCBI_HR,1,0.179958499568293,0.268506438775786,-12.1557379911869,0,yersinia pestis,yersinia
nc 027340,erwinia amylovora,NCBI_HR,1,0.220709505490967,0.240865102730829,-3.32197075354033,0,erwinia amylovora,erwinia
nc 027330,escherichia coli,NCBI_HR,1,0.49351620239943,0.451140005895639,-4.87916850668783,0,escherichia coli,escherichia
nc 027378,escherichia coli,NCBI_HR,1,0.152285011013213,0.257493363147189,-6.19523656545983,0,escherichia coli,escherichia
nc 027389,propionibacterium acnes,NCBI_HR,1,0.271760686510096,0.35746050684902,-6.08107369863402,1,propionibacterium acnes,propionibacterium
nc 027372,bacillus megaterium,NCBI_HR,1,0.111677760879961,0.22172204192228,1.59507614315223,0,bacillus megaterium,bacillus
nc 027295,propionibacterium acnes,NCBI_HR,1,0.256028743931596,0.348991849926694,-5.98509656565385,0,propionibacterium acnes,propionibacterium
nc 027297,salmonella typhimurium,NCBI_HR,1,0.332145574275271,0.330828859353585,-11.8508910384706,0,salmonella typhimurium,salmonella
nc 027294,propionibacterium acnes,NCBI_HR,1,0.260588746001802,0.353188049979807,-5.77829738964118,1,propionibacterium acnes,propionibacterium
nc 027292,pseudomonas fluorescens,NCBI_HR,1,0.250896140862102,0.301045247639668,-3.84391338360047,0,pseudomonas fluorescens,pseudomonas
nc 027293,citrobacter freundii,NCBI_HR,1,0.441284221877469,0.416383174439753,-12.7140773863612,0,citrobacter freundii,citrobacter
nc 027204,sinorhizobium meliloti,NCBI_HR,1,0.0906505793894292,0.157942719361702,-13.7163473162003,1,sinorhizobium meliloti,sinorhizobium
nc 027125,flavobacterium columnare,NCBI_HR,1,0.117788636040231,0.227874298226429,-1.42889797328179,1,flavobacterium columnare,flavobacterium
nc 027119,salmonella enterica,NCBI_HR,1,0.235982619926931,0.256331572798339,-7.36819732875579,0,salmonella enterica,salmonella
nc 027120,lactococcus lactis,NCBI_HR,1,0.410965295392518,0.428198335295762,16.0400275391662,0,lactococcus lactis,lactococcus
nc 021190,escherichia coli,NCBI_HR,1,0.035869797536273,0.106491048608242,1.36176850786934,1,escherichia coli,escherichia
nc 026609,lactobacillus delbrueckii,NCBI_HR,1,0.118254091319482,0.22938574080576,-12.3023871902719,0,lactobacillus delbrueckii,lactobacillus
nc 027331,citrobacter freundii,NCBI_HR,1,0.205654841541611,0.268476048137287,-12.8202018578991,0,citrobacter freundii,citrobacter
nc 027332,acinetobacter baumannii,NCBI_HR,1,0.245689664128272,0.267134589686289,-1.92696502450678,1,acinetobacter baumannii,acinetobacter
nc 027333,propionibacterium acnes,NCBI_HR,1,0.254093367710676,0.343808324940603,-5.98827518241084,1,propionibacterium acnes,propionibacterium
nc 027336,propionibacterium acnes,NCBI_HR,1,0.255113919357381,0.352273483572432,-6.08370523974647,1,propionibacterium acnes,propionibacterium
nc 027386,propionibacterium acnes,NCBI_HR,1,0.247441863987755,0.342620607518746,-5.87534408210345,1,propionibacterium acnes,propionibacterium
nc 027385,propionibacterium acnes,NCBI_HR,1,0.261416689393518,0.349735407859544,-6.10972212376927,0,propionibacterium acnes,propionibacterium
nc 027384,pseudomonas aeruginosa,NCBI_HR,1,0.0593589274065757,0.143190117507459,-2.23019621778766,1,pseudomonas aeruginosa,pseudomonas
nc 027383,escherichia coli,NCBI_HR,1,0.0812785482385783,0.180560480548467,3.84371675381614,0,escherichia coli,escherichia
nc 027382,shigella flexneri,NCBI_HR,1,0.0664902081053106,0.130796417816983,1.05683054077904,1,shigella flexneri,shigella
nc 027381,escherichia coli,NCBI_HR,1,0.45875492291375,0.417807464215371,-14.7505159533891,0,escherichia coli,escherichia
nc 027379,proteus mirabilis,NCBI_HR,1,0.450625913142331,0.399248573457958,0.556179487690045,0,proteus mirabilis,proteus
nc 027377,leuconostoc mesenteroides,NCBI_HR,1,0.190984147519894,0.293132199062616,-1.56445658355907,0,leuconostoc mesenteroides,leuconostoc
nc 027373,propionibacterium acnes,NCBI_HR,1,0.270083825900459,0.357782782379523,-6.11770043690941,1,propionibacterium acnes,propionibacterium
nc 027370,propionibacterium acnes,NCBI_HR,1,0.264664687034141,0.35333774032636,-6.09967512195447,1,propionibacterium acnes,propionibacterium
nc 027367,propionibacterium acnes,NCBI_HR,1,0.247801433037163,0.345050130868899,-5.69904420664009,1,propionibacterium acnes,propionibacterium
nc 027363,proteus mirabilis,NCBI_HR,1,0.628793309541461,0.527183565654487,2.79375478971016,0,proteus mirabilis,proteus
nc 027362,propionibacterium acnes,NCBI_HR,1,0.251618295392116,0.346188583730852,-6.06240709535457,1,propionibacterium acnes,propionibacterium
nc 027361,propionibacterium acnes,NCBI_HR,1,0.265327522848143,0.356843537127654,-6.1948110634911,1,propionibacterium acnes,propionibacterium
nc 027359,propionibacterium acnes,NCBI_HR,1,0.263441772390054,0.353951338336119,-5.64860457812134,1,propionibacterium acnes,propionibacterium
nc 027358,leuconostoc mesenteroides,NCBI_HR,1,0.204879760289231,0.311433454627599,-1.26512287511425,0,leuconostoc mesenteroides,leuconostoc
nc 027357,propionibacterium acnes,NCBI_HR,1,0.252367032922419,0.344693223228708,-6.04431574271315,1,propionibacterium acnes,propionibacterium
nc 027356,escherichia coli,NCBI_HR,1,0.283833191579398,0.304303708735316,-11.1201986521587,0,escherichia coli,escherichia
nc 027354,propionibacterium acnes,NCBI_HR,1,0.267907428698056,0.346289819879826,-5.62010398940679,1,propionibacterium acnes,propionibacterium
nc 027350,citrobacter freundii,NCBI_HR,1,0.065015415944102,0.182343813327658,-8.85869602392977,0,citrobacter freundii,citrobacter
nc 027346,propionibacterium acnes,NCBI_HR,1,0.263516851584188,0.351786561969826,-6.31447838101307,1,propionibacterium acnes,propionibacterium
nc 027342,proteus mirabilis,NCBI_HR,1,0.637983049115396,0.533443514573757,2.61954414281929,0,proteus mirabilis,proteus
nc 027341,lactococcus lactis,NCBI_HR,1,0.10430810600091,0.170421843737921,-2.63859081196566,0,lactococcus lactis,lactococcus
nc 027339,shigella flexneri,NCBI_HR,1,0.0431201676858435,0.118865927303382,-0.773624605072321,1,shigella flexneri,shigella
nc 027337,escherichia coli,NCBI_HR,1,0.444795934710055,0.407151367029344,-11.8271606413145,1,escherichia coli,escherichia
nc 028746,paenibacillus larvae,NCBI_HR,1,0.0521219810493351,0.17886684867046,-4.15038730595597,1,paenibacillus larvae,paenibacillus
nc 028749,brevibacillus laterosporus,NCBI_HR,1,0.124139389488459,0.186723267490184,-5.82444871174782,1,brevibacillus laterosporus,brevibacillus
nc 028750,klebsiella pneumoniae,NCBI_HR,1,0.171716256228948,0.257065576917446,-15.7232026814749,0,klebsiella pneumoniae,klebsiella
nc 028943,escherichia coli,NCBI_HR,1,0.0562162248057017,0.144087174947694,2.21040281120964,1,escherichia coli,escherichia
nc 028988,ralstonia solanacearum,NCBI_HR,1,0.171821492346911,0.240150817828989,-5.95603931454432,0,ralstonia solanacearum,ralstonia
nc 028984,streptococcus mutans,NCBI_HR,1,0.178382247663519,0.275290433619338,2.7506949188009,1,streptococcus mutans,streptococcus
nc 028980,pseudomonas aeruginosa,NCBI_HR,1,0.253036578984488,0.296374560847976,-2.24632711650519,1,pseudomonas aeruginosa,pseudomonas
nc 028977,klebsiella pneumoniae,NCBI_HR,1,0.546387472315155,0.455856782873004,-4.93224448282593,0,klebsiella pneumoniae,klebsiella
nc 028976,streptomyces griseus,NCBI_HR,1,0.067088245705705,0.127475500743754,-6.31636687997981,1,streptomyces griseus,streptomyces
nc 028974,streptomyces griseus,NCBI_HR,1,0.129940790563025,0.205685943326119,-3.01745887541573,1,streptomyces griseus,streptomyces
nc 028956,mannheimia haemolytica,NCBI_HR,1,0.0209726745940502,0.0868200892370247,-0.0042914528297686,1,mannheimia haemolytica,mannheimia
nc 028954,rhodobacter capsulatus,NCBI_HR,1,0.126934346772529,0.206455701594896,-1.11616402827944,0,rhodobacter capsulatus,rhodobacter
nc 028952,streptomyces flavovirens,NCBI_HR,1,0.1240746948633,0.165083382790491,-1.93962981094883,1,streptomyces flavovirens,streptomyces
nc 028945,sinorhizobium meliloti,NCBI_HR,1,0.0905285248053577,0.158932790405926,-13.6541316522635,0,sinorhizobium meliloti,sinorhizobium
nc 028944,bacillus thuringiensis,NCBI_HR,1,0.546844737425056,0.389544751351186,3.50232333069059,0,bacillus thuringiensis,bacillus
nc 028939,pseudomonas aeruginosa,NCBI_HR,1,0.0930231133897909,0.179640038055777,-11.234958462563,1,pseudomonas aeruginosa,pseudomonas
nc 028754,salmonella enterica,NCBI_HR,1,0.347048231137243,0.339244799385095,-13.1271092473877,0,salmonella enterica,salmonella
nc 028933,pseudomonas aeruginosa,NCBI_HR,1,0.441752378560689,0.390651507537123,-14.4589970058357,0,pseudomonas aeruginosa,pseudomonas
nc 028931,pseudomonas aeruginosa,NCBI_HR,1,0.143545031989765,0.198580501006736,0.0469123947140133,0,pseudomonas aeruginosa,pseudomonas
nc 028929,listeria monocytogenes,NCBI_HR,1,0.0886236837798762,0.18183087274801,-1.14853880576589,1,listeria monocytogenes,listeria
nc 028927,escherichia coli,NCBI_HR,1,0.149271508097093,0.252721046777846,-15.2547425188922,1,escherichia coli,escherichia
nc 028926,bacillus megaterium,NCBI_HR,1,0.120374229319462,0.220970341192277,2.39275097097332,0,bacillus megaterium,bacillus
nc 028925,escherichia coli,NCBI_HR,1,0.151029400172337,0.232914975446756,-10.3523131438187,0,escherichia coli,escherichia
nc 028917,staphylococcus aureus,NCBI_HR,1,0.169609096385411,0.260224321182481,2.5199966450113,1,staphylococcus aureus,staphylococcus
nc 028916,proteus mirabilis,NCBI_HR,1,0.445505766516021,0.397151536769753,0.809494726023445,0,proteus mirabilis,proteus
nc 028915,staphylococcus aureus,NCBI_HR,1,0.16832180280059,0.256988759467506,2.66278626283085,1,staphylococcus aureus,staphylococcus
nc 028911,lactobacillus paracasei,NCBI_HR,1,0.0875007921881428,0.179144430500119,-1.57032195655163,1,lactobacillus paracasei,lactobacillus
nc 028904,streptomyces venezuelae,NCBI_HR,1,0.073639547494931,0.14578204098009,-6.85264909271297,1,streptomyces venezuelae,streptomyces
nc 028903,escherichia coli,NCBI_HR,1,0.447907491933409,0.397093967287862,-8.78687178329014,0,escherichia coli,escherichia
nc 028990,enterococcus faecalis,NCBI_HR,1,0.268413208315216,0.286442196571477,-2.70652101685975,1,enterococcus faecalis,enterococcus
nc 028995,acinetobacter soli,NCBI_HR,1,0.0644799252027137,0.180360129855367,-4.629372072102,1,acinetobacter soli,acinetobacter
nc 028997,escherichia coli,NCBI_HR,1,0.181708571168771,0.290803785199647,-7.55613540349609,0,escherichia coli,escherichia
nc 029007,ralstonia solanacearum,NCBI_HR,1,0.16983044840006,0.24004975696257,-6.20612277120318,0,ralstonia solanacearum,ralstonia
nc 029006,clostridium tetani,NCBI_HR,1,0.10753289740573,0.19785671231031,0.438725835439488,1,clostridium tetani,clostridium
nc 029004,clostridium tetani,NCBI_HR,1,0.087151864824851,0.18157617279418,0.380142385174238,1,clostridium tetani,clostridium
nc 028991,clostridium tetani,NCBI_HR,1,0.0758886146702993,0.164382098654023,0.706558959724266,1,clostridium tetani,clostridium
nc 028886,bacillus thuringiensis,NCBI_HR,1,0.110934556021772,0.23971677680586,0.621500257452979,1,bacillus thuringiensis,bacillus
nc 028857,citrobacter freundii,NCBI_HR,1,0.209169341220836,0.274235616441069,-12.933623838434,0,citrobacter freundii,citrobacter
nc 028856,bacillus megaterium,NCBI_HR,1,0.141653777671582,0.22050662219607,-3.01747498600626,0,bacillus megaterium,bacillus
nc 028772,enterobacter aerogenes,NCBI_HR,1,0.58272920526163,0.472515357288504,-3.15926058957021,0,enterobacter aerogenes,enterobacter
nc 029030,streptococcus mutans,NCBI_HR,1,0.183534274825011,0.268016583377254,2.15910305838728,1,streptococcus mutans,streptococcus
nc 029029,brevibacillus laterosporus,NCBI_HR,1,0.0999051602563436,0.206980542052913,-2.16864253883749,1,brevibacillus laterosporus,brevibacillus
nc 029028,escherichia coli,NCBI_HR,1,0.191290326287262,0.290771703604891,-7.53868780546374,0,escherichia coli,escherichia
nc 029025,staphylococcus haemolyticus,NCBI_HR,1,0.193516565037283,0.253528906694315,1.0539977992949,1,staphylococcus haemolyticus,staphylococcus
nc 029024,bacillus cereus,NCBI_HR,1,0.0845793840933167,0.196835806122232,1.16707032609072,1,bacillus cereus,bacillus
nc 029023,escherichia coli,NCBI_HR,1,0.434212275552288,0.400613177869908,-11.9547397099047,1,escherichia coli,escherichia
nc 029021,escherichia coli,NCBI_HR,1,0.189351664925549,0.290214005691916,-6.90816083212223,0,escherichia coli,escherichia
nc 029016,enterococcus faecalis,NCBI_HR,1,0.336753605550025,0.375167126007714,2.33841785840252,1,enterococcus faecalis,enterococcus
nc 029014,parabacteroides merdae,NCBI_HR,1,0.215462854644672,0.37694511351032,-5.20322561847161,1,parabacteroides merdae,parabacteroides
nc 029013,citrobacter freundii,NCBI_HR,1,0.130672299223138,0.193119456884206,-8.51559477281321,0,citrobacter freundii,citrobacter
nc 029012,parabacteroides distasonis,NCBI_HR,1,0.201109362819737,0.346079490792318,-2.20200987239669,0,parabacteroides distasonis,parabacteroides
nc 028901,escherichia coli,NCBI_HR,1,0.08659095343809,0.186155535576687,3.77400996079225,0,escherichia coli,escherichia
nc 028900,lactococcus lactis,NCBI_HR,1,0.141932209455967,0.268040434536795,-0.0315375756563085,0,lactococcus lactis,lactococcus
nc 028899,ralstonia solanacearum,NCBI_HR,1,0.106806725395818,0.150832518527739,-14.6077876126216,0,ralstonia solanacearum,ralstonia
nc 028825,escherichia coli,NCBI_HR,1,0.43403005354185,0.402106654399727,-11.7670671418319,1,escherichia coli,escherichia
nc 028820,yersinia enterocolitica,NCBI_HR,1,0.148406044339517,0.25675251886137,-12.7116022093664,0,yersinia enterocolitica,yersinia
nc 028819,pseudoalteromonas marina,NCBI_HR,1,0.0359421742712248,0.13869711035018,1.27830948189518,0,pseudoalteromonas marina,pseudoalteromonas
nc 028818,streptomyces griseus,NCBI_HR,1,0.133721254870432,0.211276956460929,-3.01910957848651,1,streptomyces griseus,streptomyces
nc 028817,pseudomonas aeruginosa,NCBI_HR,1,0.252978290223986,0.359229282628475,-17.1247538079489,0,pseudomonas aeruginosa,pseudomonas
nc 028816,klebsiella pneumoniae,NCBI_HR,1,0.426806306845147,0.402798806467779,-3.7479293753218,0,klebsiella pneumoniae,klebsiella
nc 028812,proteus mirabilis,NCBI_HR,1,0.451384247027825,0.413749417005085,8.0962632541536,0,proteus mirabilis,proteus
nc 028809,pseudomonas aeruginosa,NCBI_HR,1,0.153148546780238,0.191240383318945,1.91362772464819,0,pseudomonas aeruginosa,pseudomonas
nc 028807,streptomyces flavovirens,NCBI_HR,1,0.0799076537412955,0.158822297564348,-1.96288853043944,0,streptomyces flavovirens,streptomyces
nc 028805,brevibacillus laterosporus,NCBI_HR,1,0.193742461846089,0.267268102785703,1.55803133920457,1,brevibacillus laterosporus,brevibacillus
nc 028800,klebsiella pneumoniae,NCBI_HR,1,0.547651241683376,0.461812834361561,-5.00543276379469,0,klebsiella pneumoniae,klebsiella
nc 028799,vibrio cholerae,NCBI_HR,1,0.423116850777425,0.407455913909056,-13.0610628128656,0,vibrio cholerae,vibrio
nc 028788,paenibacillus larvae,NCBI_HR,1,0.0522762221690934,0.170404544146366,-2.23741027692694,1,paenibacillus larvae,paenibacillus
nc 028786,klebsiella pneumoniae,NCBI_HR,1,0.0838928936745046,0.192204708680804,-6.88658925537783,0,klebsiella pneumoniae,klebsiella
nc 028783,lactobacillus paracasei,NCBI_HR,1,0.0686380152420022,0.161988196407619,-1.53457862792668,1,lactobacillus paracasei,lactobacillus
nc 028782,bacillus megaterium,NCBI_HR,1,0.120211728159354,0.224353478889369,2.34587859439926,0,bacillus megaterium,bacillus
nc 028776,escherichia coli,NCBI_HR,1,0.153981925612364,0.256877523835516,-6.06285093663411,0,escherichia coli,escherichia
nc 028775,staphylococcus aureus,NCBI_HR,1,0.116672912711619,0.213457746782155,0.0111999910093559,1,staphylococcus aureus,staphylococcus
nc 028774,klebsiella pneumoniae,NCBI_HR,1,0.0947010429903472,0.20075874351847,-6.72799132763752,0,klebsiella pneumoniae,klebsiella
nc 028773,cronobacter sakazakii,NCBI_HR,1,0.245615711109139,0.297986854504368,-16.6738823134073,0,cronobacter sakazakii,cronobacter
nc 028770,pseudomonas aeruginosa,NCBI_HR,1,0.232199730652027,0.252752179176615,-2.02705410087958,0,pseudomonas aeruginosa,pseudomonas
nc 028768,achromobacter xylosoxidans,NCBI_HR,1,0.125959282498722,0.228684566861744,-12.0000770711631,1,achromobacter xylosoxidans,achromobacter
nc 028767,paenibacillus larvae,NCBI_HR,1,0.0594977954985292,0.182648607159643,-0.666784228011963,1,paenibacillus larvae,paenibacillus
nc 028766,mannheimia haemolytica,NCBI_HR,1,0.0517107515862216,0.12394181384013,2.03902280368535,1,mannheimia haemolytica,mannheimia
nc 028762,proteus mirabilis,NCBI_HR,1,0.251288280593958,0.314684115187437,-7.68367561583192,0,proteus mirabilis,proteus
nc 028760,klebsiella pneumoniae,NCBI_HR,1,0.0796948588584067,0.18331029801025,-6.97204529601293,0,klebsiella pneumoniae,klebsiella
nc 028821,staphylococcus epidermidis,NCBI_HR,1,0.139766745670872,0.236196179214207,0.997879321745643,1,staphylococcus epidermidis,staphylococcus
nc 028826,enterococcus faecium,NCBI_HR,1,0.296680083412071,0.325944628917211,-2.64166714394808,1,enterococcus faecium,enterococcus
nc 028898,mannheimia haemolytica,NCBI_HR,1,0.0272598673062984,0.0950676626246058,0.963559717949636,1,mannheimia haemolytica,mannheimia
nc 028827,streptomyces venezuelae,NCBI_HR,1,0.0604837641958094,0.127941418477411,-6.7227209438514,1,streptomyces venezuelae,streptomyces
nc 028896,escherichia coli,NCBI_HR,1,0.0560912178741345,0.144076577224131,-0.0282515607502489,1,escherichia coli,escherichia
nc 028895,vibrio cholerae,NCBI_HR,1,0.504070610587528,0.44351942064636,-4.73617287470527,0,vibrio cholerae,vibrio
nc 028894,escherichia coli,NCBI_HR,1,0.149370498203309,0.229381489039794,-10.3250541106697,0,escherichia coli,escherichia
nc 028892,streptomyces griseus,NCBI_HR,1,0.0639974258986324,0.124849301469943,-6.03389053947758,1,streptomyces griseus,streptomyces
nc 028888,lactobacillus paracasei,NCBI_HR,1,0.0694412464500989,0.162525210091095,-1.84570411679022,1,lactobacillus paracasei,lactobacillus
nc 028882,pseudomonas aeruginosa,NCBI_HR,1,0.28964607837898,0.287543331586955,-11.7796575878312,1,pseudomonas aeruginosa,pseudomonas
nc 028881,escherichia coli,NCBI_HR,1,0.223805050414452,0.294361207192091,-11.4674110448682,0,escherichia coli,escherichia
nc 028879,pseudomonas aeruginosa,NCBI_HR,1,0.263039002055164,0.325380684372788,-11.8447254712625,0,pseudomonas aeruginosa,pseudomonas
nc 028872,escherichia coli,NCBI_HR,1,0.436562483964893,0.402896408572944,-11.8495725553228,1,escherichia coli,escherichia
nc 028871,listeria monocytogenes,NCBI_HR,1,0.0669875082692109,0.178415045034076,-2.15786468817102,1,listeria monocytogenes,listeria
nc 028870,klebsiella pneumoniae,NCBI_HR,1,0.407025572925038,0.387308124762382,-3.34415978852019,0,klebsiella pneumoniae,klebsiella
nc 028859,staphylococcus aureus,NCBI_HR,1,0.144197608236748,0.238655651068892,1.93838642919319,1,staphylococcus aureus,staphylococcus
nc 028854,paenibacillus larvae,NCBI_HR,1,0.048055948202308,0.163383605850055,-2.71632417191102,1,paenibacillus larvae,paenibacillus
nc 028853,mannheimia haemolytica,NCBI_HR,1,0.0316686945059868,0.0969949822178575,0.211266903955433,1,mannheimia haemolytica,mannheimia
nc 028851,paenibacillus larvae,NCBI_HR,1,0.0600589062016955,0.184236659073265,-2.45090290116593,1,paenibacillus larvae,paenibacillus
nc 028850,yersinia enterocolitica,NCBI_HR,1,0.386720014130194,0.374963669171225,6.56812131055677,0,yersinia enterocolitica,yersinia
nc 028848,acinetobacter baumannii,NCBI_HR,1,0.482561871038652,0.420735075548261,0.324447278599642,0,acinetobacter baumannii,acinetobacter
nc 028841,paenibacillus larvae,NCBI_HR,1,0.0437018116187627,0.153356456357301,-1.57901899422254,1,paenibacillus larvae,paenibacillus
nc 028837,paenibacillus larvae,NCBI_HR,1,0.0546881387259903,0.165019560268352,-2.78433922107115,1,paenibacillus larvae,paenibacillus
nc 028835,lactobacillus paracasei,NCBI_HR,1,0.082216516494841,0.171403712227107,-1.74063742358271,1,lactobacillus paracasei,lactobacillus
nc 028834,achromobacter xylosoxidans,NCBI_HR,1,0.132814746357721,0.232118000114824,-12.559878438118,1,achromobacter xylosoxidans,achromobacter
nc 028831,escherichia coli,NCBI_HR,1,0.147851080610263,0.256227047918036,-6.34156945775533,0,escherichia coli,escherichia
nc 028830,lactobacillus paracasei,NCBI_HR,1,0.0675503694389485,0.15491850113278,-0.980480577445469,1,lactobacillus paracasei,lactobacillus
nc 028829,vibrio alginolyticus,NCBI_HR,1,0.146208032118588,0.196547765542767,-3.44469172668178,0,vibrio alginolyticus,vibrio
nc 007066,staphylococcus aureus,NCBI_HR,1,0.584571095954937,0.408271107188222,-2.50235275734622,0,staphylococcus aureus,staphylococcus
nc 009811,listeria monocytogenes,NCBI_HR,1,0.569515980710134,0.463288069910673,-2.10101620093457,1,listeria monocytogenes,listeria
nc 018857,bacillus cereus,NCBI_HR,1,0.533316608210295,0.382208108727165,3.47719234949131,0,bacillus cereus,bacillus
nc 018860,bacillus cereus,NCBI_HR,1,0.424073249715973,0.352776231886697,4.58492457198988,0,bacillus cereus,bacillus
nc 019448,staphylococcus aureus,NCBI_HR,1,0.573807270072042,0.398899370510248,-2.66224241002954,0,staphylococcus aureus,staphylococcus
nc 030903,bacillus subtilis,NCBI_HR,1,0.49007540247897,0.409245265965166,-1.32774979125151,1,bacillus subtilis,bacillus
nc 030698,gordonia terrae,NCBI_HR,1,0.0683258113147783,0.12143286634859,-5.94015970316069,0,gordonia terrae,gordonia
nc 028887,bacillus thuringiensis,NCBI_HR,1,0.45228283583888,0.339765092515469,2.41945654216263,0,bacillus thuringiensis,bacillus
nc 023573,staphylococcus aureus,NCBI_HR,1,0.577053567584144,0.404508445354528,-2.58104537060739,0,staphylococcus aureus,staphylococcus
nc 022771,bacillus subtilis,NCBI_HR,1,0.49792809280388,0.412385582918179,-1.26033813939555,0,bacillus subtilis,bacillus
nc 022769,bacillus thuringiensis,NCBI_HR,1,0.447323376596352,0.33659472861018,2.50269711296391,0,bacillus thuringiensis,bacillus
nc 022763,bacillus thuringiensis,NCBI_HR,1,0.437261281812332,0.329086553915996,2.35019745266032,0,bacillus thuringiensis,bacillus
nc 021856,bacillus subtilis,NCBI_HR,1,0.485637533722,0.402431363943589,-1.38907118937704,1,bacillus subtilis,bacillus
nc 031267,gordonia terrae,NCBI_HR,1,0.0315003068357988,0.0884696801312448,-2.42590167082905,0,gordonia terrae,gordonia
nc 007021,staphylococcus aureus,NCBI_HR,1,0.60608770774759,0.432395664652058,-2.62951492185327,0,staphylococcus aureus,staphylococcus
nc 031056,bacillus cereus,NCBI_HR,1,0.531234951736198,0.404127764196085,4.67309536301598,0,bacillus cereus,bacillus
nc 030933,staphylococcus aureus,NCBI_HR,1,0.614811848292504,0.437694832194261,-2.91626919055932,1,staphylococcus aureus,staphylococcus
nc 029026,enterococcus faecalis,NCBI_HR,1,0.5118610510379,0.431778246813455,-1.7917665303079,1,enterococcus faecalis,enterococcus
nc 028890,bacillus thuringiensis,NCBI_HR,1,0.432289353082891,0.361150471766786,4.80352536273758,1,bacillus thuringiensis,bacillus
nc 027374,bacillus megaterium,NCBI_HR,1,0.471369002431056,0.382163747167842,1.85698088743274,1,bacillus megaterium,bacillus
nc 027366,bacillus megaterium,NCBI_HR,1,0.35307970964439,0.317879366438005,1.19159952424717,0,bacillus megaterium,bacillus
nc 025440,listeria monocytogenes,NCBI_HR,1,0.566945124794116,0.460219897281971,-2.03903128857129,1,listeria monocytogenes,listeria
nc 025416,staphylococcus aureus,NCBI_HR,1,0.585065059340325,0.408442913191936,-2.50587022766399,0,staphylococcus aureus,staphylococcus
nc 024792,bacillus thuringiensis,NCBI_HR,1,0.387282482043752,0.340347259062902,6.05984182584258,0,bacillus thuringiensis,bacillus
nc 024787,listeria monocytogenes,NCBI_HR,1,0.575157542592896,0.467331689924233,-2.00067604091797,1,listeria monocytogenes,listeria
nc 024383,listeria monocytogenes,NCBI_HR,1,0.565644348622371,0.460317138715133,-2.16182056491414,1,listeria monocytogenes,listeria
nc 024359,listeria monocytogenes,NCBI_HR,1,0.567851225263011,0.461430433296935,-2.06395419690245,1,listeria monocytogenes,listeria
nc 024364,listeria monocytogenes,NCBI_HR,1,0.568796617506651,0.458130455155929,-2.0165527676961,1,listeria monocytogenes,listeria
nc 024360,listeria monocytogenes,NCBI_HR,1,0.564698157295484,0.462067723158412,-2.15930884083703,1,listeria monocytogenes,listeria
nc 005880,staphylococcus aureus,NCBI_HR,1,0.577566874386068,0.407998340911452,-2.50496577094568,0,staphylococcus aureus,staphylococcus
nc 024216,bacillus thuringiensis,NCBI_HR,1,0.458921719440887,0.345817074488108,2.76070989105349,0,bacillus thuringiensis,bacillus
nc 024137,bacillus cereus,NCBI_HR,1,0.519815090574391,0.399398450953561,4.48308048844406,0,bacillus cereus,bacillus
nc 023009,staphylococcus aureus,NCBI_HR,1,0.598479925575031,0.412326540039174,-2.41424101547987,0,staphylococcus aureus,staphylococcus
nc 022761,bacillus subtilis,NCBI_HR,1,0.518510735019247,0.456709514792384,-3.31179171565098,0,bacillus subtilis,bacillus
nc 020871,listeria monocytogenes,NCBI_HR,1,0.570948230834016,0.464625440113095,-2.09644924567499,1,listeria monocytogenes,listeria
nc 019726,staphylococcus aureus,NCBI_HR,1,0.577326392403865,0.403367192003653,-2.51956694155878,0,staphylococcus aureus,staphylococcus
nc 019511,staphylococcus aureus,NCBI_HR,1,0.615577080973989,0.436138614367914,-2.85300175889312,1,staphylococcus aureus,staphylococcus
nc 009904,enterococcus faecalis,NCBI_HR,1,0.514258470155452,0.430746019129102,-1.9430342853381,1,enterococcus faecalis,enterococcus
nc 020081,bacillus pumilus,NCBI_HR,1,0.429903051153347,0.367869263883141,-0.890576862943135,0,bacillus pumilus,bacillus
nc 027355,bacillus cereus,NCBI_HR,1,0.524751865119328,0.398047032471396,4.17824171093771,0,bacillus cereus,bacillus
nc 027335,enterococcus faecalis,NCBI_HR,1,0.508901279634277,0.426397102081053,-1.77227514272401,1,enterococcus faecalis,enterococcus
nc 025426,staphylococcus aureus,NCBI_HR,1,0.5777231059463,0.403346620730122,-2.67402126120635,0,staphylococcus aureus,staphylococcus
nc 031239,gordonia terrae,NCBI_HR,1,0.0499255829305164,0.101956732212702,-0.670850554117138,0,gordonia terrae,gordonia
nc 031112,gordonia terrae,NCBI_HR,1,0.0506995599601687,0.101351321855172,0.632340391736847,0,gordonia terrae,gordonia
nc 028693,enterococcus faecalis,NCBI_HR,1,0.191046090709482,0.303237793787972,-4.47765299252956,0,enterococcus faecalis,enterococcus
nc 031119,propionibacterium acnes,NCBI_HR,1,0.263872149787315,0.352517072933691,-5.43970351460421,1,propionibacterium acnes,propionibacterium
nc 031084,propionibacterium acnes,NCBI_HR,1,0.255347176828337,0.348432601588532,-5.98845239778303,1,propionibacterium acnes,propionibacterium
nc 031005,propionibacterium acnes,NCBI_HR,1,0.253510688957216,0.344493962747321,-5.88311159187562,1,propionibacterium acnes,propionibacterium
nc 031003,propionibacterium acnes,NCBI_HR,1,0.265520313924112,0.358955544261053,-5.4404998877571,1,propionibacterium acnes,propionibacterium
nc 027630,propionibacterium acnes,NCBI_HR,1,0.255651787615878,0.345842195628994,-6.0998920970124,1,propionibacterium acnes,propionibacterium
nc 027629,propionibacterium acnes,NCBI_HR,1,0.25260324761004,0.347042895630792,-5.3215762214103,1,propionibacterium acnes,propionibacterium
nc 027628,propionibacterium acnes,NCBI_HR,1,0.263306800554288,0.350281943345299,-6.16741956122123,1,propionibacterium acnes,propionibacterium
nc 027627,propionibacterium acnes,NCBI_HR,1,0.256566136534889,0.352421966633728,-6.11146652071105,1,propionibacterium acnes,propionibacterium
nc 027626,propionibacterium acnes,NCBI_HR,1,0.25916771890878,0.354583261494429,-5.98831154949705,1,propionibacterium acnes,propionibacterium
nc 027625,propionibacterium acnes,NCBI_HR,1,0.261767275228997,0.353904845393018,-5.50158380269622,0,propionibacterium acnes,propionibacterium
nc 027624,propionibacterium acnes,NCBI_HR,1,0.242235164675185,0.34599936956418,-5.42900155461921,1,propionibacterium acnes,propionibacterium
nc 027623,propionibacterium acnes,NCBI_HR,1,0.254615628566899,0.347884072677402,-5.94648284284867,0,propionibacterium acnes,propionibacterium
nc 027622,propionibacterium acnes,NCBI_HR,1,0.251290391832614,0.346618994258303,-6.22633837806143,1,propionibacterium acnes,propionibacterium
nc 027621,propionibacterium acnes,NCBI_HR,1,0.2468482407993,0.344617791926688,-5.5867432449075,1,propionibacterium acnes,propionibacterium
nc 027620,propionibacterium acnes,NCBI_HR,1,0.254420030791238,0.350236565149691,-5.61089805883168,1,propionibacterium acnes,propionibacterium
nc 028677,rhodococcus erythropolis,NCBI_HR,1,0.133437558065157,0.225832089432042,-3.92074615473211,0,rhodococcus erythropolis,rhodococcus
nc 031060,gordonia terrae,NCBI_HR,1,0.0720919912134265,0.123884670703377,-5.88612358900277,0,gordonia terrae,gordonia
nc 031031,gordonia terrae,NCBI_HR,1,0.0698244262030911,0.121265022905119,-5.83763897875186,0,gordonia terrae,gordonia
nc 030695,gordonia terrae,NCBI_HR,1,0.0672415174857767,0.119253079211452,-5.87870317691528,0,gordonia terrae,gordonia
nc 030694,gordonia terrae,NCBI_HR,1,0.0687401140575563,0.121022735440779,-5.87472420425491,0,gordonia terrae,gordonia
nc 031107,erwinia amylovora,NCBI_HR,1,0.256799530690613,0.252568667499336,-2.39055940243815,0,erwinia amylovora,erwinia
nc 008371,lactococcus lactis,NCBI_HR,1,0.143326448387913,0.266854873033759,-0.054780178078552,0,lactococcus lactis,lactococcus
nc 008370,lactococcus lactis,NCBI_HR,1,0.129794051152456,0.254419309023364,-1.11416544871594,0,lactococcus lactis,lactococcus
nc 008364,lactococcus lactis,NCBI_HR,1,0.290116436764906,0.348145308947823,2.10100667381245,0,lactococcus lactis,lactococcus
nc 008363,lactococcus lactis,NCBI_HR,1,0.137048603765907,0.265889929171232,-0.318062228203594,0,lactococcus lactis,lactococcus
nc 008265,clostridium perfringens,NCBI_HR,1,0.0898696321317499,0.166420702017497,-0.384165731078248,1,clostridium perfringens,clostridium
nc 008193,pasteurella multocida,NCBI_HR,1,0.122677251161006,0.213599954923839,1.79075954303338,1,pasteurella multocida,pasteurella
nc 008208,aeromonas salmonicida,NCBI_HR,1,0.14954994306151,0.243617140331767,-17.4853152718473,0,aeromonas salmonicida,aeromonas
nc 008201,mannheimia haemolytica,NCBI_HR,1,0.0244458283572936,0.100302671484067,0.468690261967332,1,mannheimia haemolytica,mannheimia
nc 008152,escherichia coli,NCBI_HR,1,0.459588620448875,0.421552763783215,-5.5231409523582,0,escherichia coli,escherichia
nc 005083,vibrio parahaemolyticus,NCBI_HR,1,0.124421686766509,0.182299037282301,-2.71585832755708,0,vibrio parahaemolyticus,vibrio
nc 005091,burkholderia cepacia,NCBI_HR,1,0.0327806161733242,0.105571138188941,-6.0686643146993,0,burkholderia cepacia,burkholderia
nc 007924,lactobacillus gasseri,NCBI_HR,1,0.0929237438603975,0.190472748163795,1.92176526439177,1,lactobacillus gasseri,lactobacillus
nc 007603,escherichia coli,NCBI_HR,1,0.173022834236377,0.260676479988256,-6.48775485395202,1,escherichia coli,escherichia
nc 007821,escherichia coli,NCBI_HR,1,0.267035971069028,0.379878736737833,-5.94509605560807,0,escherichia coli,escherichia
nc 007817,escherichia coli,NCBI_HR,1,0.354406108514927,0.403459057897631,-5.01758379992566,0,escherichia coli,escherichia
nc 007856,escherichia coli,NCBI_HR,1,0.356670499228968,0.392935144485229,-5.54620210105581,0,escherichia coli,escherichia
nc 007902,sodalis glossinidius,NCBI_HR,1,0.0342366715441328,0.114934788404007,-3.87272439214686,1,sodalis glossinidius,sodalis
nc 007810,pseudomonas aeruginosa,NCBI_HR,1,0.0897347633345058,0.178234891153376,-11.5362012023465,0,pseudomonas aeruginosa,pseudomonas
nc 007809,pseudomonas aeruginosa,NCBI_HR,1,0.241325323284765,0.288572441021674,-2.01622788431808,1,pseudomonas aeruginosa,pseudomonas
nc 007808,pseudomonas aeruginosa,NCBI_HR,1,0.391174150660794,0.409032111213015,-21.6964389489916,1,pseudomonas aeruginosa,pseudomonas
nc 007807,pseudomonas aeruginosa,NCBI_HR,1,0.40641574228665,0.418233149629871,-21.5864274632512,0,pseudomonas aeruginosa,pseudomonas
nc 007806,pseudomonas aeruginosa,NCBI_HR,1,0.290137873504983,0.353480174032664,-12.9203895306484,0,pseudomonas aeruginosa,pseudomonas
nc 007805,pseudomonas aeruginosa,NCBI_HR,1,0.051257448079284,0.127295208137213,-4.39655822404561,1,pseudomonas aeruginosa,pseudomonas
nc 007814,bacillus anthracis,NCBI_HR,1,0.0862254656867282,0.213402150241591,-0.414770249345182,1,bacillus anthracis,bacillus
nc 007637,escherichia coli,NCBI_HR,1,0.454983266208731,0.426164314878658,-5.71726117687476,0,escherichia coli,escherichia
nc 008464,escherichia coli,NCBI_HR,1,0.0601723769338409,0.121135565894011,-1.70337507552649,1,escherichia coli,escherichia
nc 007145,burkholderia pseudomallei,NCBI_HR,1,0.0164352327250692,0.0653087692207076,-3.36001514847321,1,burkholderia pseudomallei,burkholderia
nc 008575,ralstonia solanacearum,NCBI_HR,1,0.0709311141433739,0.251873799021163,-4.25794352395619,1,ralstonia solanacearum,ralstonia
nc 008689,staphylococcus aureus,NCBI_HR,1,0.115687298713855,0.226100526663782,0.578019134106668,1,staphylococcus aureus,staphylococcus
nc 009604,burkholderia cenocepacia,NCBI_HR,1,0.011800166142533,0.0632064130425333,-3.17353293263493,0,burkholderia cenocepacia,burkholderia
nc 009554,lactobacillus delbrueckii,NCBI_HR,1,0.0981997795730216,0.195586378561716,-2.24859992134663,1,lactobacillus delbrueckii,lactobacillus
nc 009551,leptolyngbya foveolarum,NCBI_HR,1,0.610237764783305,0.522633384952609,-4.53198034613872,0,leptolyngbya foveolarum,leptolyngbya
nc 009235,burkholderia pseudomallei,NCBI_HR,1,0.0220630725810738,0.0826571634615529,-7.72931118058109,1,burkholderia pseudomallei,burkholderia
nc 009540,escherichia coli,NCBI_HR,1,0.0627750697705371,0.179943309124545,-8.09075705545253,0,escherichia coli,escherichia
nc 009541,propionibacterium acnes,NCBI_HR,1,0.25617886119037,0.350650913882835,-6.00457037843995,1,propionibacterium acnes,propionibacterium
nc 009526,staphylococcus aureus,NCBI_HR,1,0.173194987377799,0.24759770742763,1.21257817751196,1,staphylococcus aureus,staphylococcus
nc 009514,escherichia coli,NCBI_HR,1,0.0710579257492795,0.129483916998255,-1.6540569054686,1,escherichia coli,escherichia
nc 009447,burkholderia cepacia,NCBI_HR,1,0.103710497893869,0.199697132488421,-10.413305192365,0,burkholderia cepacia,burkholderia
nc 009382,ralstonia solanacearum,NCBI_HR,1,0.0362300281151605,0.100820414963442,-1.51847248865873,1,ralstonia solanacearum,ralstonia
nc 009237,burkholderia thailandensis,NCBI_HR,1,0.0293588242885813,0.0954017790850348,-4.57732904517772,1,burkholderia thailandensis,burkholderia
nc 009234,burkholderia thailandensis,NCBI_HR,1,0.0143941413561397,0.0616783513950868,-2.19906312348212,1,burkholderia thailandensis,burkholderia
nc 009236,burkholderia pseudomallei,NCBI_HR,1,0.0135708918772184,0.0628665728501426,-3.56135971888254,1,burkholderia pseudomallei,burkholderia
nc 009018,streptococcus dysgalactiae,NCBI_HR,1,0.0884967213238578,0.177123752097186,-1.98603339457008,1,streptococcus dysgalactiae,streptococcus
nc 009015,burkholderia ambifaria,NCBI_HR,1,0.0509125680219433,0.111265149592762,-10.8875787013684,0,burkholderia ambifaria,burkholderia
nc 009016,vibrio parahaemolyticus,NCBI_HR,1,0.123179466794547,0.237476194267205,11.6367827677847,0,vibrio parahaemolyticus,vibrio
nc 009014,erwinia amylovora,NCBI_HR,1,0.360409142853271,0.375708714372311,-3.76367511727813,0,erwinia amylovora,erwinia
nc 008799,staphylococcus aureus,NCBI_HR,1,0.16335786851083,0.247617629698603,2.00847544926116,1,staphylococcus aureus,staphylococcus
nc 008798,staphylococcus aureus,NCBI_HR,1,0.150607542626427,0.243937479329664,1.388881865119,1,staphylococcus aureus,staphylococcus
nc 008723,staphylococcus epidermidis,NCBI_HR,1,0.269654541881057,0.286807036193552,2.61636587774094,1,staphylococcus epidermidis,staphylococcus
nc 008722,staphylococcus epidermidis,NCBI_HR,1,0.250869457546457,0.282941449349202,2.38324990568982,0,staphylococcus epidermidis,staphylococcus
nc 008717,pseudomonas aeruginosa,NCBI_HR,1,0.0636335931171552,0.142187718849315,-2.21504855820758,1,pseudomonas aeruginosa,pseudomonas
nc 008720,escherichia coli,NCBI_HR,1,0.456154073618415,0.400639701668917,-9.46640221737986,0,escherichia coli,escherichia
nc 008694,yersinia pestis,NCBI_HR,1,0.570759585999916,0.494860797516528,-0.4457982754273,0,yersinia pestis,yersinia
nc 007623,pseudomonas aeruginosa,NCBI_HR,1,0.461721433335739,0.396312798850379,-17.1527855456781,1,pseudomonas aeruginosa,pseudomonas
nc 007581,clostridium botulinum,NCBI_HR,1,0.0650263877549517,0.152146106804522,-1.96392206199835,1,clostridium botulinum,clostridium
nc 007804,escherichia coli,NCBI_HR,1,0.0531358721517225,0.133942317077077,-1.79843699684471,0,escherichia coli,escherichia
nc 005859,escherichia coli,NCBI_HR,1,0.277604444139897,0.291544914776296,-11.5005939785323,1,escherichia coli,escherichia
nc 002371,salmonella enterica,NCBI_HR,1,0.100718056877831,0.182938215794438,-4.87582036572392,1,salmonella enterica,salmonella
nc 005948,vibrio parahaemolyticus,NCBI_HR,1,0.0854924780051208,0.287255508166617,0.346938551341836,1,vibrio parahaemolyticus,vibrio
nc 005893,lactobacillus casei,NCBI_HR,1,0.0821292599190648,0.168429741248594,-3.43461649124479,1,lactobacillus casei,lactobacillus
nc 005887,burkholderia cepacia,NCBI_HR,1,0.0064787662369447,0.0519932304302793,-1.51350783773979,1,burkholderia cepacia,burkholderia
nc 005884,pseudomonas aeruginosa,NCBI_HR,1,0.394034832862388,0.411313140829984,-21.1151353890855,0,pseudomonas aeruginosa,pseudomonas
nc 005891,vibrio cholerae,NCBI_HR,1,0.113260854089327,0.235758441560002,2.9214240639708,0,vibrio cholerae,vibrio
nc 005879,vibrio cholerae,NCBI_HR,1,0.105815504451928,0.235843400402308,2.99463056329594,0,vibrio cholerae,vibrio
nc 005342,burkholderia cepacia,NCBI_HR,1,0.0132195211458912,0.0630109432957449,-3.27247589192638,1,burkholderia cepacia,burkholderia
nc 004333,burkholderia cepacia,NCBI_HR,1,0.0130290676960014,0.0625226775493911,-3.37706257441092,1,burkholderia cepacia,burkholderia
nc 005263,burkholderia cenocepacia,NCBI_HR,1,0.0128434865316021,0.0635170053255055,-3.17340755603496,0,burkholderia cenocepacia,burkholderia
nc 002661,staphylococcus aureus,NCBI_HR,1,0.123113327784901,0.212312794955525,0.42181603986689,1,staphylococcus aureus,staphylococcus
nc 005857,klebsiella oxytoca,NCBI_HR,1,0.0434221972423454,0.120846506024964,-4.41195012999199,1,klebsiella oxytoca,klebsiella
nc 005856,escherichia coli,NCBI_HR,1,0.0256880878836818,0.0873161824745456,-3.45922773900496,1,escherichia coli,escherichia
nc 007501,lactobacillus rhamnosus,NCBI_HR,1,0.104442794608442,0.185367747459967,-2.41040286605343,1,lactobacillus rhamnosus,lactobacillus
nc 005841,salmonella typhimurium,NCBI_HR,1,0.117573528768257,0.201720768015865,-4.72723490886513,1,salmonella typhimurium,salmonella
nc 005833,escherichia coli,NCBI_HR,1,0.0991098570417382,0.210481528202077,-5.21794787456243,0,escherichia coli,escherichia
nc 005822,lactococcus lactis,NCBI_HR,1,0.0503900090325719,0.162341749316353,0.511000464441835,1,lactococcus lactis,lactococcus
nc 005357,bordetella bronchiseptica,NCBI_HR,1,0.0495124652159499,0.120934636924358,-2.70950286546881,1,bordetella bronchiseptica,bordetella
nc 005354,lactobacillus johnsonii,NCBI_HR,1,0.0493226487801545,0.15492089665248,-0.215313534493013,1,lactobacillus johnsonii,lactobacillus
nc 005355,lactobacillus johnsonii,NCBI_HR,1,0.0514729027492685,0.159133231962592,0.228520054624788,1,lactobacillus johnsonii,lactobacillus
nc 005344,shigella flexneri,NCBI_HR,1,0.0772548890992826,0.155229842390322,-3.42136711407854,1,shigella flexneri,shigella
nc 004664,streptomyces lividans,NCBI_HR,1,0.198117849092832,0.330603840752041,-9.39970822392208,0,streptomyces lividans,streptomyces
nc 005258,bacillus thuringiensis,NCBI_HR,1,0.246904032838034,0.355377380456307,4.44808496963648,1,bacillus thuringiensis,bacillus
nc 005260,aeromonas hydrophila,NCBI_HR,1,0.228007956682208,0.324494782188467,-18.7694776378534,0,aeromonas hydrophila,aeromonas
nc 005135,aeromonas salmonicida,NCBI_HR,1,0.185804106757578,0.25364422925821,-14.6443735690416,0,aeromonas salmonicida,aeromonas
nc 005069,yersinia enterocolitica,NCBI_HR,1,0.0339993537401657,0.13388742081244,-2.69785183205475,1,yersinia enterocolitica,yersinia
nc 006294,vibrio cholerae,NCBI_HR,1,0.17045363090978,0.325077353095301,-3.18488971262337,1,vibrio cholerae,vibrio
nc 006548,pseudomonas aeruginosa,NCBI_HR,1,0.0332917991613993,0.111968566144865,-3.31996298300079,1,pseudomonas aeruginosa,pseudomonas
nc 006552,pseudomonas aeruginosa,NCBI_HR,1,0.0236813507029641,0.0914123695722311,-3.30775223827207,1,pseudomonas aeruginosa,pseudomonas
nc 006557,bacillus clarkii,NCBI_HR,1,0.080216457854832,0.193276913076407,-0.374355408894701,1,bacillus clarkii,bacillus
nc 007497,burkholderia cepacia,NCBI_HR,1,0.0188556379964787,0.0859916806195945,-5.16827758979333,1,burkholderia cepacia,burkholderia
nc 007458,bacillus cereus,NCBI_HR,1,0.0838457594193986,0.21046958000843,-0.0526281351443956,1,bacillus cereus,bacillus
nc 007291,escherichia coli,NCBI_HR,1,0.195062664123105,0.259340420755177,-6.76971460857546,0,escherichia coli,escherichia
nc 007064,staphylococcus aureus,NCBI_HR,1,0.178397479567509,0.262114480623042,2.83096556589094,1,staphylococcus aureus,staphylococcus
nc 007063,staphylococcus aureus,NCBI_HR,1,0.174668287595952,0.263013279370994,2.57935862906891,1,staphylococcus aureus,staphylococcus
nc 007062,staphylococcus aureus,NCBI_HR,1,0.181397246552708,0.265029464193457,2.64314233606794,1,staphylococcus aureus,staphylococcus
nc 007061,staphylococcus aureus,NCBI_HR,1,0.169085210948774,0.258729080101087,2.48395641826891,1,staphylococcus aureus,staphylococcus
nc 007059,staphylococcus aureus,NCBI_HR,1,0.171655103343134,0.247185735379967,2.34857466882823,1,staphylococcus aureus,staphylococcus
nc 007058,staphylococcus aureus,NCBI_HR,1,0.166979170760834,0.25044255438915,2.16910984501023,1,staphylococcus aureus,staphylococcus
nc 007057,staphylococcus aureus,NCBI_HR,1,0.16557897732261,0.244389186046226,2.11724366876903,1,staphylococcus aureus,staphylococcus
nc 007056,staphylococcus aureus,NCBI_HR,1,0.156961936014795,0.254979255971913,3.10069678437387,1,staphylococcus aureus,staphylococcus
nc 007054,staphylococcus aureus,NCBI_HR,1,0.127749037590319,0.212142935949052,0.568583178907183,1,staphylococcus aureus,staphylococcus
nc 007052,staphylococcus aureus,NCBI_HR,1,0.121962018774591,0.20227919481701,0.83962589721456,1,staphylococcus aureus,staphylococcus
nc 007051,staphylococcus aureus,NCBI_HR,1,0.142396981525718,0.240983126558761,4.02555525100528,1,staphylococcus aureus,staphylococcus
nc 007049,staphylococcus aureus,NCBI_HR,1,0.170115095188236,0.245265033622023,1.18641862592234,1,staphylococcus aureus,staphylococcus
nc 007048,staphylococcus aureus,NCBI_HR,1,0.160577192257308,0.244082660797185,1.41160352265602,1,staphylococcus aureus,staphylococcus
nc 007046,staphylococcus aureus,NCBI_HR,1,0.170616746958288,0.268374886547045,-3.60323531198868,0,staphylococcus aureus,staphylococcus
nc 007045,staphylococcus aureus,NCBI_HR,1,0.155957301252705,0.327000158959889,-1.47352360575949,1,staphylococcus aureus,staphylococcus
nc 007050,staphylococcus aureus,NCBI_HR,1,0.161648454923692,0.244272316957269,1.69607716380619,1,staphylococcus aureus,staphylococcus
nc 007065,staphylococcus aureus,NCBI_HR,1,0.196491850290889,0.274915594304793,3.06708393429779,1,staphylococcus aureus,staphylococcus
nc 007024,xanthomonas campestris,NCBI_HR,1,0.173917700099772,0.245866547500382,-11.4560700574463,0,xanthomonas campestris,xanthomonas
nc 007022,aeromonas salmonicida,NCBI_HR,1,0.186855996258841,0.252874862867597,-14.6116665787699,0,aeromonas salmonicida,aeromonas
nc 007019,streptococcus thermophilus,NCBI_HR,1,0.149557229554331,0.255000487535087,0.95721531861448,1,streptococcus thermophilus,streptococcus
nc 006949,salmonella typhimurium,NCBI_HR,1,0.102083384436087,0.173496218924361,-3.56508523107448,1,salmonella typhimurium,salmonella
nc 003287,escherichia coli,NCBI_HR,1,0.24407430056638,0.36824229812289,-10.0337149329298,0,escherichia coli,escherichia
nc 009643,actinomyces naeslundii,NCBI_HR,1,0.395518647855264,0.437762375608659,-18.9411789364948,0,actinomyces naeslundii,actinomyces
nc 005131,ralstonia pickettii,NCBI_HR,1,0.0751033630463111,0.285615776813608,-8.95071281989392,0,ralstonia pickettii,ralstonia
nc 026017,salmonella paratyphi,NCBI_HR,1,0.131011936391783,0.233395933889622,-1.66312143470812,0,salmonella paratyphi,salmonella
nc 011611,pseudomonas aeruginosa,NCBI_HR,1,0.059979367208107,0.14253250739057,-1.96574453909351,1,pseudomonas aeruginosa,pseudomonas
nc 012697,ruegeria pomeroyi,NCBI_HR,1,0.265062533559178,0.316897433212417,-16.3064381636975,0,ruegeria pomeroyi,ruegeria
nc 012663,lactococcus lactis,NCBI_HR,1,0.294692427048563,0.318647343634967,-0.613878503369058,0,lactococcus lactis,lactococcus
nc 012662,vibrio parahaemolyticus,NCBI_HR,1,0.30885387591418,0.340085356265264,3.79349586516172,0,vibrio parahaemolyticus,vibrio
nc 004462,thermus thermophilus,NCBI_HR,1,0.0758149754721932,0.175145676228499,-3.50025802161369,1,thermus thermophilus,thermus
nc 012418,pseudomonas aeruginosa,NCBI_HR,1,0.167410759064894,0.214184005306802,-3.61130967155962,1,pseudomonas aeruginosa,pseudomonas
nc 011976,salmonella enterica,NCBI_HR,1,0.120642342487523,0.189504790329092,-4.7024151550394,1,salmonella enterica,salmonella
nc 011811,erwinia amylovora,NCBI_HR,1,0.354369719061386,0.359962911641948,-9.78927562155278,0,erwinia amylovora,erwinia
nc 011802,salmonella enterica,NCBI_HR,1,0.114971591410645,0.188518066402869,-4.98117354238177,1,salmonella enterica,salmonella
nc 011801,lactobacillus jensenii,NCBI_HR,1,0.0816177207658535,0.171991980219681,2.60418449278274,1,lactobacillus jensenii,lactobacillus
nc 011810,pseudomonas aeruginosa,NCBI_HR,1,0.0906135009024189,0.182896742414871,-11.5515464226646,0,pseudomonas aeruginosa,pseudomonas
nc 011756,pseudomonas aeruginosa,NCBI_HR,1,0.0876185847589588,0.17376988407237,-10.8976086437737,1,pseudomonas aeruginosa,pseudomonas
nc 011614,staphylococcus aureus,NCBI_HR,1,0.172393309007232,0.253366863069503,2.02220046186204,1,staphylococcus aureus,staphylococcus
nc 011612,staphylococcus aureus,NCBI_HR,1,0.116047709826613,0.196051440225202,0.355295125424746,1,staphylococcus aureus,staphylococcus
nc 011523,bacillus anthracis,NCBI_HR,1,0.270814614589861,0.343882926224037,3.29146896377095,0,bacillus anthracis,bacillus
nc 011373,pseudomonas aeruginosa,NCBI_HR,1,0.0561913882723541,0.172765473017119,-10.2159070784373,1,pseudomonas aeruginosa,pseudomonas
nc 011357,escherichia coli,NCBI_HR,1,0.0697301187067795,0.127515883333276,0.145176704811234,1,escherichia coli,escherichia
nc 011356,escherichia coli,NCBI_HR,1,0.072018234473445,0.132438725112821,0.352807617257113,1,escherichia coli,escherichia
nc 011344,staphylococcus aureus,NCBI_HR,1,0.124215251234191,0.203199323075678,0.150568350077776,1,staphylococcus aureus,staphylococcus
nc 012740,escherichia coli,NCBI_HR,1,0.108741675615693,0.205421735404876,-10.2579646063097,0,escherichia coli,escherichia
nc 012741,escherichia coli,NCBI_HR,1,0.236637767148715,0.299642227428944,-11.2553290632519,0,escherichia coli,escherichia
nc 012742,xanthomonas campestris,NCBI_HR,1,0.279328818154659,0.369423833288158,-7.71281093277464,1,xanthomonas campestris,xanthomonas
nc 012749,escherichia coli,NCBI_HR,1,0.44403123707972,0.410078707081551,-11.8761208116034,1,escherichia coli,escherichia
nc 013649,klebsiella pneumoniae,NCBI_HR,1,0.420752019166652,0.394848681659602,-3.42379506502026,0,klebsiella pneumoniae,klebsiella
nc 013691,pseudomonas aeruginosa,NCBI_HR,1,0.232944042856614,0.264084559050257,-13.261526545152,0,pseudomonas aeruginosa,pseudomonas
nc 013692,pseudomonas aeruginosa,NCBI_HR,1,0.225202830460283,0.243631433699374,-11.4607516948242,0,pseudomonas aeruginosa,pseudomonas
nc 013698,clavibacter michiganensis,NCBI_HR,1,0.224435639152194,0.303335714805878,-15.9365347241978,0,clavibacter michiganensis,clavibacter
nc 013696,enterococcus faecalis,NCBI_HR,1,0.0622377302156895,0.168980986633977,-3.29168212243234,1,enterococcus faecalis,enterococcus
nc 013647,klebsiella pneumoniae,NCBI_HR,1,0.537881882707413,0.457319069495441,-5.12720835458071,0,klebsiella pneumoniae,klebsiella
nc 013638,pseudomonas fluorescens,NCBI_HR,1,0.19817755053059,0.258117848108626,-1.40314191559114,0,pseudomonas fluorescens,pseudomonas
nc 013594,escherichia coli,NCBI_HR,1,0.0713130115746,0.137965674311315,0.990031272212995,0,escherichia coli,escherichia
nc 013600,sodalis glossinidius,NCBI_HR,1,0.097313093989567,0.209470216960158,-0.117314263797319,0,sodalis glossinidius,sodalis
nc 013599,xylella fastidiosa,NCBI_HR,1,0.0668740972789044,0.177770430367466,4.21377639616775,1,xylella fastidiosa,xylella
nc 013597,aggregatibacter actinomycetemcomitans,NCBI_HR,1,0.0319931209374654,0.109629034345025,-1.88240592112509,1,aggregatibacter actinomycetemcomitans,aggregatibacter
nc 013197,thermus thermophilus,NCBI_HR,1,0.10567848942318,0.200636019772979,-1.4855583271371,0,thermus thermophilus,thermus
nc 013195,staphylococcus aureus,NCBI_HR,1,0.150063316302424,0.237347319718806,1.10271909687669,1,staphylococcus aureus,staphylococcus
nc 013152,lactococcus lactis,NCBI_HR,1,0.13044875047467,0.259845469294605,-0.193833629444633,0,lactococcus lactis,lactococcus
nc 013155,lactococcus lactis,NCBI_HR,1,0.121440218328736,0.251906635643244,-0.298616445129106,0,lactococcus lactis,lactococcus
nc 013059,salmonella enterica,NCBI_HR,1,0.121815531331248,0.200462779759434,-4.56414953473245,1,salmonella enterica,salmonella
nc 013055,burkholderia pyrrocinia,NCBI_HR,1,0.0231669321533501,0.0876450575291963,-5.64514811281441,1,burkholderia pyrrocinia,burkholderia
nc 013021,prochlorococcus marinus,NCBI_HR,1,0.273980415725336,0.31071402510681,20.9608676958434,0,prochlorococcus marinus,prochlorococcus
nc 012868,escherichia coli,NCBI_HR,1,0.249901445199825,0.361037725668672,-5.56200746700746,0,escherichia coli,escherichia
nc 012784,staphylococcus aureus,NCBI_HR,1,0.126554788660152,0.233996969263866,0.678028113916049,1,staphylococcus aureus,staphylococcus
nc 012757,vibrio cholerae,NCBI_HR,1,0.139282502605834,0.324327438036132,-4.60839496064926,1,vibrio cholerae,vibrio
nc 012756,streptococcus oralis,NCBI_HR,1,0.0485025516700742,0.162208311875985,-1.76318882670464,1,streptococcus oralis,streptococcus
nc 012753,streptococcus thermophilus,NCBI_HR,1,0.137742237923751,0.236298702695926,-1.1639781591099,1,streptococcus thermophilus,streptococcus
nc 009760,bacillus thuringiensis,NCBI_HR,1,0.335418914036093,0.2860343813929,6.52461571253778,0,bacillus thuringiensis,bacillus
nc 009936,pseudomonas aeruginosa,NCBI_HR,1,0.226228487886948,0.276968869419583,-5.5776997642602,0,pseudomonas aeruginosa,pseudomonas
nc 010355,azospirillum brasilense,NCBI_HR,1,0.0294329566577707,0.122691472361166,-5.06665343818825,0,azospirillum brasilense,azospirillum
nc 010353,streptococcus thermophilus,NCBI_HR,1,0.152895308407523,0.254989303943196,0.591835872576432,1,streptococcus thermophilus,streptococcus
nc 010342,halomonas aquamarina,NCBI_HR,1,0.0558347454473206,0.138370021854633,2.24979047277468,0,halomonas aquamarina,halomonas
nc 010326,pseudomonas aeruginosa,NCBI_HR,1,0.163601673646456,0.214327971716381,-4.20136919494951,1,pseudomonas aeruginosa,pseudomonas
nc 010325,pseudomonas aeruginosa,NCBI_HR,1,0.41827225180108,0.377899538093968,-14.2321033997508,0,pseudomonas aeruginosa,pseudomonas
nc 010324,escherichia coli,NCBI_HR,1,0.462595922590883,0.402299457156223,-8.49663863952463,0,escherichia coli,escherichia
nc 010147,staphylococcus aureus,NCBI_HR,1,0.181058381840359,0.266011861455182,2.73986133378355,1,staphylococcus aureus,staphylococcus
nc 010116,pseudomonas aeruginosa,NCBI_HR,1,0.252661085949263,0.292947119092431,-2.21780371399051,1,pseudomonas aeruginosa,pseudomonas
nc 010105,escherichia coli,NCBI_HR,1,0.226069813814767,0.294103979181887,-11.2578507504002,0,escherichia coli,escherichia
nc 010106,escherichia coli,NCBI_HR,1,0.303360197604841,0.343826427827506,-6.74775697917278,0,escherichia coli,escherichia
nc 009542,aeromonas media,NCBI_HR,1,0.0405543029213392,0.117819894390639,1.00640173269879,1,aeromonas media,aeromonas
nc 009935,pseudomonas aeruginosa,NCBI_HR,1,0.169627199404622,0.221666466737385,-4.16264500299783,0,pseudomonas aeruginosa,pseudomonas
nc 011222,bacteroides fragilis,NCBI_HR,1,0.187401779624946,0.274919540420195,-4.56308027060797,1,bacteroides fragilis,bacteroides
nc 009818,pseudomonas aeruginosa,NCBI_HR,1,0.0722157205840507,0.149603849163832,-2.28960187314492,1,pseudomonas aeruginosa,pseudomonas
nc 009815,listeria monocytogenes,NCBI_HR,1,0.0704710284509441,0.179312403824104,-2.53259684665829,1,listeria monocytogenes,listeria
nc 009814,listeria monocytogenes,NCBI_HR,1,0.381062744748765,0.413261614673121,2.78857006320188,1,listeria monocytogenes,listeria
nc 009813,listeria monocytogenes,NCBI_HR,1,0.0649048451286119,0.175822276414326,-1.81801403458559,1,listeria monocytogenes,listeria
nc 009812,listeria monocytogenes,NCBI_HR,1,0.0768943475427227,0.190707279504978,-2.93039730034321,1,listeria monocytogenes,listeria
nc 009810,listeria monocytogenes,NCBI_HR,1,0.109715494695605,0.202230590490987,-1.34584490074919,1,listeria monocytogenes,listeria
nc 009821,escherichia coli,NCBI_HR,1,0.107953748876045,0.204798183855317,-10.2712309913432,0,escherichia coli,escherichia
nc 009819,streptococcus equi,NCBI_HR,1,0.09391874595033,0.208285769725103,-2.05308562938228,1,streptococcus equi,streptococcus
nc 009816,corynebacterium glutamicum,NCBI_HR,1,0.413021533501185,0.398208020898097,-2.89296226446176,0,corynebacterium glutamicum,corynebacterium
nc 009804,thermus thermophilus,NCBI_HR,1,0.201098280948659,0.226099936313913,-11.6770468818584,1,thermus thermophilus,thermus
nc 009803,thermus thermophilus,NCBI_HR,1,0.193578448428296,0.220889103934111,-11.6739970823436,1,thermus thermophilus,thermus
nc 010363,lactococcus lactis,NCBI_HR,1,0.108564978590206,0.271134222880009,-1.33967933025457,0,lactococcus lactis,lactococcus
nc 011216,burkholderia cenocepacia,NCBI_HR,1,0.0233261212867314,0.0879193741034194,-3.94406466190287,0,burkholderia cenocepacia,burkholderia
nc 011201,ralstonia solanacearum,NCBI_HR,1,0.110976550789697,0.202134481820483,-5.12903205748889,0,ralstonia solanacearum,ralstonia
nc 011167,bacillus thuringiensis,NCBI_HR,1,0.0812201033571533,0.19360269186534,1.15354372524471,1,bacillus thuringiensis,bacillus
nc 011166,pseudomonas aeruginosa,NCBI_HR,1,0.08653073057329,0.17552335511395,-10.8627597521224,1,pseudomonas aeruginosa,pseudomonas
nc 011165,pseudomonas aeruginosa,NCBI_HR,1,0.0908209139125639,0.179746448306194,-11.0107942362098,1,pseudomonas aeruginosa,pseudomonas
nc 011104,lactobacillus rhamnosus,NCBI_HR,1,0.0910965133120323,0.179109225052587,-1.19999603115788,1,lactobacillus rhamnosus,lactobacillus
nc 011107,pseudomonas aeruginosa,NCBI_HR,1,0.165829375508815,0.216079201418721,-4.29779562841434,0,pseudomonas aeruginosa,pseudomonas
nc 011048,bacillus subtilis,NCBI_HR,1,0.335657393190104,0.383230491888596,-3.51662184320189,0,bacillus subtilis,bacillus
nc 011041,escherichia coli,NCBI_HR,1,0.316022758589758,0.308572480449386,-7.20947635157827,0,escherichia coli,escherichia
nc 011038,yersinia pestis,NCBI_HR,1,0.572326503831494,0.49735848082825,-0.370293338723435,0,yersinia pestis,yersinia
nc 011045,escherichia coli,NCBI_HR,1,0.534936482245077,0.46342145639728,-2.38082085198521,0,escherichia coli,escherichia
nc 011042,escherichia coli,NCBI_HR,1,0.539496117702288,0.458665124806677,-0.826457273064015,0,escherichia coli,escherichia
nc 011040,escherichia coli,NCBI_HR,1,0.498716095787304,0.448758680629592,-1.99353555495834,0,escherichia coli,escherichia
nc 010945,streptococcus gordonii,NCBI_HR,1,0.0750320577353063,0.195189034921716,-0.0479126455739163,1,streptococcus gordonii,streptococcus
nc 010821,pseudomonas chlororaphis,NCBI_HR,1,0.256944258487228,0.306523156014822,-17.1085267032144,0,pseudomonas chlororaphis,pseudomonas
nc 010807,salmonella enterica,NCBI_HR,1,0.479318711139799,0.437385104299293,-1.1018674071796,0,salmonella enterica,salmonella
nc 010808,staphylococcus aureus,NCBI_HR,1,0.168142816130388,0.249340664831644,1.43581349682339,1,staphylococcus aureus,staphylococcus
nc 010583,escherichia coli,NCBI_HR,1,0.312482437427128,0.316382383972756,-10.8698866475227,0,escherichia coli,escherichia
nc 010576,lactococcus lactis,NCBI_HR,1,0.286410513169649,0.307469804397874,-1.30866385387698,0,lactococcus lactis,lactococcus
nc 010237,escherichia coli,NCBI_HR,1,0.0627474368590443,0.121887922951132,-1.26650508022136,1,escherichia coli,escherichia
nc 010495,salmonella enterica,NCBI_HR,1,0.133493485349027,0.195853570445256,-5.84072176175592,1,salmonella enterica,salmonella
nc 010179,lactobacillus johnsonii,NCBI_HR,1,0.0830926788308676,0.165418951279671,1.48871079545889,1,lactobacillus johnsonii,lactobacillus
nc 005066,escherichia coli,NCBI_HR,1,0.108459857339216,0.205799466299517,-10.3285064556097,0,escherichia coli,escherichia
nc 005056,escherichia coli,NCBI_HR,1,0.0498061440883337,0.140351154378283,0.952146205174493,1,escherichia coli,escherichia
nc 005045,pseudomonas aeruginosa,NCBI_HR,1,0.167659022317178,0.21553120739872,-4.1829191092144,0,pseudomonas aeruginosa,pseudomonas
nc 004996,streptococcus mitis,NCBI_HR,1,0.0663788961671388,0.178858607334933,-1.12617476918414,1,streptococcus mitis,streptococcus
nc 003444,shigella flexneri,NCBI_HR,1,0.0524012513411151,0.116839286304513,-0.120810422933459,1,shigella flexneri,shigella
nc 004172,pseudomonas syringae,NCBI_HR,1,0.230632019822592,0.356469556548365,-2.34967308969261,0,pseudomonas syringae,pseudomonas
nc 004171,pseudomonas syringae,NCBI_HR,1,0.215871463359278,0.357771068297264,-2.842892730091,0,pseudomonas syringae,pseudomonas
nc 004165,bacillus subtilis,NCBI_HR,1,0.312765103232852,0.37254282991871,-5.84759803781,0,bacillus subtilis,bacillus
nc 004112,lactobacillus casei,NCBI_HR,1,0.0616789510644575,0.154910705587291,-3.13732074517959,1,lactobacillus casei,lactobacillus
nc 004084,natrialba magadii,NCBI_HR,1,0.0260284822991757,0.0748998835933727,0.466764536664328,0,natrialba magadii,natrialba
nc 004066,lactococcus lactis,NCBI_HR,1,0.0386838997056398,0.147835811328761,0.838048832520649,1,lactococcus lactis,lactococcus
nc 003793,spiroplasma citri,NCBI_HR,1,0.0911627007806648,0.26152140664401,-2.40322233483918,1,spiroplasma citri,spiroplasma
nc 003716,pseudomonas syringae,NCBI_HR,1,0.207212165722477,0.363890572098705,-3.95530342705414,0,pseudomonas syringae,pseudomonas
nc 003715,pseudomonas syringae,NCBI_HR,1,0.214287939744578,0.335558497539663,-5.18896009326851,0,pseudomonas syringae,pseudomonas
nc 003714,pseudomonas syringae,NCBI_HR,1,0.144276933273759,0.38659523483908,-5.55535699315735,0,pseudomonas syringae,pseudomonas
nc 003524,clostridium perfringens,NCBI_HR,1,0.0807471910862023,0.185390314869536,-0.131302611336498,1,clostridium perfringens,clostridium
nc 003460,propionibacterium freudenreichii,NCBI_HR,1,0.107116695872298,0.306288217765407,-3.00187283294495,1,propionibacterium freudenreichii,propionibacterium
nc 003438,spiroplasma melliferum,NCBI_HR,1,0.302597086904072,0.387220564799134,5.1648103101371,0,spiroplasma melliferum,spiroplasma
nc 003387,mycobacterium avium,NCBI_HR,1,0.111947011628112,0.180303648723872,-0.913564371172882,0,mycobacterium avium,mycobacterium
nc 003356,escherichia coli,NCBI_HR,1,0.0565026582160113,0.113950697544628,-1.41985133449666,1,escherichia coli,escherichia
nc 003324,sinorhizobium meliloti,NCBI_HR,1,0.024247776585451,0.0799869062083332,-1.24259057977581,1,sinorhizobium meliloti,sinorhizobium
nc 003315,haemophilus influenzae,NCBI_HR,1,0.0250089544075373,0.114700553501157,1.78716849125817,1,haemophilus influenzae,haemophilus
nc 003309,burkholderia thailandensis,NCBI_HR,1,0.0175029388788326,0.0695360288322729,-6.43613372871846,1,burkholderia thailandensis,burkholderia
nc 003313,vibrio cholerae,NCBI_HR,1,0.0279725913214536,0.121263030277951,1.33380962351859,1,vibrio cholerae,vibrio
nc 003301,pseudomonas syringae,NCBI_HR,1,0.202108855498021,0.371809830446535,-6.26277343113152,0,pseudomonas syringae,pseudomonas
nc 003300,pseudomonas syringae,NCBI_HR,1,0.123909203619399,0.340452721000305,-5.4487921586083,0,pseudomonas syringae,pseudomonas
nc 003299,pseudomonas syringae,NCBI_HR,1,0.186196759760617,0.34324445315015,-6.69068870221946,0,pseudomonas syringae,pseudomonas
nc 003298,escherichia coli,NCBI_HR,1,0.465547461420204,0.423810207832718,-0.869864784994398,0,escherichia coli,escherichia
nc 003288,staphylococcus aureus,NCBI_HR,1,0.176366956910932,0.263468956628603,2.54037363830861,1,staphylococcus aureus,staphylococcus
nc 003278,pseudomonas aeruginosa,NCBI_HR,1,0.037466212011349,0.12010447295596,-3.85751493616878,1,pseudomonas aeruginosa,pseudomonas
nc 004173,pseudomonas syringae,NCBI_HR,1,0.184210768926661,0.332382371468728,-6.60089283718628,0,pseudomonas syringae,pseudomonas
nc 004174,pseudomonas syringae,NCBI_HR,1,0.223039416072045,0.410967719318473,-3.73465079896972,0,pseudomonas syringae,pseudomonas
nc 004175,pseudomonas syringae,NCBI_HR,1,0.167972434507537,0.338514353239742,-4.68700474111379,0,pseudomonas syringae,pseudomonas
nc 004302,lactococcus lactis,NCBI_HR,1,0.0582131031412949,0.172332362416618,0.462131948308262,1,lactococcus lactis,lactococcus
nc 004928,escherichia coli,NCBI_HR,1,0.18897846807489,0.285443630834956,-13.1146440745351,1,escherichia coli,escherichia
nc 004902,xanthomonas oryzae,NCBI_HR,1,0.211028571344798,0.289832850646912,-11.6379915116801,1,xanthomonas oryzae,xanthomonas
nc 004831,salmonella typhimurium,NCBI_HR,1,0.521651037174968,0.465971708805,-4.93034598825476,0,salmonella typhimurium,salmonella
nc 004813,escherichia coli,NCBI_HR,1,0.0838683345272907,0.141668759166859,-0.162779275451179,1,escherichia coli,escherichia
nc 004777,yersinia pestis,NCBI_HR,1,0.567630376529369,0.482216245921373,0.679693255732694,0,yersinia pestis,yersinia
nc 004746,lactococcus lactis,NCBI_HR,1,0.0860959516017677,0.184241266162076,0.369115334962295,1,lactococcus lactis,lactococcus
nc 004745,yersinia pestis,NCBI_HR,1,0.09857392408487,0.181792452818083,4.46946123327954,0,yersinia pestis,yersinia
nc 004736,vibrio cholerae,NCBI_HR,1,0.126804636326366,0.316790723546788,-4.19321243141475,1,vibrio cholerae,vibrio
nc 004735,rhodothermus marinus,NCBI_HR,1,0.235363783541365,0.271242436263187,-21.9254521467722,1,rhodothermus marinus,rhodothermus
nc 003291,listeria monocytogenes,NCBI_HR,1,0.10574849996102,0.218978625309261,-3.30452395051513,1,listeria monocytogenes,listeria
nc 004679,staphylococcus aureus,NCBI_HR,1,0.152883075005866,0.259816686758772,-3.56593049262295,0,staphylococcus aureus,staphylococcus
nc 004678,staphylococcus aureus,NCBI_HR,1,0.15727150561992,0.266307974906909,-3.26710788567633,0,staphylococcus aureus,staphylococcus
nc 004665,pseudomonas putida,NCBI_HR,1,0.24805919530489,0.297195733846622,-4.1081398215229,0,pseudomonas putida,pseudomonas
nc 000866,escherichia coli,NCBI_HR,1,0.15193226006399,0.255212548851007,-15.472007752645,1,escherichia coli,escherichia
nc 004617,staphylococcus aureus,NCBI_HR,1,0.131642364445979,0.232911752564136,0.581656928937086,1,staphylococcus aureus,staphylococcus
nc 004616,staphylococcus aureus,NCBI_HR,1,0.130298402834166,0.207315720541798,0.456858318263627,1,staphylococcus aureus,staphylococcus
nc 004615,staphylococcus aureus,NCBI_HR,1,0.16365974008552,0.247597834400914,1.60627636143754,1,staphylococcus aureus,staphylococcus
nc 004456,vibrio harveyi,NCBI_HR,1,0.119527718658685,0.22094642385082,5.72940247952466,0,vibrio harveyi,vibrio
nc 003907,vibrio parahaemolyticus,NCBI_HR,1,0.391857751016682,0.36946204992508,4.20435662492606,0,vibrio parahaemolyticus,vibrio
nc 003327,vibrio cholerae,NCBI_HR,1,0.161119029151335,0.33599672524219,-3.84091618259068,1,vibrio cholerae,vibrio
nc 004348,salmonella enterica,NCBI_HR,1,0.110198152103329,0.197440935176358,-4.44293185403856,1,salmonella enterica,salmonella
nc 004313,salmonella enterica,NCBI_HR,1,0.0719742501445845,0.128130169620311,-0.951254730781379,1,salmonella enterica,salmonella
nc 004303,streptococcus thermophilus,NCBI_HR,1,0.131204889431165,0.223698725473838,-0.932603547821692,1,streptococcus thermophilus,streptococcus
nc 004306,vibrio cholerae,NCBI_HR,1,0.165005278543676,0.331563384803212,-4.14095826191432,1,vibrio cholerae,vibrio
nc 003216,listeria monocytogenes,NCBI_HR,1,0.0958031953335175,0.181937805045384,-1.92275576934933,1,listeria monocytogenes,listeria
nc 003085,myxococcus xanthus,NCBI_HR,1,0.0574223309683,0.133765343535333,-1.22125875408157,1,myxococcus xanthus,myxococcus
nc 002796,lactococcus lactis,NCBI_HR,1,0.0871440561032783,0.191621099107133,-0.0232610325255251,1,lactococcus lactis,lactococcus
nc 001900,mycobacterium tuberculosis,NCBI_HR,1,0.173002549934385,0.195499778529959,-2.12374357603454,1,mycobacterium tuberculosis,mycobacterium
nc 001895,escherichia coli,NCBI_HR,1,0.0587747831178569,0.146314068331021,-0.602219372157386,1,escherichia coli,escherichia
nc 001890,escherichia coli,NCBI_HR,1,0.386924575416007,0.456316608556623,-2.2294839067002,0,escherichia coli,escherichia
nc 001884,bacillus subtilis,NCBI_HR,1,0.134659920924689,0.189403334120172,-8.87227302314486,1,bacillus subtilis,bacillus
nc 001835,lactococcus lactis,NCBI_HR,1,0.132136206635896,0.260896911229294,-0.486169971871504,0,lactococcus lactis,lactococcus
nc 001741,chlamydia psittaci,NCBI_HR,1,0.185021626656423,0.348394197119475,-2.62275329657927,0,chlamydia psittaci,chlamydia
nc 001706,lactococcus lactis,NCBI_HR,1,0.183221278113907,0.314374598562838,1.30891602514951,0,lactococcus lactis,lactococcus
nc 001697,haemophilus influenzae,NCBI_HR,1,0.02595185774992,0.114566278321024,1.85746061812052,1,haemophilus influenzae,haemophilus
nc 001628,pseudomonas aeruginosa,NCBI_HR,1,0.34118761598422,0.451153701876724,-12.2561894639628,0,pseudomonas aeruginosa,pseudomonas
nc 001609,escherichia coli,NCBI_HR,1,0.0944127312253291,0.237015634910183,-1.24356815502187,0,escherichia coli,escherichia
nc 001604,escherichia coli,NCBI_HR,1,0.530013475236162,0.465542421556081,-2.37168117700948,0,escherichia coli,escherichia
nc 001447,acholeplasma laidlawii,NCBI_HR,1,0.106023672272109,0.266705794458242,0.0384936893491563,1,acholeplasma laidlawii,acholeplasma
nc 001426,escherichia coli,NCBI_HR,1,0.3460582722597,0.456716395633669,-2.90543514013614,0,escherichia coli,escherichia
nc 001416,escherichia coli,NCBI_HR,1,0.0498422104445541,0.120838806355766,-0.912671348359794,1,escherichia coli,escherichia
nc 002014,escherichia coli,NCBI_HR,1,0.158859679209513,0.320064970474933,-10.2212300365999,0,escherichia coli,escherichia
nc 001396,xanthomonas campestris,NCBI_HR,1,0.0646625940022447,0.258755567682626,-5.27921256904924,1,xanthomonas campestris,xanthomonas
nc 001365,spiroplasma citri,NCBI_HR,1,0.112294223473435,0.268651658938694,-2.66858589450861,1,spiroplasma citri,spiroplasma
nc 001341,acholeplasma laidlawii,NCBI_HR,1,0.344440390675966,0.433348834188072,1.36741051915494,0,acholeplasma laidlawii,acholeplasma
nc 001332,escherichia coli,NCBI_HR,1,0.153096702172421,0.302633277415466,-8.0509548438295,0,escherichia coli,escherichia
nc 001331,pseudomonas aeruginosa,NCBI_HR,1,0.173388139896431,0.298465904643723,-4.98841526400589,1,pseudomonas aeruginosa,pseudomonas
nc 001330,escherichia coli,NCBI_HR,1,0.257662895132538,0.368157539687189,-5.59216044680931,0,escherichia coli,escherichia
nc 001909,lactococcus lactis,NCBI_HR,1,0.122976755591728,0.245821821921126,-0.652858581872266,0,lactococcus lactis,lactococcus
nc 001954,escherichia coli,NCBI_HR,1,0.110472499007678,0.271225774126803,-7.06328828408436,1,escherichia coli,escherichia
nc 002747,lactococcus lactis,NCBI_HR,1,0.0399824415247246,0.157147641138371,0.380310061577269,1,lactococcus lactis,lactococcus
nc 001956,vibrio cholerae,NCBI_HR,1,0.109722079186948,0.290235505923003,-3.03702687709238,1,vibrio cholerae,vibrio
nc 002730,escherichia coli,NCBI_HR,1,0.0671034968199548,0.152396896107019,-4.08267906419606,1,escherichia coli,escherichia
nc 002703,lactococcus lactis,NCBI_HR,1,0.0512157026122667,0.169616072421535,1.22373080830403,1,lactococcus lactis,lactococcus
nc 002671,lactococcus lactis,NCBI_HR,1,0.0825878431006472,0.261717538369288,-1.95907078453705,1,lactococcus lactis,lactococcus
nc 002669,lactococcus lactis,NCBI_HR,1,0.148793239494,0.311714147616491,0.878040461257775,1,lactococcus lactis,lactococcus
nc 002668,lactococcus lactis,NCBI_HR,1,0.0572230149537146,0.170245579530414,0.6807708493779,1,lactococcus lactis,lactococcus
nc 002667,lactococcus lactis,NCBI_HR,1,0.083933957477706,0.174996827169605,0.324805143909153,1,lactococcus lactis,lactococcus
nc 002666,lactococcus lactis,NCBI_HR,1,0.0467397955971853,0.161362005291297,0.189548503410755,1,lactococcus lactis,lactococcus
nc 002670,lactococcus lactis,NCBI_HR,1,0.056947923148807,0.256807305384114,-0.759681679681329,1,lactococcus lactis,lactococcus
nc 002643,bdellovibrio bacteriovorus,NCBI_HR,1,0.26525308825066,0.404818599270273,-4.5418881177923,0,bdellovibrio bacteriovorus,bdellovibrio
nc 002180,chlamydophila pneumoniae,NCBI_HR,1,0.0853698171631841,0.303908959158198,0.0723715678287178,1,chlamydophila pneumoniae,chlamydophila
nc 002486,staphylococcus aureus,NCBI_HR,1,0.130256219159864,0.233586867630433,0.585205955828727,1,staphylococcus aureus,staphylococcus
nc 002363,vibrio parahaemolyticus,NCBI_HR,1,0.138081646201536,0.315344311966628,1.9201907067092,0,vibrio parahaemolyticus,vibrio
nc 002362,vibrio parahaemolyticus,NCBI_HR,1,0.106119963117509,0.305809344303178,-0.153676331393079,1,vibrio parahaemolyticus,vibrio
nc 002321,staphylococcus aureus,NCBI_HR,1,0.111592545484813,0.221736111683404,0.664186263166549,1,staphylococcus aureus,staphylococcus
nc 002185,streptococcus thermophilus,NCBI_HR,1,0.112201888986982,0.225529564367135,-0.466544206706523,1,streptococcus thermophilus,streptococcus
nc 002167,escherichia coli,NCBI_HR,1,0.0472816775796968,0.136083218205139,-0.98434252707235,1,escherichia coli,escherichia
nc 001271,yersinia enterocolitica,NCBI_HR,1,0.435257168924099,0.414625555844405,3.35977606651706,0,yersinia enterocolitica,yersinia
nc 000929,escherichia coli,NCBI_HR,1,0.0670388812030916,0.13203441728295,1.28449727300101,0,escherichia coli,escherichia
nc 000902,escherichia coli,NCBI_HR,1,0.0640317851470897,0.122347140981428,-0.857377110330837,1,escherichia coli,escherichia
nc 000896,lactobacillus gasseri,NCBI_HR,1,0.0705140890286178,0.180466033449616,0.596422651377388,1,lactobacillus gasseri,lactobacillus
nc 000872,streptococcus thermophilus,NCBI_HR,1,0.112291304143568,0.222558579817448,-1.62780719383365,1,streptococcus thermophilus,streptococcus
nc 000871,streptococcus thermophilus,NCBI_HR,1,0.124944868521358,0.233393536095019,-0.919759330740106,1,streptococcus thermophilus,streptococcus
nc 001998,chlamydia psittaci,NCBI_HR,1,0.0857369220105729,0.304079412110568,1.85974852919139,0,chlamydia psittaci,chlamydia
nc 014036,klebsiella pneumoniae,NCBI_HR,1,0.174941134648562,0.259399708851642,-15.6657709694407,0,klebsiella pneumoniae,klebsiella
nc 014229,streptomyces avermitilis,NCBI_HR,1,0.175033996483497,0.273568107604297,-4.46264276714416,0,streptomyces avermitilis,streptomyces
nc 014260,escherichia coli,NCBI_HR,1,0.236270366025283,0.300424204631803,-11.1798069779965,0,escherichia coli,escherichia
nc 022335,propionibacterium acnes,NCBI_HR,1,0.250197016068856,0.347403379614936,-5.76436723440898,1,propionibacterium acnes,propionibacterium
nc 022752,salmonella enteritidis,NCBI_HR,1,0.145814339387408,0.236114112326998,-2.38905560794901,0,salmonella enteritidis,salmonella
nc 022751,phormidium foveolarum,NCBI_HR,1,0.604315562208496,0.519434720141211,-4.60394645715207,0,phormidium foveolarum,phormidium
nc 022750,escherichia coli,NCBI_HR,1,0.0547252252876331,0.137205710508783,1.13574046360297,1,escherichia coli,escherichia
nc 022749,shigella flexneri,NCBI_HR,1,0.05030176340715,0.120186915647208,-0.592747614132961,1,shigella flexneri,shigella
nc 022747,vibrio cholerae,NCBI_HR,1,0.0272564825457298,0.120132447161293,1.21945957018325,1,vibrio cholerae,vibrio
nc 022746,pseudomonas aeruginosa,NCBI_HR,1,0.160632670512798,0.212213759136553,-4.20121700523263,0,pseudomonas aeruginosa,pseudomonas
nc 022342,propionibacterium acnes,NCBI_HR,1,0.243000493321108,0.347957948832756,-5.69708999136248,1,propionibacterium acnes,propionibacterium
nc 022341,propionibacterium acnes,NCBI_HR,1,0.2640535997971,0.351161613242136,-5.93201632714345,1,propionibacterium acnes,propionibacterium
nc 022340,propionibacterium acnes,NCBI_HR,1,0.268414862098334,0.355008921944567,-5.82277505197691,1,propionibacterium acnes,propionibacterium
nc 022338,propionibacterium acnes,NCBI_HR,1,0.269259117864262,0.353990014845033,-5.97898080464704,1,propionibacterium acnes,propionibacterium
nc 022337,propionibacterium acnes,NCBI_HR,1,0.249256191342126,0.348523011054907,-6.10657100660611,0,propionibacterium acnes,propionibacterium
nc 022336,propionibacterium acnes,NCBI_HR,1,0.26250724758507,0.351322744809894,-6.04125769198396,1,propionibacterium acnes,propionibacterium
nc 022334,propionibacterium acnes,NCBI_HR,1,0.242420220586695,0.339912742663042,-5.54488890170516,0,propionibacterium acnes,propionibacterium
nc 021805,cellulophaga baltica,NCBI_HR,1,0.289358595370061,0.401097485252145,-0.65815851134559,0,cellulophaga baltica,cellulophaga
nc 022323,escherichia coli,NCBI_HR,1,0.31651159337339,0.308072845381157,-7.19871974259105,0,escherichia coli,escherichia
nc 021773,staphylococcus aureus,NCBI_HR,1,0.115811040705796,0.225960308998653,0.42896810823445,1,staphylococcus aureus,staphylococcus
nc 022096,pseudomonas aeruginosa,NCBI_HR,1,0.109666493133212,0.176220426886596,-10.6644968171869,1,pseudomonas aeruginosa,pseudomonas
nc 022094,bacillus anthracis,NCBI_HR,1,0.142785376726627,0.291972141407073,1.51732059874511,0,bacillus anthracis,bacillus
nc 022091,pseudomonas aeruginosa,NCBI_HR,1,0.158320602472149,0.211725932849515,-4.34188220364953,0,pseudomonas aeruginosa,pseudomonas
nc 021865,paenibacillus larvae,NCBI_HR,1,0.0565901969201915,0.179324516708464,-3.37331296839029,1,paenibacillus larvae,paenibacillus
nc 021863,staphylococcus aureus,NCBI_HR,1,0.180245931962656,0.26606249625809,2.5286478109688,1,staphylococcus aureus,staphylococcus
nc 021861,lactococcus lactis,NCBI_HR,1,0.0514995035457325,0.168184292911032,0.990215366967746,1,lactococcus lactis,lactococcus
nc 022754,salmonella enteritidis,NCBI_HR,1,0.147626045273228,0.242939063380273,-2.27635547733751,0,salmonella enteritidis,salmonella
nc 022756,lactobacillus paracasei,NCBI_HR,1,0.0621281026121607,0.153214192546687,-1.8514550240132,1,lactobacillus paracasei,lactobacillus
nc 022757,lactobacillus paracasei,NCBI_HR,1,0.0684789879202619,0.160323570139451,-1.73779201712406,1,lactobacillus paracasei,lactobacillus
nc 023500,staphylococcus aureus,NCBI_HR,1,0.169288152405706,0.262792109618874,2.24488842700831,1,staphylococcus aureus,staphylococcus
nc 023499,staphylococcus aureus,NCBI_HR,1,0.10773659848508,0.206376879762392,0.193392171268606,1,staphylococcus aureus,staphylococcus
nc 022764,bacillus megaterium,NCBI_HR,1,0.118074341911626,0.225471815397612,2.43097399851006,0,bacillus megaterium,bacillus
nc 022762,lactobacillus delbrueckii,NCBI_HR,1,0.192083316778108,0.299506672535739,-8.11391131938005,1,lactobacillus delbrueckii,lactobacillus
nc 022773,bacillus pumilus,NCBI_HR,1,0.232941502335248,0.311475462941273,0.3764756560698,0,bacillus pumilus,bacillus
nc 022772,salmonella enteritidis,NCBI_HR,1,0.243638970118824,0.259999366285846,-6.58981261608931,0,salmonella enteritidis,salmonella
nc 022770,bacillus megaterium,NCBI_HR,1,0.114246438882156,0.220793845639797,2.42397599858099,0,bacillus megaterium,bacillus
nc 022767,bacillus megaterium,NCBI_HR,1,0.150192540202257,0.225338882891991,-2.92890793957827,0,bacillus megaterium,bacillus
nc 022766,bacillus pumilus,NCBI_HR,1,0.262278824719936,0.330651307026595,0.197662217292454,0,bacillus pumilus,bacillus
nc 022765,bacillus pumilus,NCBI_HR,1,0.23841970081088,0.312084513640606,-0.396526008558467,0,bacillus pumilus,bacillus
nc 012223,escherichia coli,NCBI_HR,1,0.0810673240485488,0.184864042438833,3.89673263356308,0,escherichia coli,escherichia
nc 022989,lactobacillus delbrueckii,NCBI_HR,1,0.181504467716592,0.301980581343484,-8.46358906934019,1,lactobacillus delbrueckii,lactobacillus
nc 015294,pseudomonas aeruginosa,NCBI_HR,1,0.258430443796008,0.36144786920637,-16.9819313312691,0,pseudomonas aeruginosa,pseudomonas
nc 022986,pseudomonas aeruginosa,NCBI_HR,1,0.255731893542128,0.358565404074284,-17.2124874414136,0,pseudomonas aeruginosa,pseudomonas
nc 022974,pseudomonas aeruginosa,NCBI_HR,1,0.288083449301822,0.288233553957859,-11.8517082341231,1,pseudomonas aeruginosa,pseudomonas
nc 022971,pseudomonas aeruginosa,NCBI_HR,1,0.412443206248332,0.374198990721517,-14.1531161993177,0,pseudomonas aeruginosa,pseudomonas
nc 022970,pseudomonas aeruginosa,NCBI_HR,1,0.285913232304885,0.285485919450827,-11.6527090117777,1,pseudomonas aeruginosa,pseudomonas
nc 022968,escherichia coli,NCBI_HR,1,0.268774176376738,0.265323991959905,-4.43710500780686,0,escherichia coli,escherichia
nc 022967,pseudomonas aeruginosa,NCBI_HR,1,0.257193520401859,0.36007260823105,-17.1917050072423,1,pseudomonas aeruginosa,pseudomonas
nc 022966,pseudomonas aeruginosa,NCBI_HR,1,0.287197112410186,0.287796459654999,-11.7500985675001,1,pseudomonas aeruginosa,pseudomonas
nc 022917,ralstonia solanacearum,NCBI_HR,1,0.137875850207726,0.209322453373931,-5.83442190740463,0,ralstonia solanacearum,ralstonia
nc 022916,burkholderia cenocepacia,NCBI_HR,1,0.118044977011997,0.206806186750869,-6.1248577832069,0,burkholderia cenocepacia,burkholderia
nc 022915,ralstonia solanacearum,NCBI_HR,1,0.0353486245929674,0.123899636685439,-7.27595158560488,0,ralstonia solanacearum,ralstonia
nc 022914,staphylococcus saprophyticus,NCBI_HR,1,0.164503538872152,0.247992479631682,1.00745137715919,1,staphylococcus saprophyticus,staphylococcus
nc 022776,streptococcus thermophilus,NCBI_HR,1,0.129556046666483,0.235806732138724,-0.215879999946502,1,streptococcus thermophilus,streptococcus
nc 021806,cellulophaga baltica,NCBI_HR,1,0.296815672940582,0.300811569093323,-5.07575501415403,0,cellulophaga baltica,cellulophaga
nc 021804,cellulophaga baltica,NCBI_HR,1,0.122512144025044,0.227232184334305,-3.34929435960659,0,cellulophaga baltica,cellulophaga
nc 021318,mycobacterium tuberculosis,NCBI_HR,1,0.180275757874195,0.19844661824401,-2.05374150060379,1,mycobacterium tuberculosis,mycobacterium
nc 021343,burkholderia pseudomallei,NCBI_HR,1,0.032327451511372,0.101255962626968,-5.6777159718928,0,burkholderia pseudomallei,burkholderia
nc 021339,streptomyces lividans,NCBI_HR,1,0.0607137217823693,0.122687311075444,-6.48987997180708,1,streptomyces lividans,streptomyces
nc 021338,mycobacterium tuberculosis,NCBI_HR,1,0.182411480855921,0.20148837370347,-1.97507191169407,1,mycobacterium tuberculosis,mycobacterium
nc 021336,bacillus weihenstephanensis,NCBI_HR,1,0.240885389069721,0.280112592461143,-4.7466639933654,0,bacillus weihenstephanensis,bacillus
nc 021332,staphylococcus aureus,NCBI_HR,1,0.185943428891039,0.258513372705211,2.70810761766718,1,staphylococcus aureus,staphylococcus
nc 021331,shigella flexneri,NCBI_HR,1,0.0776806943039969,0.172435446768065,-6.86684972496033,0,shigella flexneri,shigella
nc 021326,staphylococcus aureus,NCBI_HR,1,0.170792081277216,0.259503248005926,1.57299277582716,1,staphylococcus aureus,staphylococcus
nc 021325,clostridium perfringens,NCBI_HR,1,0.0684532274823555,0.155986467566424,-0.437334756428836,1,clostridium perfringens,clostridium
nc 021323,staphylococcus aureus,NCBI_HR,1,0.124441671897692,0.206558640929257,0.450088974871477,1,staphylococcus aureus,staphylococcus
nc 021317,salmonella gallinarum,NCBI_HR,1,0.174076230677343,0.293481134171122,-2.12342980305146,0,salmonella gallinarum,salmonella
nc 021803,cellulophaga baltica,NCBI_HR,1,0.124028192707114,0.19497993148749,-1.80781350900303,0,cellulophaga baltica,cellulophaga
nc 021316,acinetobacter baumannii,NCBI_HR,1,0.455524760208833,0.404432477267731,0.188637789193251,0,acinetobacter baumannii,acinetobacter
nc 021304,streptomyces lividans,NCBI_HR,1,0.0616566690498489,0.12496684372121,-6.45680390605482,1,streptomyces lividans,streptomyces
nc 021298,streptomyces lividans,NCBI_HR,1,0.0637900834553103,0.125176562936888,-6.36681831835519,1,streptomyces lividans,streptomyces
nc 018850,pseudomonas fluorescens,NCBI_HR,1,0.319030504233138,0.346666419389922,-8.84659629849581,0,pseudomonas fluorescens,pseudomonas
nc 019933,xanthomonas citri,NCBI_HR,1,0.343198717001736,0.382033869458855,-11.3330953926778,1,xanthomonas citri,xanthomonas
nc 021073,vibrio splendidus,NCBI_HR,1,0.199847573615989,0.236239786513535,-3.1421492337607,0,vibrio splendidus,vibrio
nc 021070,vibrio splendidus,NCBI_HR,1,0.0650351334950249,0.15671921073153,1.63311794962929,0,vibrio splendidus,vibrio
nc 021068,vibrio fischeri,NCBI_HR,1,0.0687644452417403,0.1497418811908,0.610495871584348,0,vibrio fischeri,vibrio
nc 021067,vibrio splendidus,NCBI_HR,1,0.42762970912313,0.389796146342702,-6.53855777484998,0,vibrio splendidus,vibrio
nc 021062,pseudomonas fluorescens,NCBI_HR,1,0.269004402316866,0.311320511413172,-4.10479617060561,0,pseudomonas fluorescens,pseudomonas
nc 019419,escherichia coli,NCBI_HR,1,0.0789306719934745,0.187042537648429,4.00327515803406,0,escherichia coli,escherichia
nc 020883,bacillus subtilis,NCBI_HR,1,0.105660923333455,0.192584879469031,-2.22221563592136,1,bacillus subtilis,bacillus
nc 021344,escherichia coli,NCBI_HR,1,0.137105226311767,0.196321559078226,-7.27934367285792,0,escherichia coli,escherichia
nc 021532,alteromonas macleodii,NCBI_HR,1,0.186355415578019,0.219936652497176,-1.52299105820295,0,alteromonas macleodii,alteromonas
nc 021802,cellulophaga baltica,NCBI_HR,1,0.208594295108653,0.267383525980186,-3.14589773439915,0,cellulophaga baltica,cellulophaga
nc 021800,cellulophaga baltica,NCBI_HR,1,0.334252828202538,0.386330067207232,3.57522268908203,0,cellulophaga baltica,cellulophaga
nc 021799,cellulophaga baltica,NCBI_HR,1,0.22324303132049,0.271274977773328,-3.44177586635577,0,cellulophaga baltica,cellulophaga
nc 021798,cellulophaga baltica,NCBI_HR,1,0.204944227313971,0.216699381649932,-2.02996580318818,0,cellulophaga baltica,cellulophaga
nc 021797,cellulophaga baltica,NCBI_HR,1,0.287788078547671,0.40409013228443,0.124511744959925,0,cellulophaga baltica,cellulophaga
nc 021796,cellulophaga baltica,NCBI_HR,1,0.321045242263523,0.324993954388508,3.37425177614067,0,cellulophaga baltica,cellulophaga
nc 021795,cellulophaga baltica,NCBI_HR,1,0.200087456176707,0.319535019683497,1.79516575839078,0,cellulophaga baltica,cellulophaga
nc 021794,cellulophaga baltica,NCBI_HR,1,0.110191834829521,0.187797765981158,-1.79744754754441,0,cellulophaga baltica,cellulophaga
nc 021793,cellulophaga baltica,NCBI_HR,1,0.150753224433598,0.284009487226147,-5.96796456302866,0,cellulophaga baltica,cellulophaga
nc 021792,cellulophaga baltica,NCBI_HR,1,0.116053614422515,0.189271629751723,-1.98545539170027,0,cellulophaga baltica,cellulophaga
nc 021791,cellulophaga baltica,NCBI_HR,1,0.201959466711713,0.319925341289049,1.90579374582918,0,cellulophaga baltica,cellulophaga
nc 021790,cellulophaga baltica,NCBI_HR,1,0.20415826299354,0.322107706451716,1.83434362586171,0,cellulophaga baltica,cellulophaga
nc 021789,cellulophaga baltica,NCBI_HR,1,0.121447230389942,0.192019912870275,-2.13369870263301,0,cellulophaga baltica,cellulophaga
nc 021788,cellulophaga baltica,NCBI_HR,1,0.20565494269783,0.216618095670061,-2.00901384416246,0,cellulophaga baltica,cellulophaga
nc 021867,flavobacterium psychrophilum,NCBI_HR,1,0.0298649086941967,0.122321818726146,-0.927496659715693,1,flavobacterium psychrophilum,flavobacterium
nc 021866,ralstonia solanacearum,NCBI_HR,1,0.277347981094901,0.311117024667654,-5.52980406942267,1,ralstonia solanacearum,ralstonia
nc 021862,ralstonia solanacearum,NCBI_HR,1,0.0592846312687762,0.240034816662742,-5.14801970228102,1,ralstonia solanacearum,ralstonia
nc 021774,salmonella enterica,NCBI_HR,1,0.0502228932509407,0.147472083256152,0.871513908729604,1,salmonella enterica,salmonella
nc 021776,vibrio parahaemolyticus,NCBI_HR,1,0.347311915296017,0.362428844193146,-0.645846971677813,0,vibrio parahaemolyticus,vibrio
nc 021556,mycobacterium tuberculosis,NCBI_HR,1,0.111492636176092,0.191583875360602,1.20822090455384,0,mycobacterium tuberculosis,mycobacterium
nc 021560,rhizobium radiobacter,NCBI_HR,1,0.0110867267462161,0.075041536262947,-2.13706022061069,1,rhizobium radiobacter,rhizobium
nc 021559,prochlorococcus marinus,NCBI_HR,1,0.365377198209166,0.359386619946793,5.39132075288897,1,prochlorococcus marinus,prochlorococcus
nc 021558,paenibacillus glucanolyticus,NCBI_HR,1,0.11556060876182,0.238117033603056,-6.79183287292587,0,paenibacillus glucanolyticus,paenibacillus
nc 021557,rhizobium radiobacter,NCBI_HR,1,0.0181061079156552,0.0879085190758037,-1.02838650810229,1,rhizobium radiobacter,rhizobium
nc 021540,vibrio cholerae,NCBI_HR,1,0.421907400026574,0.406855265778145,-13.0086898162982,0,vibrio cholerae,vibrio
nc 023502,rhizobium leguminosarum,NCBI_HR,1,0.110731242142798,0.18021971220247,-1.86723597300789,0,rhizobium leguminosarum,rhizobium
nc 023548,citrobacter rodentium,NCBI_HR,1,0.57403979456442,0.484403387079151,-5.04128161100351,0,citrobacter rodentium,citrobacter
nc 023568,vibrio harveyi,NCBI_HR,1,0.125237711253205,0.184590710836484,-3.5963216001529,0,vibrio harveyi,vibrio
nc 024384,listeria monocytogenes,NCBI_HR,1,0.0900611958868098,0.185864340096163,-1.47632043361043,1,listeria monocytogenes,listeria
nc 025424,bacillus thuringiensis,NCBI_HR,1,0.0520230113134227,0.166874896987212,0.181021073991481,1,bacillus thuringiensis,bacillus
nc 024125,escherichia coli,NCBI_HR,1,0.153098135688835,0.254062235152409,-15.4952860062746,1,escherichia coli,escherichia
nc 024369,vibrio cholerae,NCBI_HR,1,0.0332280070249673,0.127987007476337,-1.49568784268888,1,vibrio cholerae,vibrio
nc 025115,ralstonia solanacearum,NCBI_HR,1,0.0376328202575876,0.102821411994944,-2.04501079022663,1,ralstonia solanacearum,ralstonia
nc 024794,escherichia coli,NCBI_HR,1,0.195554698753891,0.291822608454133,-13.0452391381029,1,escherichia coli,escherichia
nc 024791,vibrio cholerae,NCBI_HR,1,0.401003450091669,0.38920955446536,-4.76628816632648,0,vibrio cholerae,vibrio
nc 024790,escherichia coli,NCBI_HR,1,0.489028653686741,0.4132917055529,-7.42565172703274,0,escherichia coli,escherichia
nc 024783,escherichia coli,NCBI_HR,1,0.086793415714871,0.185076601534843,3.70491339248809,0,escherichia coli,escherichia
nc 024782,pseudomonas aeruginosa,NCBI_HR,1,0.0606061776887541,0.144907740322788,-2.37964702966273,1,pseudomonas aeruginosa,pseudomonas
nc 024392,listeria monocytogenes,NCBI_HR,1,0.338584483278462,0.315243097244536,-1.59552218253148,1,listeria monocytogenes,listeria
nc 024391,staphylococcus aureus,NCBI_HR,1,0.180672008523442,0.251692692021094,3.08617042354869,1,staphylococcus aureus,staphylococcus
nc 024387,listeria monocytogenes,NCBI_HR,1,0.0640793516666551,0.181778511840298,-2.57855389800495,1,listeria monocytogenes,listeria
nc 024379,escherichia coli,NCBI_HR,1,0.535179852981006,0.454314019530397,-0.843312250881382,0,escherichia coli,escherichia
nc 023575,pseudomonas aeruginosa,NCBI_HR,1,0.0539071568677313,0.166814701213075,-9.37047853637313,1,pseudomonas aeruginosa,pseudomonas
nc 024375,listeria monocytogenes,NCBI_HR,1,0.337159654408755,0.313180308310675,-1.77228919985494,1,listeria monocytogenes,listeria
nc 024367,dinoroseobacter shibae,NCBI_HR,1,0.221005487990502,0.276638587101691,-16.7551756643923,0,dinoroseobacter shibae,dinoroseobacter
nc 024362,pseudomonas syringae,NCBI_HR,1,0.263289159232348,0.308614093489438,-3.34086721272921,0,pseudomonas syringae,pseudomonas
nc 024356,enterococcus faecium,NCBI_HR,1,0.30051487703597,0.326609608348192,-2.97007250502374,0,enterococcus faecium,enterococcus
nc 024354,cronobacter sakazakii,NCBI_HR,1,0.347255263242357,0.32782220275921,-6.04119275071636,0,cronobacter sakazakii,cronobacter
nc 024365,pseudomonas syringae,NCBI_HR,1,0.0451197720177791,0.118614986772914,-2.14611802279271,1,pseudomonas syringae,pseudomonas
nc 024330,pseudomonas aeruginosa,NCBI_HR,1,0.0623302441913764,0.148293103982489,-2.32782171662961,1,pseudomonas aeruginosa,pseudomonas
nc 023863,vibrio anguillarum,NCBI_HR,1,0.502315902093882,0.441220856219838,-0.36142359985233,0,vibrio anguillarum,vibrio
nc 023595,enterococcus faecalis,NCBI_HR,1,0.252936435062784,0.281439014237771,-3.08223163705749,1,enterococcus faecalis,enterococcus
nc 024215,lactococcus lactis,NCBI_HR,1,0.311153659719027,0.338087013008464,-1.48238091977103,0,lactococcus lactis,lactococcus
nc 024214,lactococcus lactis,NCBI_HR,1,0.315767005161687,0.341008475528621,-1.66480458342588,0,lactococcus lactis,lactococcus
nc 025428,ruegeria pomeroyi,NCBI_HR,1,0.149100009671151,0.202577105946127,-0.0897572385835588,0,ruegeria pomeroyi,ruegeria
nc 025429,rhizobium leguminosarum,NCBI_HR,1,0.194359795946648,0.222647701001882,-10.9940514509144,0,rhizobium leguminosarum,rhizobium
nc 025431,mesorhizobium loti,NCBI_HR,1,0.190218872179197,0.233128285370334,-1.87346711556692,0,mesorhizobium loti,mesorhizobium
nc 025442,salmonella enterica,NCBI_HR,1,0.131965021010387,0.208746071402114,4.5445686040763,0,salmonella enterica,salmonella
nc 026016,staphylococcus aureus,NCBI_HR,1,0.123248246691692,0.216517687598954,0.125807671166122,1,staphylococcus aureus,staphylococcus
nc 026014,escherichia coli,NCBI_HR,1,0.0291276674670537,0.112298649148158,2.09997670901162,1,escherichia coli,escherichia
nc 025830,escherichia coli,NCBI_HR,1,0.271026455158841,0.281860468368764,-10.7264193276513,1,escherichia coli,escherichia
nc 025822,vibrio alginolyticus,NCBI_HR,1,0.365605264892231,0.364429763100723,-1.20896407376982,0,vibrio alginolyticus,vibrio
nc 025454,ralstonia solanacearum,NCBI_HR,1,0.0592458149714104,0.24795914165668,-7.49706010467716,1,ralstonia solanacearum,ralstonia
nc 025453,enterococcus faecalis,NCBI_HR,1,0.0894237330298728,0.190335886162915,-2.63363309794922,1,enterococcus faecalis,enterococcus
nc 025446,escherichia coli,NCBI_HR,1,0.17280152157532,0.214447537806171,-5.7383701164678,0,escherichia coli,escherichia
nc 025445,escherichia coli,NCBI_HR,1,0.285941852402058,0.313282558834007,4.91637250571068,0,escherichia coli,escherichia
nc 025441,escherichia coli,NCBI_HR,1,0.105816327739908,0.199893873572469,-4.57272466706748,0,escherichia coli,escherichia
nc 025437,shigella flexneri,NCBI_HR,1,0.190090328922408,0.291302853931219,-13.3311327036446,1,shigella flexneri,shigella
nc 025434,shigella flexneri,NCBI_HR,1,0.0604202143321321,0.119461766492163,-1.54266369203562,1,shigella flexneri,shigella
nc 025422,caulobacter crescentus,NCBI_HR,1,0.174900841526026,0.289181975635317,-29.3520737035266,0,caulobacter crescentus,caulobacter
nc 025417,staphylococcus xylosus,NCBI_HR,1,0.514643107525306,0.362854377263622,-2.64706120072825,0,staphylococcus xylosus,staphylococcus
nc 025460,staphylococcus aureus,NCBI_HR,1,0.122335212443724,0.221876218431147,0.513197077243866,1,staphylococcus aureus,staphylococcus
nc 025448,escherichia coli,NCBI_HR,1,0.154130670910937,0.25364806519686,-15.285053981024,1,escherichia coli,escherichia
nc 025425,escherichia coli,NCBI_HR,1,0.106999135937348,0.202358540194492,-10.2218973271189,0,escherichia coli,escherichia
nc 025419,escherichia coli,NCBI_HR,1,0.153859125867815,0.25307710390525,-15.3967200250192,1,escherichia coli,escherichia
nc 025467,enterococcus faecium,NCBI_HR,1,0.240272652460642,0.343738282755882,-5.39444366087917,0,enterococcus faecium,enterococcus
nc 025465,enterococcus faecalis,NCBI_HR,1,0.267372179637034,0.286980247205165,-3.03988104104447,1,enterococcus faecalis,enterococcus
nc 025462,acinetobacter baumannii,NCBI_HR,1,0.288601379688902,0.313442341616473,-1.69309133267748,0,acinetobacter baumannii,acinetobacter
nc 025459,aeromonas hydrophila,NCBI_HR,1,0.225046554796876,0.276035453866719,-8.72204151094094,0,aeromonas hydrophila,aeromonas
nc 025457,acinetobacter baumannii,NCBI_HR,1,0.451723797736401,0.409023603443678,2.20340811581939,0,acinetobacter baumannii,acinetobacter
nc 025449,escherichia coli,NCBI_HR,1,0.149528705438328,0.251155102472126,-15.359513513401,1,escherichia coli,escherichia
nc 025447,escherichia coli,NCBI_HR,1,0.330310835141935,0.347908457817234,-16.6564684163709,0,escherichia coli,escherichia
nc 025443,salmonella enterica,NCBI_HR,1,0.220922901652894,0.254317625275517,-9.05828169795478,0,salmonella enterica,salmonella
nc 024208,lactococcus lactis,NCBI_HR,1,0.315358283952851,0.340125946526653,-1.5035926635888,0,lactococcus lactis,lactococcus
nc 024203,lactococcus lactis,NCBI_HR,1,0.312954495306212,0.341595681300215,-1.46983638255256,0,lactococcus lactis,lactococcus
nc 023614,croceibacter atlanticus,NCBI_HR,1,0.447602174432642,0.442181112142537,5.02194542888307,0,croceibacter atlanticus,croceibacter
nc 023612,geobacillus kaustophilus,NCBI_HR,1,0.154243493501865,0.230948261315642,-8.7639449771079,0,geobacillus kaustophilus,geobacillus
nc 023605,vibrio alginolyticus,NCBI_HR,1,0.0657452924102283,0.17527985547374,-0.982078188574221,0,vibrio alginolyticus,vibrio
nc 023549,clavibacter michiganensis,NCBI_HR,1,0.197362888822023,0.249211184685162,-10.8562401435659,0,clavibacter michiganensis,clavibacter
nc 023599,bacillus thuringiensis,NCBI_HR,1,0.0652947647554164,0.185802511709322,0.211094566814204,1,bacillus thuringiensis,bacillus
nc 023593,escherichia coli,NCBI_HR,1,0.455830305784119,0.402794038304195,-8.40062024154489,0,escherichia coli,escherichia
nc 023591,mycobacterium abscessus,NCBI_HR,1,0.0490259172682344,0.0995014760193764,-1.53476933978483,0,mycobacterium abscessus,mycobacterium
nc 023590,acinetobacter baumannii,NCBI_HR,1,0.303582328377938,0.360518173252334,6.51230970773908,0,acinetobacter baumannii,acinetobacter
nc 023589,shigella boydii,NCBI_HR,1,0.461480544152975,0.402030977620694,-8.51291754769163,0,shigella boydii,shigella
nc 023581,acinetobacter baumannii,NCBI_HR,1,0.335819502919245,0.324299171913464,-1.19662512834784,0,acinetobacter baumannii,acinetobacter
nc 023579,erwinia amylovora,NCBI_HR,1,0.292674701925387,0.301459250215115,-6.56086556559538,0,erwinia amylovora,erwinia
nc 023570,acinetobacter baumannii,NCBI_HR,1,0.423393163244565,0.389468482709279,3.22290133007166,0,acinetobacter baumannii,acinetobacter
nc 023569,vibrio parahaemolyticus,NCBI_HR,1,0.171080821269854,0.211374228874981,0.732175648573552,0,vibrio parahaemolyticus,vibrio
nc 023561,enterobacter cloacae,NCBI_HR,1,0.219174774951289,0.291562625691985,-15.8360574047792,0,enterobacter cloacae,enterobacter
nc 023557,erwinia amylovora,NCBI_HR,1,0.227036794137149,0.235062352138056,-3.72109241253389,0,erwinia amylovora,erwinia
nc 023556,achromobacter xylosoxidans,NCBI_HR,1,0.226548336660428,0.255492825791899,-13.0005628911573,0,achromobacter xylosoxidans,achromobacter
nc 023555,edwardsiella ictaluri,NCBI_HR,1,0.152928812325573,0.216583713855138,-1.97906243514217,0,edwardsiella ictaluri,edwardsiella
nc 023610,erwinia amylovora,NCBI_HR,1,0.375205181134913,0.328944146657973,-1.26131487932376,0,erwinia amylovora,erwinia
nc 023608,salmonella enterica,NCBI_HR,1,0.145201997069817,0.237089976437156,-2.05056103353358,0,salmonella enterica,salmonella
nc 023583,pseudomonas aeruginosa,NCBI_HR,1,0.426097324658828,0.378399275461607,-14.1141408791261,0,pseudomonas aeruginosa,pseudomonas
nc 023576,citrobacter rodentium,NCBI_HR,1,0.565129102644185,0.477182131643094,-4.23126429022249,0,citrobacter rodentium,citrobacter
nc 023688,aeromonas salmonicida,NCBI_HR,1,0.23342592336566,0.307299800645592,-16.4820968663025,0,aeromonas salmonicida,aeromonas
nc 024212,enterococcus faecalis,NCBI_HR,1,0.343954456877052,0.380128396750766,2.32770701581929,1,enterococcus faecalis,enterococcus
nc 024204,salmonella enterica,NCBI_HR,1,0.142472468933279,0.238555832107147,-2.17434294894404,0,salmonella enterica,salmonella
nc 024149,lactococcus garvieae,NCBI_HR,1,0.229177026553606,0.314056745618364,-7.6486814384942,0,lactococcus garvieae,lactococcus
nc 024146,escherichia coli,NCBI_HR,1,0.194599623246657,0.296857440681799,-6.87601391417764,0,escherichia coli,escherichia
nc 024139,escherichia coli,NCBI_HR,1,0.330686672431868,0.328861290295863,-11.530159549239,0,escherichia coli,escherichia
nc 024134,escherichia coli,NCBI_HR,1,0.325826906263722,0.312167166485207,-7.16157591220288,0,escherichia coli,escherichia
nc 024121,serratia marcescens,NCBI_HR,1,0.244040276558901,0.29922811681895,-17.9557592762645,0,serratia marcescens,serratia
nc 021342,edwardsiella ictaluri,NCBI_HR,1,0.378143148258021,0.358269442887093,-4.84485791817029,0,edwardsiella ictaluri,edwardsiella
nc 022980,brevibacillus laterosporus,NCBI_HR,1,0.106071689762389,0.202354426392584,-2.22490827885165,1,brevibacillus laterosporus,brevibacillus
nc 022774,bacillus megaterium,NCBI_HR,1,0.145956195745224,0.221342404066609,-3.04298072268944,0,bacillus megaterium,bacillus
nc 022768,salmonella typhimurium,NCBI_HR,1,0.242360553169935,0.260552019347151,-6.60544760890797,0,salmonella typhimurium,salmonella
nc 023865,pectobacterium carotovorum,NCBI_HR,1,0.264731650990187,0.317827723719901,-6.84343533415267,0,pectobacterium carotovorum,pectobacterium
nc 023859,microbacterium oxydans,NCBI_HR,1,0.0853830313056413,0.181588576489897,-5.54688320498315,0,microbacterium oxydans,microbacterium
nc 023743,escherichia coli,NCBI_HR,1,0.173097646816141,0.245979811660062,-6.75175720242989,0,escherichia coli,escherichia
nc 023736,ralstonia solanacearum,NCBI_HR,1,0.284418213768458,0.295137872614751,-5.11625622822693,0,ralstonia solanacearum,ralstonia
nc 023719,bacillus megaterium,NCBI_HR,1,0.19090177012444,0.227776818900466,-8.34909884501139,0,bacillus megaterium,bacillus
nc 023717,cronobacter sakazakii,NCBI_HR,1,0.370657328730359,0.340309210166167,-6.31697493423762,0,cronobacter sakazakii,cronobacter
nc 023715,yersinia pestis,NCBI_HR,1,0.576394265258742,0.498951757418346,-0.536462418107121,0,yersinia pestis,yersinia
nc 023700,pseudomonas aeruginosa,NCBI_HR,1,0.0637752387142582,0.146784592888206,-1.71260535644306,1,pseudomonas aeruginosa,pseudomonas
nc 020877,staphylococcus aureus,NCBI_HR,1,0.603463633822844,0.433137477030833,-2.87959421298014,1,staphylococcus aureus,staphylococcus
nc 020878,prochlorococcus marinus,NCBI_HR,1,0.372303089846387,0.370353689052422,8.21067621544132,1,prochlorococcus marinus,prochlorococcus
nc 014467,escherichia coli,NCBI_HR,1,0.132207934378975,0.189783818678379,-7.24935570843679,0,escherichia coli,escherichia
nc 017974,cronobacter sakazakii,NCBI_HR,1,0.346643359123986,0.326821584047901,-5.92558142065846,0,cronobacter sakazakii,cronobacter
nc 018273,leuconostoc mesenteroides,NCBI_HR,1,0.131735843167568,0.278638921225571,-1.30109505550958,0,leuconostoc mesenteroides,leuconostoc
nc 018270,weissella cibaria,NCBI_HR,1,0.147396135430968,0.284651759146511,-1.24233541935759,0,weissella cibaria,weissella
nc 018277,staphylococcus pasteuri,NCBI_HR,1,0.127032248699795,0.233032359695329,3.99472823945794,0,staphylococcus pasteuri,staphylococcus
nc 018285,streptococcus salivarius,NCBI_HR,1,0.133667396292474,0.238761160007669,1.10576463468266,1,streptococcus salivarius,streptococcus
nc 018086,enterococcus faecalis,NCBI_HR,1,0.329751605977544,0.373032394134737,2.76874488134931,1,enterococcus faecalis,enterococcus
nc 018085,bacillus thuringiensis,NCBI_HR,1,0.0631073215902088,0.175085464030097,-0.0473205352493267,1,bacillus thuringiensis,bacillus
nc 018084,clostridium perfringens,NCBI_HR,1,0.434871169445388,0.415111179112345,5.96493978258507,1,clostridium perfringens,clostridium
nc 018083,clostridium perfringens,NCBI_HR,1,0.441354512982673,0.41714509971185,5.97354802758478,1,clostridium perfringens,clostridium
nc 017981,xanthomonas vesicatoria,NCBI_HR,1,0.113775002059516,0.238588129803077,-11.8117681358641,0,xanthomonas vesicatoria,xanthomonas
nc 017976,bacillus cereus,NCBI_HR,1,0.410909439326443,0.396418208808013,6.41052899361662,0,bacillus cereus,bacillus
nc 017972,pseudomonas putida,NCBI_HR,1,0.175537934129903,0.230511517193425,-10.6407207475516,0,pseudomonas putida,pseudomonas
nc 016762,pseudomonas aeruginosa,NCBI_HR,1,0.0181741294187259,0.0910507796253676,-4.33262901341509,1,pseudomonas aeruginosa,pseudomonas
nc 017984,acinetobacter baumannii,NCBI_HR,1,0.0656880775772082,0.171666377790391,-1.21938606679144,1,acinetobacter baumannii,acinetobacter
nc 017978,clostridium perfringens,NCBI_HR,1,0.0710068482346214,0.170446845653276,-1.03567278506823,1,clostridium perfringens,clostridium
nc 017969,escherichia coli,NCBI_HR,1,0.346191891962735,0.335175163071289,-11.8252262204471,0,escherichia coli,escherichia
nc 017968,staphylococcus aureus,NCBI_HR,1,0.157047015792089,0.241919647410659,1.14543444854762,1,staphylococcus aureus,staphylococcus
nc 017864,pseudomonas aeruginosa,NCBI_HR,1,0.290249212214033,0.353502137796631,-12.6776086350549,0,pseudomonas aeruginosa,pseudomonas
nc 017865,pseudomonas aeruginosa,NCBI_HR,1,0.169831725925834,0.218412125193944,-4.20960752375068,0,pseudomonas aeruginosa,pseudomonas
nc 017732,enterococcus faecalis,NCBI_HR,1,0.0845200187193956,0.216202406632684,-5.0236061738364,0,enterococcus faecalis,enterococcus
nc 017688,lactococcus lactis,NCBI_HR,1,0.115638781393862,0.247998031951639,-0.886334375079684,0,lactococcus lactis,lactococcus
nc 016763,salmonella enterica,NCBI_HR,1,0.129748341303627,0.231612584272469,-2.32137540138127,0,salmonella enterica,salmonella
nc 016770,bacteroides fragilis,NCBI_HR,1,0.180405843942,0.265414519699647,-4.44093128049181,1,bacteroides fragilis,bacteroides
nc 016767,erwinia pyrifoliae,NCBI_HR,1,0.172756213667775,0.234942037671667,9.36687980670681,0,erwinia pyrifoliae,erwinia
nc 018274,pseudomonas aeruginosa,NCBI_HR,1,0.0628262595067658,0.140323303270368,-2.28187521069353,1,pseudomonas aeruginosa,pseudomonas
nc 018276,croceibacter atlanticus,NCBI_HR,1,0.222519205780693,0.323386365601145,7.95335325607346,0,croceibacter atlanticus,croceibacter
nc 018278,burkholderia cenocepacia,NCBI_HR,1,0.147301874587122,0.246126011097481,-12.2073647829613,0,burkholderia cenocepacia,burkholderia
nc 018859,escherichia coli,NCBI_HR,1,0.442644044817049,0.391551273517046,-8.35043892203586,0,escherichia coli,escherichia
nc 018855,escherichia coli,NCBI_HR,1,0.197213098871027,0.29497131977449,-13.1824736340494,1,escherichia coli,escherichia
nc 018854,escherichia coli,NCBI_HR,1,0.485851833420197,0.413150551106199,-8.04046858237943,0,escherichia coli,escherichia
nc 018853,streptomyces avermitilis,NCBI_HR,1,0.145868357253033,0.280732318846094,-6.06764408531578,0,streptomyces avermitilis,streptomyces
nc 018852,propionibacterium acnes,NCBI_HR,1,0.245781247891371,0.342892199105622,-6.26596001540188,1,propionibacterium acnes,propionibacterium
nc 018851,propionibacterium acnes,NCBI_HR,1,0.258271469974782,0.352378042412281,-6.03007505359225,1,propionibacterium acnes,propionibacterium
nc 018849,propionibacterium acnes,NCBI_HR,1,0.27304203489681,0.360250734678531,-5.85353511972005,1,propionibacterium acnes,propionibacterium
nc 018848,streptomyces venezuelae,NCBI_HR,1,0.0704060740489902,0.142952806385291,0.226456999712241,1,streptomyces venezuelae,streptomyces
nc 018847,propionibacterium acnes,NCBI_HR,1,0.261309007176566,0.353066724706173,-6.0232990676863,1,propionibacterium acnes,propionibacterium
nc 018846,escherichia coli,NCBI_HR,1,0.0615345244168679,0.123619260238336,-0.540501465127086,1,escherichia coli,escherichia
nc 018845,propionibacterium acnes,NCBI_HR,1,0.262273782444518,0.35019487085604,-6.04608793724436,1,propionibacterium acnes,propionibacterium
nc 018843,salmonella enterica,NCBI_HR,1,0.148472533098743,0.182981691209299,-0.861179391035961,0,salmonella enterica,salmonella
nc 018842,propionibacterium acnes,NCBI_HR,1,0.241780396061025,0.347362812237494,-5.66304371506841,1,propionibacterium acnes,propionibacterium
nc 018841,propionibacterium acnes,NCBI_HR,1,0.273410666150662,0.357597006123276,-5.8925175448921,1,propionibacterium acnes,propionibacterium
nc 018840,propionibacterium acnes,NCBI_HR,1,0.258696575409463,0.35390853795458,-5.95861050684475,1,propionibacterium acnes,propionibacterium
nc 018839,propionibacterium acnes,NCBI_HR,1,0.24789256471961,0.34786065886717,-5.94603381940344,1,propionibacterium acnes,propionibacterium
nc 018838,propionibacterium acnes,NCBI_HR,1,0.259796472674037,0.352606251116698,-6.19635276419963,1,propionibacterium acnes,propionibacterium
nc 018836,streptomyces coelicolor,NCBI_HR,1,0.0501272164431334,0.108346243551732,-4.28461474627493,0,streptomyces coelicolor,streptomyces
nc 018835,escherichia coli,NCBI_HR,1,0.446477320085919,0.397876622332213,-8.72155058461537,0,escherichia coli,escherichia
nc 018834,propionibacterium acnes,NCBI_HR,1,0.248246773018268,0.351129223780513,-5.90659503823243,0,propionibacterium acnes,propionibacterium
nc 018832,providencia stuartii,NCBI_HR,1,0.189891207259089,0.277203484246498,8.0500770831459,0,providencia stuartii,providencia
nc 017971,pseudomonas putida,NCBI_HR,1,0.230455603530198,0.287589874447104,-8.32223408656091,0,pseudomonas putida,pseudomonas
nc 018452,burkholderia cepacia,NCBI_HR,1,0.0258678468632664,0.0812569901135985,-0.495644399404384,1,burkholderia cepacia,burkholderia
nc 018283,burkholderia cenocepacia,NCBI_HR,1,0.027798502238299,0.0856480864733891,-5.49968924763174,0,burkholderia cenocepacia,burkholderia
nc 018282,pseudomonas aeruginosa,NCBI_HR,1,0.247733959558686,0.288890490660772,-2.19674620226469,0,pseudomonas aeruginosa,pseudomonas
nc 016765,pseudomonas aeruginosa,NCBI_HR,1,0.0488519962334047,0.154993219494363,-9.01272295189298,1,pseudomonas aeruginosa,pseudomonas
nc 006940,salmonella enterica,NCBI_HR,1,0.148218436039862,0.246838309711594,-1.88655343865506,0,salmonella enterica,salmonella
nc 020874,prochlorococcus marinus,NCBI_HR,1,0.278595661613775,0.315452222683188,6.60115082619104,1,prochlorococcus marinus,prochlorococcus
nc 015249,escherichia coli,NCBI_HR,1,0.492022814977476,0.448602232822776,-2.03855279468891,0,escherichia coli,escherichia
nc 015456,shigella flexneri,NCBI_HR,1,0.0973597430080396,0.204204462073326,-5.48183315475731,0,shigella flexneri,shigella
nc 015273,burkholderia cenocepacia,NCBI_HR,1,0.0533529951603319,0.140461186729168,-4.53381925678254,0,burkholderia cenocepacia,burkholderia
nc 015270,enterococcus faecalis,NCBI_HR,1,0.342064836652884,0.369368255025091,-3.10397639888017,1,enterococcus faecalis,enterococcus
nc 015266,burkholderia ambifaria,NCBI_HR,1,0.0204861436992872,0.0742548726822888,-3.55544510752728,1,burkholderia ambifaria,burkholderia
nc 015265,burkholderia cenocepacia,NCBI_HR,1,0.013175106330328,0.0664986732289872,-3.10656874378132,1,burkholderia cenocepacia,burkholderia
nc 015263,lactococcus lactis,NCBI_HR,1,0.0999660489633062,0.176919828858199,-2.30871229289193,1,lactococcus lactis,lactococcus
nc 015296,salmonella enterica,NCBI_HR,1,0.226195215330799,0.251132507848747,-6.74621391057825,0,salmonella enterica,salmonella
nc 015271,salmonella enterica,NCBI_HR,1,0.636287769755067,0.523928926459717,-3.04003547995526,0,salmonella enterica,salmonella
nc 015264,pseudomonas fluorescens,NCBI_HR,1,0.262968447585269,0.310358214594854,-4.04627232339987,0,pseudomonas fluorescens,pseudomonas
nc 015251,aeromonas salmonicida,NCBI_HR,1,0.290493025818684,0.344701527270727,-21.3289614294567,0,aeromonas salmonicida,aeromonas
nc 015250,acinetobacter johnsonii,NCBI_HR,1,0.0871593594170149,0.177217462408788,-1.72057250217136,0,acinetobacter johnsonii,acinetobacter
nc 015210,tsukamurella paurometabola,NCBI_HR,1,0.0194319664445792,0.0852368127484934,-1.52200576849505,0,tsukamurella paurometabola,tsukamurella
nc 015159,vibrio cholerae,NCBI_HR,1,0.402583460219361,0.404299600934201,-4.70579876831522,0,vibrio cholerae,vibrio
nc 015158,vibrio cholerae,NCBI_HR,1,0.407757460278194,0.390462761556105,-4.88626807538643,0,vibrio cholerae,vibrio
nc 015157,vibrio cholerae,NCBI_HR,1,0.322447743716444,0.334719952163751,-10.4904075162882,0,vibrio cholerae,vibrio
nc 014900,salmonella enterica,NCBI_HR,1,0.109451486620257,0.191208232964457,-4.90625227271108,1,salmonella enterica,salmonella
nc 014792,escherichia coli,NCBI_HR,1,0.150266239222849,0.231128667648444,-10.4372432108785,0,escherichia coli,escherichia
nc 014663,acinetobacter johnsonii,NCBI_HR,1,0.0944295332303824,0.191746258540666,-1.36526676915097,0,acinetobacter johnsonii,acinetobacter
nc 014662,escherichia coli,NCBI_HR,1,0.233701744124269,0.288918108496357,-10.8519604603022,0,escherichia coli,escherichia
nc 014661,acinetobacter johnsonii,NCBI_HR,1,0.161481628639759,0.230894683311293,-2.38711056945576,0,acinetobacter johnsonii,acinetobacter
nc 014636,aeromonas salmonicida,NCBI_HR,1,0.231374650916361,0.307207272560534,-15.528318662544,0,aeromonas salmonicida,aeromonas
nc 014635,aeromonas salmonicida,NCBI_HR,1,0.14926114393998,0.241885031395179,-17.22777443071,0,aeromonas salmonicida,aeromonas
nc 014595,shigella sonnei,NCBI_HR,1,0.143786470134046,0.228602745359462,-10.6065716355458,0,shigella sonnei,shigella
nc 014460,staphylococcus aureus,NCBI_HR,1,0.153896028373789,0.245637075915276,1.12550644033467,1,staphylococcus aureus,staphylococcus
nc 015457,shigella flexneri,NCBI_HR,1,0.141748877035559,0.248224147828447,-15.3221880723681,1,shigella flexneri,shigella
nc 015209,vibrio cholerae,NCBI_HR,1,0.0732956309989501,0.300257916009301,-2.94062175028379,1,vibrio cholerae,vibrio
nc 015464,campylobacter jejuni,NCBI_HR,1,0.232664247487237,0.282561131255317,-4.19591972593379,1,campylobacter jejuni,campylobacter
nc 016653,rhodococcus erythropolis,NCBI_HR,1,0.132128521335644,0.225102014009964,-3.89744560434582,0,rhodococcus erythropolis,rhodococcus
nc 016651,rhodococcus rhodochrous,NCBI_HR,1,0.0919644652024837,0.215374318694016,0.2076204108225,0,rhodococcus rhodochrous,rhodococcus
nc 016650,rhodococcus globerulus,NCBI_HR,1,0.123974442972052,0.212645294944055,1.00173737654946,0,rhodococcus globerulus,rhodococcus
nc 016569,nocardia brasiliensis,NCBI_HR,1,0.225945562302936,0.261728289043381,-0.543826135471022,0,nocardia brasiliensis,nocardia
nc 016570,escherichia coli,NCBI_HR,1,0.176986676883086,0.21970574550965,-6.27185859637785,0,escherichia coli,escherichia
nc 016571,pseudomonas fluorescens,NCBI_HR,1,0.295505246494342,0.317237314742862,-16.8621783382266,0,pseudomonas fluorescens,pseudomonas
nc 016568,helicobacter pylori,NCBI_HR,1,0.099032341613405,0.156344463041226,-1.53595998194523,1,helicobacter pylori,helicobacter
nc 016565,staphylococcus aureus,NCBI_HR,1,0.176420059182269,0.279060551521883,-3.98258873405723,0,staphylococcus aureus,staphylococcus
nc 016566,shigella sonnei,NCBI_HR,1,0.0810261202928488,0.188514754793461,3.36921396496646,0,shigella sonnei,shigella
nc 016071,salmonella enteritidis,NCBI_HR,1,0.364239944607463,0.332360328760937,-6.56980194096439,0,salmonella enteritidis,salmonella
nc 016434,gordonia terrae,NCBI_HR,1,0.0268117624128515,0.0749826661603694,-2.75171392327243,0,gordonia terrae,gordonia
nc 016166,gordonia terrae,NCBI_HR,1,0.0930337795075014,0.190585326000377,-11.0215501884388,0,gordonia terrae,gordonia
nc 016163,yersinia enterocolitica,NCBI_HR,1,0.42358760241127,0.356186340773212,-14.7978622817433,0,yersinia enterocolitica,yersinia
nc 016162,vibrio cholerae,NCBI_HR,1,0.189028580812173,0.350425753599339,-6.15863107177695,1,vibrio cholerae,vibrio
nc 016160,escherichia coli,NCBI_HR,1,0.0493141096864615,0.137668021265664,-0.580834421142377,1,escherichia coli,escherichia
nc 016158,escherichia coli,NCBI_HR,1,0.0405542596934897,0.121024896938911,1.6803734631556,1,escherichia coli,escherichia
nc 012743,burkholderia cenocepacia,NCBI_HR,1,0.0262434197901359,0.0786966293426435,-0.61107101298461,0,burkholderia cenocepacia,burkholderia
nc 015938,salmonella enterica,NCBI_HR,1,0.42463754704602,0.388816466613739,-7.83837130787895,0,salmonella enterica,salmonella
nc 015937,thermus thermophilus,NCBI_HR,1,0.221110998680495,0.306132116249215,-36.8103382651629,0,thermus thermophilus,thermus
nc 015585,pantoea agglomerans,NCBI_HR,1,0.206483494019206,0.249945209018186,-0.248888421025917,0,pantoea agglomerans,pantoea
nc 015721,bdellovibrio bacteriovorus,NCBI_HR,1,0.138970772711308,0.254069395857366,-0.296581715462736,0,bdellovibrio bacteriovorus,bdellovibrio
nc 015720,gordonia terrae,NCBI_HR,1,0.101722268230931,0.208067300765695,-7.46171107247233,0,gordonia terrae,gordonia
nc 019398,cronobacter sakazakii,NCBI_HR,1,0.17233460812319,0.23492471547727,-12.3506619787868,0,cronobacter sakazakii,cronobacter
nc 019399,escherichia coli,NCBI_HR,1,0.151601513289519,0.252030391630418,-15.5330080409606,1,escherichia coli,escherichia
nc 019400,cronobacter sakazakii,NCBI_HR,1,0.370555448940163,0.344466594589808,-10.5753506445094,0,cronobacter sakazakii,cronobacter
nc 019723,escherichia coli,NCBI_HR,1,0.0484186025378014,0.118685064046654,-0.717319345615152,1,escherichia coli,escherichia
nc 019924,clostridium sporogenes,NCBI_HR,1,0.306347492175542,0.375533257925926,7.39933580064552,1,clostridium sporogenes,clostridium
nc 019917,burkholderia cenocepacia,NCBI_HR,1,0.0240589561099139,0.0776547777910936,-1.30826937194126,0,burkholderia cenocepacia,burkholderia
nc 019915,staphylococcus capitis,NCBI_HR,1,0.140243400132686,0.236630360151694,1.01793927336343,1,staphylococcus capitis,staphylococcus
nc 019914,staphylococcus hominis,NCBI_HR,1,0.127473307942049,0.217899844433285,1.56578712344174,1,staphylococcus hominis,staphylococcus
nc 019913,pseudomonas aeruginosa,NCBI_HR,1,0.249536054389604,0.35125879188764,-17.1181652993668,0,pseudomonas aeruginosa,pseudomonas
nc 019912,bacillus thuringiensis,NCBI_HR,1,0.249860294778655,0.354079229968899,2.51767139474278,0,bacillus thuringiensis,bacillus
nc 019909,yersinia enterocolitica,NCBI_HR,1,0.154024479904432,0.261222729899889,-12.7277627399674,0,yersinia enterocolitica,yersinia
nc 019813,pseudomonas aeruginosa,NCBI_HR,1,0.432295572108463,0.38838050887665,-14.4856796973561,0,pseudomonas aeruginosa,pseudomonas
nc 019769,escherichia coli,NCBI_HR,1,0.0455534256261647,0.131104613783157,0.143254721273209,1,escherichia coli,escherichia
nc 019768,escherichia coli,NCBI_HR,1,0.0446326524794829,0.128806041584969,-1.42874813376617,1,escherichia coli,escherichia
nc 019767,escherichia coli,NCBI_HR,1,0.0491337283979267,0.129979085702778,-0.973372689978163,1,escherichia coli,escherichia
nc 019724,escherichia coli,NCBI_HR,1,0.0829471057199718,0.188124844632989,3.713941892901,0,escherichia coli,escherichia
nc 019722,vibrio parahaemolyticus,NCBI_HR,1,0.129742694866064,0.219805557309071,6.02078857319401,0,vibrio parahaemolyticus,vibrio
nc 019402,cronobacter sakazakii,NCBI_HR,1,0.395250885545684,0.382327810355521,-12.6521669222428,0,cronobacter sakazakii,cronobacter
nc 019721,escherichia coli,NCBI_HR,1,0.0424868117711788,0.124460286061265,0.907124614399578,1,escherichia coli,escherichia
nc 019720,escherichia coli,NCBI_HR,1,0.0469589379455447,0.121968344652419,0.206472059396788,1,escherichia coli,escherichia
nc 019719,escherichia coli,NCBI_HR,1,0.052409425007446,0.130090089455252,-1.11716317090714,1,escherichia coli,escherichia
nc 019718,escherichia coli,NCBI_HR,1,0.189981457635836,0.26106075291792,-6.55689536506793,0,escherichia coli,escherichia
nc 019717,escherichia coli,NCBI_HR,1,0.0355020345697543,0.11143394657167,1.18479957303433,1,escherichia coli,escherichia
nc 019716,escherichia coli,NCBI_HR,1,0.0548863805699081,0.114373595893103,0.105837793233306,1,escherichia coli,escherichia
nc 019715,escherichia coli,NCBI_HR,1,0.0543133110244567,0.137683151566776,-1.18478079420142,1,escherichia coli,escherichia
nc 019714,escherichia coli,NCBI_HR,1,0.0505726258223866,0.131987499404307,-0.667913401554713,1,escherichia coli,escherichia
nc 019713,vibrio parahaemolyticus,NCBI_HR,1,0.355126936635214,0.382462387509229,4.38816193803277,0,vibrio parahaemolyticus,vibrio
nc 019711,escherichia coli,NCBI_HR,1,0.044859269857581,0.118146126325681,-1.13202311371577,1,escherichia coli,escherichia
nc 019710,escherichia coli,NCBI_HR,1,0.0440597967401209,0.124946420832462,-0.858839534694759,1,escherichia coli,escherichia
nc 019709,escherichia coli,NCBI_HR,1,0.0482528782051915,0.125683565574938,-1.45965785645349,1,escherichia coli,escherichia
nc 019927,cronobacter sakazakii,NCBI_HR,1,0.0809689110030342,0.167347980596541,-5.28005484929423,1,cronobacter sakazakii,cronobacter
nc 019929,erwinia amylovora,NCBI_HR,1,0.28405502516857,0.273571012204358,-2.31208309924729,1,erwinia amylovora,erwinia
nc 019931,helicobacter pylori,NCBI_HR,1,0.119693662800043,0.172942873938847,-2.93329512751464,1,helicobacter pylori,helicobacter
nc 020872,prochlorococcus marinus,NCBI_HR,1,0.18443115840074,0.255833536722977,9.15206071213284,1,prochlorococcus marinus,prochlorococcus
nc 020868,vibrio parahaemolyticus,NCBI_HR,1,0.418854367952418,0.370729824287503,-2.83247458769009,0,vibrio parahaemolyticus,vibrio
nc 020863,vibrio natriegens,NCBI_HR,1,0.341485715566377,0.335296448766272,-9.22042285676944,0,vibrio natriegens,vibrio
nc 020850,vibrio parahaemolyticus,NCBI_HR,1,0.0476367148291156,0.15959967867164,-3.05755518626056,0,vibrio parahaemolyticus,vibrio
nc 020848,vibrio parahaemolyticus,NCBI_HR,1,0.419506600632969,0.369554371384914,-2.85917066785517,0,vibrio parahaemolyticus,vibrio
nc 020835,prochlorococcus marinus,NCBI_HR,1,0.331185353611718,0.344046438235066,7.89096491953743,0,prochlorococcus marinus,prochlorococcus
nc 020489,rhodobacter capsulatus,NCBI_HR,1,0.0345886357416323,0.0957230859297597,-1.4471588440626,1,rhodobacter capsulatus,rhodobacter
nc 020488,vibrio vulnificus,NCBI_HR,1,0.131051632010977,0.228220248678143,2.23053844565582,1,vibrio vulnificus,vibrio
nc 020480,bacillus pumilus,NCBI_HR,1,0.234205788849397,0.31157126446423,-0.166755795604608,0,bacillus pumilus,bacillus
nc 020479,bacillus pumilus,NCBI_HR,1,0.261515355114818,0.334642574707662,-0.0355739522782059,0,bacillus pumilus,bacillus
nc 020478,bacillus pumilus,NCBI_HR,1,0.259271665848922,0.331945571646139,0.050547897049313,0,bacillus pumilus,bacillus
nc 020477,bacillus pumilus,NCBI_HR,1,0.24101013402787,0.314710556224571,0.351014849391071,0,bacillus pumilus,bacillus
nc 020416,salmonella enterica,NCBI_HR,1,0.17445555784201,0.252400198266464,-15.0896597247282,0,salmonella enterica,salmonella
nc 020414,salmonella enterica,NCBI_HR,1,0.52142814905725,0.463243028596285,-4.56006431089796,0,salmonella enterica,salmonella
nc 020080,klebsiella pneumoniae,NCBI_HR,1,0.175027378992477,0.258056091052294,-15.6797485862217,0,klebsiella pneumoniae,klebsiella
nc 020079,escherichia coli,NCBI_HR,1,0.306309041676944,0.319777993393863,-11.6224638383123,0,escherichia coli,escherichia
nc 020078,cronobacter sakazakii,NCBI_HR,1,0.334720859967361,0.341036813366951,-1.13339037508537,0,cronobacter sakazakii,cronobacter
nc 020205,xanthomonas citri,NCBI_HR,1,0.0745358871782107,0.127747757803882,2.37525759606159,0,xanthomonas citri,xanthomonas
nc 020204,klebsiella pneumoniae,NCBI_HR,1,0.287760698444002,0.303034883906968,-8.96190270673946,0,klebsiella pneumoniae,klebsiella
nc 020201,pectobacterium atrosepticum,NCBI_HR,1,0.31772864826532,0.301670215360501,-0.944739254422295,0,pectobacterium atrosepticum,pectobacterium
nc 020197,streptococcus thermophilus,NCBI_HR,1,0.129070341338444,0.233288202857651,-0.374322340919171,1,streptococcus thermophilus,streptococcus
nc 019521,sphingomonas paucimobilis,NCBI_HR,1,0.301243680957454,0.418456743236868,-34.4120251007295,0,sphingomonas paucimobilis,sphingomonas
nc 019704,escherichia coli,NCBI_HR,1,0.0310990522842173,0.109757400965758,0.661703502452227,1,escherichia coli,escherichia
nc 019934,cronobacter sakazakii,NCBI_HR,1,0.0382452895512978,0.115108294641181,-3.81001403312838,1,cronobacter sakazakii,cronobacter
nc 019932,erwinia amylovora,NCBI_HR,1,0.0365842529890176,0.113664916964403,2.20918048127457,1,erwinia amylovora,erwinia
nc 019708,escherichia coli,NCBI_HR,1,0.0466816018652051,0.127355878810411,-0.755779568603458,1,escherichia coli,escherichia
nc 019707,escherichia coli,NCBI_HR,1,0.585276885837721,0.492273974485635,-2.81152517947783,0,escherichia coli,escherichia
nc 019706,escherichia coli,NCBI_HR,1,0.0497384274465659,0.122943996549259,0.0196796529503516,1,escherichia coli,escherichia
nc 019488,salmonella enterica,NCBI_HR,1,0.0761364223581557,0.144833614173248,-0.94473908013326,1,salmonella enterica,salmonella
nc 019457,vibrio cholerae,NCBI_HR,1,0.335926632713817,0.331091565329127,-2.14876514514233,1,vibrio cholerae,vibrio
nc 019456,lactobacillus delbrueckii,NCBI_HR,1,0.115591699866613,0.213548321361882,-5.82015890330367,1,lactobacillus delbrueckii,lactobacillus
nc 019455,haemophilus parasuis,NCBI_HR,1,0.052845360633002,0.125352083579411,1.85874868066685,1,haemophilus parasuis,haemophilus
nc 019454,pantoea agglomerans,NCBI_HR,1,0.223135323233029,0.279989880247417,-1.60933991902394,0,pantoea agglomerans,pantoea
nc 019453,caulobacter crescentus,NCBI_HR,1,0.310322140999248,0.432253980268296,-16.6621949599991,0,caulobacter crescentus,caulobacter
nc 019450,pseudomonas aeruginosa,NCBI_HR,1,0.256942124838254,0.357308203059409,-17.2188868379233,1,pseudomonas aeruginosa,pseudomonas
nc 019449,lactobacillus delbrueckii,NCBI_HR,1,0.187421508527378,0.302437092327839,-8.04775297544751,1,lactobacillus delbrueckii,lactobacillus
nc 019447,brucella melitensis,NCBI_HR,1,0.106289124410232,0.219061906041698,-9.03712342703939,1,brucella melitensis,brucella
nc 019446,brucella abortus,NCBI_HR,1,0.108182850768895,0.222325387662914,-9.02750656403858,1,brucella abortus,brucella
nc 019445,escherichia coli,NCBI_HR,1,0.0378694248063223,0.113185885985766,-3.71578901371845,1,escherichia coli,escherichia
nc 019442,escherichia coli,NCBI_HR,1,0.0633261886050426,0.126621333947451,-0.473827708706473,1,escherichia coli,escherichia
nc 017674,pseudomonas aeruginosa,NCBI_HR,1,0.0867841202129478,0.175847559781796,-10.8584996420579,1,pseudomonas aeruginosa,pseudomonas
nc 019423,escherichia coli,NCBI_HR,1,0.492124513290791,0.418374701024845,-7.6313710035614,0,escherichia coli,escherichia
nc 019418,streptococcus suis,NCBI_HR,1,0.144598242088638,0.223125340244166,-1.99099806640053,1,streptococcus suis,streptococcus
nc 019414,streptomyces coelicolor,NCBI_HR,1,0.0652167177527205,0.117580641340341,-5.15698031249947,0,streptomyces coelicolor,streptomyces
nc 019411,caulobacter crescentus,NCBI_HR,1,0.0305990300541717,0.0566832370674136,-1.12063898211785,1,caulobacter crescentus,caulobacter
nc 019410,caulobacter crescentus,NCBI_HR,1,0.0308621911952576,0.0570586986007377,-0.987126383559783,0,caulobacter crescentus,caulobacter
nc 019408,caulobacter crescentus,NCBI_HR,1,0.0308847301143519,0.0619754543065908,-1.08887445123294,1,caulobacter crescentus,caulobacter
nc 019407,caulobacter crescentus,NCBI_HR,1,0.0312734371487767,0.0573649862710504,-1.04407075688781,0,caulobacter crescentus,caulobacter
nc 019406,caulobacter crescentus,NCBI_HR,1,0.0339469958012431,0.0670330791280825,-5.02114243274623,1,caulobacter crescentus,caulobacter
nc 019405,caulobacter crescentus,NCBI_HR,1,0.031156376343589,0.0574970282343347,-1.041122049949,1,caulobacter crescentus,caulobacter
nc 019404,escherichia coli,NCBI_HR,1,0.157186719789074,0.247591241200798,-7.25844495768367,0,escherichia coli,escherichia
nc 019403,escherichia coli,NCBI_HR,1,0.463502738058923,0.427979128717786,-5.4890298317185,0,escherichia coli,escherichia
nc 019485,enterobacter cloacae,NCBI_HR,1,0.226144947331716,0.310024305682348,-18.7826523018602,0,enterobacter cloacae,enterobacter
nc 019490,riemerella anatipestifer,NCBI_HR,1,0.0591810626468638,0.133677604248739,-0.495597077056175,1,riemerella anatipestifer,riemerella
nc 019705,escherichia coli,NCBI_HR,1,0.0452289247085206,0.131407541560471,-0.694297818822001,1,escherichia coli,escherichia
nc 019496,clostridium perfringens,NCBI_HR,1,0.192680930843058,0.2861351096736,1.74838312259074,1,clostridium perfringens,clostridium
nc 019548,ralstonia solanacearum,NCBI_HR,1,0.0664282525561545,0.246272042857249,-4.80253692709573,1,ralstonia solanacearum,ralstonia
nc 019545,salmonella typhimurium,NCBI_HR,1,0.0800645217266034,0.147045908488891,-2.54533444430513,1,salmonella typhimurium,salmonella
nc 019543,aeromonas salmonicida,NCBI_HR,1,0.152183201965763,0.2418137022508,-17.2984324023911,0,aeromonas salmonicida,aeromonas
nc 019541,acinetobacter baumannii,NCBI_HR,1,0.0351933828579369,0.125516944167776,0.090274234912286,1,acinetobacter baumannii,acinetobacter
nc 019540,salinivibrio costicola,NCBI_HR,1,0.528886794711004,0.477351627166048,-2.82400313075345,1,salinivibrio costicola,salinivibrio
nc 019539,salmonella enterica,NCBI_HR,1,0.139607678889913,0.237406348517332,-2.17735369129527,0,salmonella enterica,salmonella
nc 019538,aeromonas hydrophila,NCBI_HR,1,0.2858033437786,0.33815917517775,-22.7273819607653,0,aeromonas hydrophila,aeromonas
nc 019529,vibrio parahaemolyticus,NCBI_HR,1,0.433574808775614,0.387865529224905,-5.60805356486924,1,vibrio parahaemolyticus,vibrio
nc 019528,aeromonas salmonicida,NCBI_HR,1,0.206255414659713,0.289876726156163,-1.60698674892304,0,aeromonas salmonicida,aeromonas
nc 019527,aeromonas salmonicida,NCBI_HR,1,0.0317525969385412,0.127316259155074,-3.10043019340845,1,aeromonas salmonicida,aeromonas
nc 019525,bdellovibrio bacteriovorus,NCBI_HR,1,0.0817542860451083,0.17926350444114,-6.35172369001188,0,bdellovibrio bacteriovorus,bdellovibrio
nc 019523,clostridium perfringens,NCBI_HR,1,0.303168705071985,0.361471581157519,-0.710693730421433,0,clostridium perfringens,clostridium
nc 019522,pectobacterium carotovorum,NCBI_HR,1,0.0374445057258919,0.114339724354442,-1.56452347800331,1,pectobacterium carotovorum,pectobacterium
nc 019518,vibrio cholerae,NCBI_HR,1,0.32685447507175,0.32885903639422,-2.00898984240312,1,vibrio cholerae,vibrio
nc 019515,bacillus cereus,NCBI_HR,1,0.247275291468057,0.300369117506445,2.76886542585972,0,bacillus cereus,bacillus
nc 019513,staphylococcus aureus,NCBI_HR,1,0.136742764702771,0.213298042721099,0.524000393806396,1,staphylococcus aureus,staphylococcus
nc 019512,helicobacter pylori,NCBI_HR,1,0.103491730443645,0.157260744336662,-3.35843731176515,1,helicobacter pylori,helicobacter
nc 019509,cronobacter sakazakii,NCBI_HR,1,0.0560890837474252,0.144625764468596,-6.78155424769622,0,cronobacter sakazakii,cronobacter
nc 019508,clostridium perfringens,NCBI_HR,1,0.187306676419443,0.281797365982539,2.01464262415652,1,clostridium perfringens,clostridium
nc 019506,clostridium perfringens,NCBI_HR,1,0.174792889728997,0.272834701067183,1.85237739262105,1,clostridium perfringens,clostridium
nc 019505,escherichia coli,NCBI_HR,1,0.15365106931893,0.254326018360448,-15.3716155273878,1,escherichia coli,escherichia
nc 019503,escherichia coli,NCBI_HR,1,0.141226283780544,0.245007479043901,-15.0957204367348,1,escherichia coli,escherichia
nc 019502,bacillus thuringiensis,NCBI_HR,1,0.0541673560121325,0.171944690678435,-0.406616778523542,1,bacillus thuringiensis,bacillus
nc 019501,escherichia coli,NCBI_HR,1,0.0734263371551449,0.162568479602027,-3.27507547033014,1,escherichia coli,escherichia
nc 019500,escherichia coli,NCBI_HR,1,0.221356338216076,0.293547471062855,-11.2766509177224,0,escherichia coli,escherichia
nc 019451,pseudomonas aeruginosa,NCBI_HR,1,0.0875344860613037,0.177859985479257,-10.9304371046463,1,pseudomonas aeruginosa,pseudomonas
nc 019504,erwinia amylovora,NCBI_HR,1,0.242414201908808,0.304828116800489,-9.37276823143817,0,erwinia amylovora,erwinia
nc 019452,escherichia coli,NCBI_HR,1,0.175666184852424,0.220043156857961,-6.23750317978437,0,escherichia coli,escherichia
nc 019401,cronobacter sakazakii,NCBI_HR,1,0.346796955217834,0.366545791795643,-21.3219742135841,0,cronobacter sakazakii,cronobacter
nc 019401,cronobacter malonaticus,NCBI_HR,1,0.34742628976726,0.365446432623714,-21.3709768223163,0,cronobacter malonaticus,cronobacter
nc 019401,cronobacter dublinensis,NCBI_HR,1,0.362572279112896,0.37415572779958,-22.2926783623359,0,cronobacter dublinensis,cronobacter
nc 018863,bacillus thuringiensis,NCBI_HR,1,0.425184091285789,0.324336664970139,2.4393333506604,0,bacillus thuringiensis,bacillus
nc 018863,bacillus cereus,NCBI_HR,1,0.428034518027683,0.326994670848498,2.43607717479484,0,bacillus cereus,bacillus
nc 018861,campylobacter jejuni,NCBI_HR,1,0.225959835845805,0.281803685111374,-4.2227251332255,1,campylobacter jejuni,campylobacter
nc 019510,erwinia amylovora,NCBI_HR,1,0.414400690720743,0.410356666554658,-1.66466708359727,0,erwinia amylovora,erwinia
nc 019510,pantoea agglomerans,NCBI_HR,1,0.347188652903861,0.375307082242531,-3.66344554686701,0,pantoea agglomerans,pantoea
nc 019935,pseudomonas aeruginosa,NCBI_HR,1,0.0897714922333661,0.178137660160842,-10.8564895241216,1,pseudomonas aeruginosa,pseudomonas
nc 021063,mycobacterium avium,NCBI_HR,1,0.205167260888987,0.255432761289878,-10.3901192624436,0,mycobacterium avium,mycobacterium
nc 020880,leuconostoc pseudomesenteroides,NCBI_HR,1,0.13046124474913,0.266816047040969,-2.4233223611236,1,leuconostoc pseudomesenteroides,leuconostoc
nc 020873,bacillus weihenstephanensis,NCBI_HR,1,0.55140003882651,0.415872058725732,4.48467267933142,0,bacillus weihenstephanensis,bacillus
nc 020873,bacillus thuringiensis,NCBI_HR,1,0.531236476339443,0.402411624284547,4.70723827030301,0,bacillus thuringiensis,bacillus
nc 020873,bacillus psychrosaccharolyticus,NCBI_HR,1,0.606751659186034,0.476763742536023,1.15147976395255,0,bacillus psychrosaccharolyticus,bacillus
nc 020873,bacillus megaterium,NCBI_HR,1,0.576854231657921,0.456055681144864,1.70318565764587,0,bacillus megaterium,bacillus
nc 020873,bacillus licheniformis,NCBI_HR,1,0.675896433131722,0.558363895052233,-5.87449913388254,0,bacillus licheniformis,bacillus
nc 020873,bacillus cereus,NCBI_HR,1,0.535164442480074,0.405555319108228,4.70398209443745,0,bacillus cereus,bacillus
nc 020873,bacillus anthracis,NCBI_HR,1,0.529589497810031,0.401022549562922,4.61820209467187,0,bacillus anthracis,bacillus
nc 020870,leuconostoc pseudomesenteroides,NCBI_HR,1,0.131705664265406,0.275951952806504,-2.4537927594063,1,leuconostoc pseudomesenteroides,leuconostoc
nc 019928,helicobacter pylori,NCBI_HR,1,0.119910277086756,0.171575616315293,-3.10456489844269,1,helicobacter pylori,helicobacter
nc 019510,pantoea ananatis,NCBI_HR,1,0.395731587412938,0.40068838967027,-1.75349211038248,0,pantoea ananatis,pantoea
nc 019925,dickeya solani,NCBI_HR,1,0.25548892870678,0.271118234222657,-6.9660403486679,0,dickeya solani,dickeya
nc 019918,pseudomonas aeruginosa,NCBI_HR,1,0.257209839924053,0.363678961703525,-17.2014130050338,1,pseudomonas aeruginosa,pseudomonas
nc 019530,salmonella enterica,NCBI_HR,1,0.240918548220811,0.26167459652488,-7.28073422165525,1,salmonella enterica,salmonella
nc 019517,escherichia coli,NCBI_HR,1,0.319259391933372,0.312570839568864,-7.07175202886929,0,escherichia coli,escherichia
nc 019514,erwinia amylovora,NCBI_HR,1,0.213431403133513,0.24127653080068,-1.5120511050668,0,erwinia amylovora,erwinia
nc 016073,salmonella enterica,NCBI_HR,1,0.238193062882451,0.258661150788751,-7.43187765823984,1,salmonella enterica,salmonella
nc 016562,campylobacter jejuni,NCBI_HR,1,0.23054275150935,0.281072793065002,-4.30658240083509,1,campylobacter jejuni,campylobacter
nc 016165,rhodobacter capsulatus,NCBI_HR,1,0.0343947415273653,0.089771686525414,-1.66613059433718,1,rhodobacter capsulatus,rhodobacter
nc 016073,escherichia coli,NCBI_HR,1,0.178191775244732,0.220047233205024,-6.23606286148002,0,escherichia coli,escherichia
nc 015466,roseobacter denitrificans,NCBI_HR,1,0.264243865776174,0.318508718201427,-1.08740384879217,0,roseobacter denitrificans,roseobacter
nc 015297,ralstonia solanacearum,NCBI_HR,1,0.0699983937375427,0.262351573499866,-5.20466924566001,0,ralstonia solanacearum,ralstonia
nc 015269,salmonella enterica,NCBI_HR,1,0.324568745367781,0.329099359700892,-12.5808364366718,0,salmonella enterica,salmonella
nc 015269,escherichia coli,NCBI_HR,1,0.277456096726242,0.298919408514397,-11.385021639912,0,escherichia coli,escherichia
nc 016563,bacillus anthracis,NCBI_HR,1,0.47878944351277,0.340435604501778,1.08710832911317,0,bacillus anthracis,bacillus
nc 016563,bacillus cereus,NCBI_HR,1,0.480987791651532,0.341825337935361,1.17288832887876,0,bacillus cereus,bacillus
nc 018856,bacillus thuringiensis,NCBI_HR,1,0.468205183848421,0.352264444271955,2.87378079229234,0,bacillus thuringiensis,bacillus
nc 018856,bacillus cereus,NCBI_HR,1,0.472108269831623,0.355748042875391,2.87052461642678,0,bacillus cereus,bacillus
nc 018284,staphylococcus epidermidis,NCBI_HR,1,0.276950309084483,0.289341942257445,2.46334435567706,0,staphylococcus epidermidis,staphylococcus
nc 018281,staphylococcus epidermidis,NCBI_HR,1,0.267674618276036,0.288816460030414,2.43412717694014,0,staphylococcus epidermidis,staphylococcus
nc 016764,pseudomonas tolaasii,NCBI_HR,1,0.149782532493138,0.225076584565141,-2.14753802417006,0,pseudomonas tolaasii,pseudomonas
nc 016764,pseudomonas rhizosphaerae,NCBI_HR,1,0.117748986016766,0.208304021630111,-3.58893549563199,0,pseudomonas rhizosphaerae,pseudomonas
nc 016764,pseudomonas putida,NCBI_HR,1,0.128895922817383,0.212539341054789,-3.11871124715152,0,pseudomonas putida,pseudomonas
nc 016764,pseudomonas fluorescens,NCBI_HR,1,0.133274545981446,0.209478372972598,-1.91216301356388,0,pseudomonas fluorescens,pseudomonas
nc 016764,pseudomonas costantinii,NCBI_HR,1,0.141495997556351,0.217580353181641,-0.988407827557431,0,pseudomonas costantinii,pseudomonas
nc 016764,pseudomonas agarici,NCBI_HR,1,0.163917677698314,0.238778378939601,-0.579780470011123,0,pseudomonas agarici,pseudomonas
nc 016563,bacillus thuringiensis,NCBI_HR,1,0.476236914316621,0.338139645322583,1.17614450474431,0,bacillus thuringiensis,bacillus
nc 023558,escherichia coli,NCBI_HR,1,0.526605942801861,0.450259081560159,1.78823169279223,0,escherichia coli,escherichia
nc 023693,escherichia coli,NCBI_HR,1,0.33298060736638,0.326963996734589,-13.3360162578234,0,escherichia coli,escherichia
nc 023601,pseudomonas syringae,NCBI_HR,1,0.254222903450343,0.313519508752211,-12.9829615897187,0,pseudomonas syringae,pseudomonas
nc 023582,staphylococcus epidermidis,NCBI_HR,1,0.24141031104275,0.244505047946095,-2.72386190378039,1,staphylococcus epidermidis,staphylococcus
nc 023566,rhizobium leucaenae,NCBI_HR,1,0.166779910799951,0.252918882882913,-11.4527120373552,0,rhizobium leucaenae,rhizobium
nc 023566,rhizobium gallicum,NCBI_HR,1,0.172936785879457,0.257708937455657,-12.1513564083132,0,rhizobium gallicum,rhizobium
nc 023558,salmonella enterica,NCBI_HR,1,0.574801194205584,0.480478847125152,0.592416896032411,0,salmonella enterica,salmonella
nc 023558,cronobacter turicensis,NCBI_HR,1,0.543287792274711,0.473680817379098,-4.85887344049027,0,cronobacter turicensis,cronobacter
nc 023558,cronobacter malonaticus,NCBI_HR,1,0.535142259162239,0.467887320357046,-4.36353582878106,0,cronobacter malonaticus,cronobacter
nc 023007,bacillus thuringiensis,NCBI_HR,1,0.25165210303919,0.249549860959736,-0.947879675091919,0,bacillus thuringiensis,bacillus
nc 025423,bacillus thuringiensis,NCBI_HR,1,0.590681791479173,0.481807832600114,5.58882845778125,0,bacillus thuringiensis,bacillus
nc 025423,bacillus cereus,NCBI_HR,1,0.595635737421619,0.485400953618021,5.58557228191569,0,bacillus cereus,bacillus
nc 025423,bacillus anthracis,NCBI_HR,1,0.607826883147133,0.491314949041283,5.4997922821501,0,bacillus anthracis,bacillus
nc 025421,lactobacillus delbrueckii,NCBI_HR,1,0.188395214534075,0.306105590700384,-8.41387271204582,1,lactobacillus delbrueckii,lactobacillus
nc 025420,lactobacillus delbrueckii,NCBI_HR,1,0.171384091359662,0.298272747599334,-8.5678010469411,1,lactobacillus delbrueckii,lactobacillus
nc 025415,lactobacillus delbrueckii,NCBI_HR,1,0.171777515751314,0.288054344915776,-8.4030500967917,1,lactobacillus delbrueckii,lactobacillus
nc 024390,leuconostoc pseudomesenteroides,NCBI_HR,1,0.13063208748044,0.268949937624688,-2.27295307215459,1,leuconostoc pseudomesenteroides,leuconostoc
nc 024389,leuconostoc mesenteroides,NCBI_HR,1,0.242599836266447,0.323584115718986,-1.69002829177233,0,leuconostoc mesenteroides,leuconostoc
nc 024388,leuconostoc mesenteroides,NCBI_HR,1,0.248017451999625,0.325362628941685,-1.73254928066542,0,leuconostoc mesenteroides,leuconostoc
nc 024386,leuconostoc mesenteroides,NCBI_HR,1,0.183236947506842,0.288058203183575,-1.51334054529292,0,leuconostoc mesenteroides,leuconostoc
nc 024385,leuconostoc pseudomesenteroides,NCBI_HR,1,0.119102822426425,0.257595671967366,-2.414757880459,1,leuconostoc pseudomesenteroides,leuconostoc
nc 024380,leuconostoc pseudomesenteroides,NCBI_HR,1,0.135766420033629,0.278563141148311,-2.58686521994832,1,leuconostoc pseudomesenteroides,leuconostoc
nc 024378,leuconostoc mesenteroides,NCBI_HR,1,0.242030252796914,0.322104068885215,-1.65217083499527,0,leuconostoc mesenteroides,leuconostoc
nc 024358,nostoc linckia,NCBI_HR,1,0.622003279522148,0.487125695110645,2.15598177047337,0,nostoc linckia,nostoc
nc 024358,anabaena variabilis,NCBI_HR,1,0.570243148083327,0.446875135455592,4.12324499204892,0,anabaena variabilis,anabaena
nc 024140,pseudomonas aeruginosa,NCBI_HR,1,0.225953174177095,0.246846004853196,-11.5830677963971,0,pseudomonas aeruginosa,pseudomonas
nc 024123,pseudomonas aeruginosa,NCBI_HR,1,0.0809015296013136,0.139870402106094,-6.19246940591838,1,pseudomonas aeruginosa,pseudomonas
nc 023007,bacillus cereus,NCBI_HR,1,0.257038269490539,0.253413284700374,-0.951135850957478,0,bacillus cereus,bacillus
nc 023007,bacillus anthracis,NCBI_HR,1,0.259770663176149,0.25469095971081,-1.03691585072306,0,bacillus anthracis,bacillus
nc 021531,cronobacter malonaticus,NCBI_HR,1,0.230946064517164,0.245952757744638,-6.86480780652663,0,cronobacter malonaticus,cronobacter
nc 021531,enterobacter cloacae,NCBI_HR,1,0.196382654026503,0.216832532364651,-5.60070656825341,0,enterobacter cloacae,enterobacter
nc 021531,enterobacter agglomerans,NCBI_HR,1,0.246551830700737,0.245593836890939,-5.48020761729323,0,enterobacter agglomerans,enterobacter
nc 021531,cronobacter turicensis,NCBI_HR,1,0.237538009370576,0.252724596036551,-7.36014541823584,0,cronobacter turicensis,cronobacter
nc 021531,cronobacter sakazakii,NCBI_HR,1,0.231129894739141,0.247026020277886,-6.81580519779452,0,cronobacter sakazakii,cronobacter
nc 021531,cronobacter dublinensis,NCBI_HR,1,0.237099793634938,0.252171737999881,-7.7865093465463,0,cronobacter dublinensis,cronobacter
nc 022987,xylella fastidiosa,NCBI_HR,1,0.270949501207452,0.32515534340077,10.4792490847227,0,xylella fastidiosa,xylella
nc 021300,pseudoalteromonas marina,NCBI_HR,1,0.591698461904359,0.535030282359089,4.82663620065163,0,pseudoalteromonas marina,pseudoalteromonas
nc 021562,vibrio cholerae,NCBI_HR,1,0.104765567710967,0.285952194318834,-3.2737822418401,1,vibrio cholerae,vibrio
nc 021562,vibrio metschnikovii,NCBI_HR,1,0.10342515709553,0.289607133606186,0.134015307729968,0,vibrio metschnikovii,vibrio
nc 022982,xylella fastidiosa,NCBI_HR,1,0.246754916978066,0.311679717058943,7.6247181750367,0,xylella fastidiosa,xylella
nc 022090,staphylococcus aureus,NCBI_HR,1,0.611768536183571,0.439258797468495,-2.91796459776672,1,staphylococcus aureus,staphylococcus
nc 021801,staphylococcus epidermidis,NCBI_HR,1,0.172409820082673,0.250264779355878,2.24949826695133,1,staphylococcus epidermidis,staphylococcus
nc 021801,staphylococcus aureus,NCBI_HR,1,0.151050201492365,0.240177164954585,1.65095442486635,1,staphylococcus aureus,staphylococcus
nc 021783,salmonella enterica,NCBI_HR,1,0.131401494292805,0.207862515615034,4.34221090323111,0,salmonella enterica,salmonella
nc 021562,vibrio vulnificus,NCBI_HR,1,0.108454820903312,0.289001352101148,-2.59285526428727,1,vibrio vulnificus,vibrio
nc 021562,vibrio mimicus,NCBI_HR,1,0.120358451287306,0.295815768741437,-2.09286706668866,0,vibrio mimicus,vibrio
nc 015254,brochothrix thermosphacta,NCBI_HR,1,0.0785862995043237,0.185628206680139,-0.087021177943484,1,brochothrix thermosphacta,brochothrix
nc 007456,escherichia coli,NCBI_HR,1,0.536054491520517,0.454602384962121,-0.994567948538631,0,escherichia coli,escherichia
nc 006945,bacillus thuringiensis,NCBI_HR,1,0.233063905846458,0.346173668535632,4.80746543256247,0,bacillus thuringiensis,bacillus
nc 005345,streptomyces venezuelae,NCBI_HR,1,0.0802517462759867,0.150790640282187,-1.32802000307542,1,streptomyces venezuelae,streptomyces
nc 005345,streptomyces exfoliatus,NCBI_HR,1,0.0713395849250315,0.144539748768189,-0.450808505218134,1,streptomyces exfoliatus,streptomyces
nc 002194,chlamydia psittaci,NCBI_HR,1,0.0816136296631074,0.303851098311489,1.81737906582561,0,chlamydia psittaci,chlamydia
nc 002072,streptococcus thermophilus,NCBI_HR,1,0.144875913643349,0.24542398036766,-0.121536944136139,1,streptococcus thermophilus,streptococcus
nc 001418,pseudomonas aeruginosa,NCBI_HR,1,0.283088795584036,0.403183651764201,-21.1171824845047,0,pseudomonas aeruginosa,pseudomonas
nc 007734,bacillus anthracis,NCBI_HR,1,0.0925736592569718,0.222768559869645,-0.101455742709078,1,bacillus anthracis,bacillus
nc 007734,bacillus cereus,NCBI_HR,1,0.087433763747041,0.218979379749311,-0.0156757429434933,1,bacillus cereus,bacillus
nc 015253,brochothrix thermosphacta,NCBI_HR,1,0.557680007519788,0.43903139241917,4.96110553308524,0,brochothrix thermosphacta,brochothrix
nc 015252,brochothrix thermosphacta,NCBI_HR,1,0.0943696909319501,0.205806714297356,0.832010390633876,1,brochothrix thermosphacta,brochothrix
nc 013648,enterococcus faecalis,NCBI_HR,1,0.0909870376550496,0.200461832290106,-3.1343580489743,1,enterococcus faecalis,enterococcus
nc 013646,enterococcus faecalis,NCBI_HR,1,0.0759099341159455,0.191031136585185,-3.66702996200675,1,enterococcus faecalis,enterococcus
nc 013645,streptococcus thermophilus,NCBI_HR,1,0.11455408398203,0.222001197599947,-0.208052625905793,1,streptococcus thermophilus,streptococcus
nc 013644,enterococcus faecalis,NCBI_HR,1,0.089176003232588,0.197584322668269,0.0968192050664669,1,enterococcus faecalis,enterococcus
nc 013643,enterococcus faecalis,NCBI_HR,1,0.0734744200210818,0.186625375075794,-3.07343434204812,1,enterococcus faecalis,enterococcus
nc 013598,streptococcus thermophilus,NCBI_HR,1,0.145099637307495,0.257101805350429,0.201016478130128,1,streptococcus thermophilus,streptococcus
nc 008721,streptococcus suis,NCBI_HR,1,0.0611415995270423,0.162741998310511,0.171348139369293,1,streptococcus suis,streptococcus
nc 023574,lactococcus lactis,NCBI_HR,1,0.101004068541144,0.172003516517966,-2.46659278894504,0,lactococcus lactis,lactococcus
nc 029102,proteus mirabilis,NCBI_HR,1,0.455843219684959,0.435082930875003,11.8733389409208,0,proteus mirabilis,proteus
nc 029102,escherichia coli,NCBI_HR,1,0.422815981079641,0.406686562048997,-0.13103717282744,0,escherichia coli,escherichia
nc 029102,citrobacter freundii,NCBI_HR,1,0.410665154052732,0.400778079153082,-1.05696654764322,0,citrobacter freundii,citrobacter
nc 029101,pseudomonas aeruginosa,NCBI_HR,1,0.225413468592809,0.244735753326923,-11.5637174517764,0,pseudomonas aeruginosa,pseudomonas
nc 029102,salmonella enterica,NCBI_HR,1,0.492295728510714,0.445012798152039,-1.32685196958726,0,salmonella enterica,salmonella
nc 029106,achromobacter xylosoxidans,NCBI_HR,1,0.0568492988540703,0.115979875461305,-7.30214239688022,1,achromobacter xylosoxidans,achromobacter
nc 029102,shigella flexneri,NCBI_HR,1,0.412185988097857,0.401203497737727,-0.250171226817727,0,shigella flexneri,shigella
nc 029009,enterococcus faecalis,NCBI_HR,1,0.389024059224703,0.363303081879687,-0.477233048671437,0,enterococcus faecalis,enterococcus
nc 029002,microcystis aeruginosa,NCBI_HR,1,0.63731907436725,0.551596841583494,3.70093666803148,1,microcystis aeruginosa,microcystis
nc 028999,pseudomonas aeruginosa,NCBI_HR,1,0.218751705989417,0.268820912526235,-18.7542953436052,1,pseudomonas aeruginosa,pseudomonas
nc 028983,bacillus thuringiensis,NCBI_HR,1,0.598597974890363,0.487450925222063,5.49919348620612,0,bacillus thuringiensis,bacillus
nc 028967,propionibacterium acnes,NCBI_HR,1,0.27280422545855,0.353373977134132,-5.98635970212869,1,propionibacterium acnes,propionibacterium
nc 028983,bacillus cereus,NCBI_HR,1,0.603610270053631,0.491023294487306,5.49593731034057,0,bacillus cereus,bacillus
nc 028983,bacillus anthracis,NCBI_HR,1,0.615580930492588,0.496551344282792,5.41015731057498,0,bacillus anthracis,bacillus
nc 029078,erysipelothrix rhusiopathiae,NCBI_HR,1,0.058880254597829,0.197869086656036,-2.6047582756182,1,erysipelothrix rhusiopathiae,erysipelothrix
nc 029033,achromobacter xylosoxidans,NCBI_HR,1,0.161957944013503,0.232941041710586,-11.3957231973077,0,achromobacter xylosoxidans,achromobacter
nc 029019,pseudomonas aeruginosa,NCBI_HR,1,0.289041900780627,0.3525128888068,-12.7643753886202,0,pseudomonas aeruginosa,pseudomonas
nc 029010,staphylococcus aureus,NCBI_HR,1,0.169358684665907,0.259249366794208,1.35510537897913,1,staphylococcus aureus,staphylococcus
nc 029121,bacillus pumilus,NCBI_HR,1,0.394731548213965,0.344298762640822,-0.703936131258303,0,bacillus pumilus,bacillus
nc 031938,flavobacterium psychrophilum,NCBI_HR,1,0.18033491429031,0.284075849426252,-0.545702574817025,0,flavobacterium psychrophilum,flavobacterium
nc 017980,clostridium perfringens,NCBI_HR,1,0.443783953548373,0.416719966104818,6.29659165468889,1,clostridium perfringens,clostridium
nc 034248,rhizobium etli,NCBI_HR,1,0.0421386803647866,0.0879740517891929,-0.998658970956249,0,rhizobium etli,rhizobium
nc 013693,shigella boydii,NCBI_HR,1,0.248842043354581,0.257099293895973,-0.857296043272711,0,shigella boydii,shigella
nc 031264,brucella vulpis,NCBI_HR,1,0.038149891681845,0.125165414096785,-3.80659215487554,1,brucella vulpis,brucella
nc 023550,staphylococcus aureus,NCBI_HR,1,0.180451582169974,0.280962227225742,-3.99134786735423,0,staphylococcus aureus,staphylococcus
nc 031264,brucella suis,NCBI_HR,1,0.0394665062587945,0.125854730054527,-3.8964883344471,1,brucella suis,brucella
nc 031264,brucella pinnipedialis,NCBI_HR,1,0.0406949511351298,0.127815315665756,-3.9614395499493,1,brucella pinnipedialis,brucella
nc 013697,delftia acidovorans,NCBI_HR,1,0.168245639385601,0.199552045100745,-10.1988736260858,0,delftia acidovorans,delftia
nc 012091,pseudomonas syringae,NCBI_HR,1,0.162369333131554,0.314004258952363,-8.50404227004931,0,pseudomonas syringae,pseudomonas
nc 031264,brucella neotomae,NCBI_HR,1,0.0401863964178588,0.127004237960698,-3.94762241830637,1,brucella neotomae,brucella
nc 031264,brucella microti,NCBI_HR,1,0.0396684339585073,0.126264261007104,-3.93395637905815,1,brucella microti,brucella
nc 031264,brucella melitensis,NCBI_HR,1,0.0397264421630206,0.126147156917446,-3.89857371078719,1,brucella melitensis,brucella
nc 031264,brucella canis,NCBI_HR,1,0.0397527236710488,0.12642197720369,-3.92226546130975,1,brucella canis,brucella
nc 031245,bacillus subtilis,NCBI_HR,1,0.623833668498376,0.572496185493277,-4.89939515332748,0,bacillus subtilis,bacillus
nc 028930,paenibacillus larvae,NCBI_HR,1,0.262171974693589,0.306437718467808,4.00558525109363,1,paenibacillus larvae,paenibacillus
nc 028863,escherichia coli,NCBI_HR,1,0.493642506162378,0.445921348083956,-2.35031875188314,0,escherichia coli,escherichia
nc 028822,escherichia coli,NCBI_HR,1,0.499355814108061,0.451038239333154,-2.32690088292837,0,escherichia coli,escherichia
nc 028789,bacillus cereus,NCBI_HR,1,0.272644183371247,0.334123663206193,1.09017229357284,0,bacillus cereus,bacillus
nc 019524,enterobacter cancerogenus,NCBI_HR,1,0.130519980786228,0.237209654661916,-4.69983397315617,0,enterobacter cancerogenus,enterobacter
nc 009817,lactococcus lactis,NCBI_HR,1,0.352662781537804,0.348186472150831,0.112675895841768,0,lactococcus lactis,lactococcus
nc 027360,salmonella enterica,NCBI_HR,1,0.541512955504018,0.463096351179911,-13.0794278560756,0,salmonella enterica,salmonella
nc 024381,pseudomonas aeruginosa,NCBI_HR,1,0.291117518200374,0.35362478954682,-13.0527626711828,0,pseudomonas aeruginosa,pseudomonas
nc 031264,brucella abortus,NCBI_HR,1,0.0396538132808748,0.126330753418303,-3.90143783260528,1,brucella abortus,brucella
nc 030934,pseudomonas syringae,NCBI_HR,1,0.356810395967546,0.383721971386462,-15.9006784906263,0,pseudomonas syringae,pseudomonas
nc 007461,chlamydophila abortus,NCBI_HR,1,0.0934996608973279,0.306912545787684,1.34215945742877,0,chlamydophila abortus,chlamydophila
nc 031053,klebsiella oxytoca,NCBI_HR,1,0.0706712138388708,0.168482859467682,-5.16702952624443,0,klebsiella oxytoca,klebsiella
nc 005284,burkholderia pseudomallei,NCBI_HR,1,0.0221698356053209,0.075973241998646,-7.49492573514332,1,burkholderia pseudomallei,burkholderia
nc 031053,cronobacter sakazakii,NCBI_HR,1,0.069381857623147,0.170467382257708,-6.14281715394441,0,cronobacter sakazakii,cronobacter
nc 005178,pseudomonas aeruginosa,NCBI_HR,1,0.0620566876461678,0.142941224396368,-2.13955501602594,1,pseudomonas aeruginosa,pseudomonas
nc 009543,xanthomonas oryzae,NCBI_HR,1,0.20976653557309,0.290359793117858,-11.7738775191919,1,xanthomonas oryzae,xanthomonas
nc 031008,staphylococcus aureus,NCBI_HR,1,0.157873405353344,0.269963467997307,-3.53609935453908,1,staphylococcus aureus,staphylococcus
nc 031053,klebsiella pneumoniae,NCBI_HR,1,0.0838995761605434,0.181895786840397,-6.76680205317494,0,klebsiella pneumoniae,klebsiella
nc 031095,cronobacter sakazakii,NCBI_HR,1,0.241996760229203,0.307918404657254,-17.4788935190055,0,cronobacter sakazakii,cronobacter
nc 012419,enterococcus faecalis,NCBI_HR,1,0.347000772706248,0.357546298712533,-0.962574653866092,1,enterococcus faecalis,enterococcus
nc 031095,klebsiella pneumoniae,NCBI_HR,1,0.216618967997995,0.305161585570786,-18.1028784182361,1,klebsiella pneumoniae,klebsiella
nc 031095,klebsiella oxytoca,NCBI_HR,1,0.232269354544568,0.301359298088301,-16.5031058913056,0,klebsiella oxytoca,klebsiella
nc 012093,pseudomonas syringae,NCBI_HR,1,0.18827073405681,0.394427194908138,-4.81535154048559,0,pseudomonas syringae,pseudomonas
nc 012092,pseudomonas syringae,NCBI_HR,1,0.18680798661989,0.363523516979377,-6.77351367608667,0,pseudomonas syringae,pseudomonas
nc 011613,pseudomonas aeruginosa,NCBI_HR,1,0.0596257879667642,0.145367653219526,-2.15077266713281,1,pseudomonas aeruginosa,pseudomonas
nc 011421,bacillus subtilis,NCBI_HR,1,0.522926660394193,0.463038030667693,-3.54259094699091,0,bacillus subtilis,bacillus
nc 009875,staphylococcus aureus,NCBI_HR,1,0.172966754892199,0.274618742707522,-3.94641786143118,0,staphylococcus aureus,staphylococcus
nc 028982,bacillus thuringiensis,NCBI_HR,1,0.598737010822085,0.488079979836517,5.53108435191307,0,bacillus thuringiensis,bacillus
nc 027352,bacillus cereus,NCBI_HR,1,0.530057824506529,0.405244036867955,4.38383588618388,0,bacillus cereus,bacillus
nc 027387,salmonella enterica,NCBI_HR,1,0.562338332888619,0.485606949237065,-3.14633218989498,0,salmonella enterica,salmonella
nc 027387,escherichia coli,NCBI_HR,1,0.515393278282027,0.457272024417272,-1.95051739313516,0,escherichia coli,escherichia
nc 027375,pseudomonas aeruginosa,NCBI_HR,1,0.157188251341424,0.208897599538353,-4.03731968548795,0,pseudomonas aeruginosa,pseudomonas
nc 027352,bacillus weihenstephanensis,NCBI_HR,1,0.546300139715247,0.415314954351631,4.16452647107786,0,bacillus weihenstephanensis,bacillus
nc 027352,bacillus thuringiensis,NCBI_HR,1,0.525894402454302,0.401959304695853,4.38709206204944,0,bacillus thuringiensis,bacillus
nc 027387,shigella sonnei,NCBI_HR,1,0.51161325700639,0.455222232756231,-2.23156716787539,0,shigella sonnei,shigella
nc 028745,pseudomonas aeruginosa,NCBI_HR,1,0.0899266855276309,0.179010657898672,-11.5616178446332,0,pseudomonas aeruginosa,pseudomonas
nc 028695,enterobacter aerogenes,NCBI_HR,1,0.0601405916951491,0.16952001242678,-2.87505121704519,0,enterobacter aerogenes,enterobacter
nc 027388,pseudomonas aeruginosa,NCBI_HR,1,0.226098258475324,0.24462684237937,-11.5995556045645,0,pseudomonas aeruginosa,pseudomonas
nc 027296,rhizobium etli,NCBI_HR,1,0.0659544683324827,0.162959607301314,-4.89326056073789,0,rhizobium etli,rhizobium
nc 027118,vibrio cholerae,NCBI_HR,1,0.122362946411222,0.24608011419875,3.24298498615914,0,vibrio cholerae,vibrio
nc 025451,yersinia enterocolitica,NCBI_HR,1,0.437126560742177,0.415369712923194,3.42452462334759,0,yersinia enterocolitica,yersinia
nc 025430,escherichia coli,NCBI_HR,1,0.0671975889097953,0.14066708699596,2.57661923186448,0,escherichia coli,escherichia
nc 025427,rhizobium leguminosarum,NCBI_HR,1,0.0179710771744643,0.058306565137253,1.0289211823887,1,rhizobium leguminosarum,rhizobium
nc 025829,shigella flexneri,NCBI_HR,1,0.137070888088476,0.247730400870538,-15.3450853823953,1,shigella flexneri,shigella
nc 025829,shigella sonnei,NCBI_HR,1,0.135035888977192,0.247385205387836,-15.5070011031453,1,shigella sonnei,shigella
nc 026602,pseudomonas aeruginosa,NCBI_HR,1,0.162330174246459,0.214086821602447,-4.13416634646143,0,pseudomonas aeruginosa,pseudomonas
nc 026607,salmonella enterica,NCBI_HR,1,0.173424200948874,0.250111757344937,-15.1045358129793,1,salmonella enterica,salmonella
nc 023744,mycobacterium tuberculosis,NCBI_HR,1,0.0975888513502479,0.168919293700165,2.78410598690597,1,mycobacterium tuberculosis,mycobacterium
nc 026601,pseudomonas aeruginosa,NCBI_HR,1,0.0599109446493675,0.139811998089157,-2.40007110397394,1,pseudomonas aeruginosa,pseudomonas
nc 026600,pseudomonas aeruginosa,NCBI_HR,1,0.0914812399750563,0.178733682115588,-11.5773101790834,1,pseudomonas aeruginosa,pseudomonas
nc 026599,pseudomonas aeruginosa,NCBI_HR,1,0.411888848838666,0.366879118159323,-14.1264738991311,0,pseudomonas aeruginosa,pseudomonas
nc 026594,pseudomonas aeruginosa,NCBI_HR,1,0.207515673774035,0.242375487708249,-2.9815345420673,0,pseudomonas aeruginosa,pseudomonas
nc 026587,pseudomonas aeruginosa,NCBI_HR,1,0.274313105075299,0.275215065256637,-11.8024562642394,1,pseudomonas aeruginosa,pseudomonas
nc 026586,pseudomonas aeruginosa,NCBI_HR,1,0.0879371050997186,0.17680472486832,-10.8122683353983,1,pseudomonas aeruginosa,pseudomonas
nc 026010,shigella flexneri,NCBI_HR,1,0.0935235559461514,0.198391211682294,-5.44660882459294,0,shigella flexneri,shigella
nc 029091,escherichia coli,NCBI_HR,1,0.198823252221992,0.2962384465601,-13.0636941573987,1,escherichia coli,escherichia
nc 028862,staphylococcus aureus,NCBI_HR,1,0.124644148549461,0.206408744151666,0.82569103910042,1,staphylococcus aureus,staphylococcus
nc 028836,pseudomonas aeruginosa,NCBI_HR,1,0.160903593570965,0.212636614625575,-4.28442316937349,1,pseudomonas aeruginosa,pseudomonas
nc 028795,shigella flexneri,NCBI_HR,1,0.432192807139682,0.409676400625176,-0.118653055650995,0,shigella flexneri,shigella
nc 028795,salmonella enterica,NCBI_HR,1,0.508842600325192,0.452975342360043,-1.19533379842053,0,salmonella enterica,salmonella
nc 028795,proteus mirabilis,NCBI_HR,1,0.471723606356137,0.44082159111123,12.0048571120875,0,proteus mirabilis,proteus
nc 028795,escherichia coli,NCBI_HR,1,0.442640052512982,0.415027300409829,0.0004809983392917,0,escherichia coli,escherichia
nc 028880,citrobacter freundii,NCBI_HR,1,0.420207979892663,0.410482919570937,-1.41802139631634,0,citrobacter freundii,citrobacter
nc 028885,pseudomonas aeruginosa,NCBI_HR,1,0.226433015594272,0.245010829951445,-11.5266120694177,0,pseudomonas aeruginosa,pseudomonas
nc 028908,achromobacter xylosoxidans,NCBI_HR,1,0.254026053926396,0.265159367972974,-12.2108421669066,0,achromobacter xylosoxidans,achromobacter
nc 028982,bacillus cereus,NCBI_HR,1,0.603739639945948,0.491740023861319,5.52782817604751,0,bacillus cereus,bacillus
nc 028982,bacillus anthracis,NCBI_HR,1,0.615734788472584,0.49740826120717,5.44204817628192,0,bacillus anthracis,bacillus
nc 028971,pseudomonas aeruginosa,NCBI_HR,1,0.0875131288614526,0.172292342337111,-10.755311230168,1,pseudomonas aeruginosa,pseudomonas
nc 028969,brevibacillus laterosporus,NCBI_HR,1,0.0966100675042814,0.19524110094179,-3.22612205377248,1,brevibacillus laterosporus,brevibacillus
nc 028957,escherichia coli,NCBI_HR,1,0.14600652488909,0.226086648675859,-10.5485380174374,0,escherichia coli,escherichia
nc 028919,pseudomonas aeruginosa,NCBI_HR,1,0.406283578903594,0.369171098813088,-14.0855811266174,0,pseudomonas aeruginosa,pseudomonas
nc 028758,brevibacillus brevis,NCBI_HR,1,0.0851328831641758,0.203371897279923,-5.59248618628872,0,brevibacillus brevis,brevibacillus
nc 031118,gordonia terrae,NCBI_HR,1,0.0157888349291069,0.0597816451394539,-0.901984780673246,0,gordonia terrae,gordonia
nc 028758,paenibacillus larvae,NCBI_HR,1,0.0510340496524179,0.184135614967892,-2.46469244984125,1,paenibacillus larvae,paenibacillus
nc 028758,paenibacillus humicus,NCBI_HR,1,0.193327311018077,0.291524389325685,-16.2220395875777,0,paenibacillus humicus,paenibacillus
nc 031226,gordonia terrae,NCBI_HR,1,0.019151505529001,0.0605462939853311,-1.26116230574391,1,gordonia terrae,gordonia
nc 028758,paenibacillus lactis,NCBI_HR,1,0.159234289152729,0.267155822273721,-9.99202878279197,0,paenibacillus lactis,paenibacillus
nc 028758,paenibacillus castaneae,NCBI_HR,1,0.169250833351272,0.271825518625474,-2.88234086987284,0,paenibacillus castaneae,paenibacillus
nc 028758,paenibacillus alvei,NCBI_HR,1,0.204570284594482,0.29229790181224,-4.91477867053853,0,paenibacillus alvei,paenibacillus
nc 031061,gordonia terrae,NCBI_HR,1,0.0189058992745897,0.0647166066032431,-1.24934614135094,0,gordonia terrae,gordonia
nc 030943,gordonia terrae,NCBI_HR,1,0.0178789008987754,0.0609726791104748,-0.773973146598209,1,gordonia terrae,gordonia
nc 031251,gordonia terrae,NCBI_HR,1,0.0137611900731098,0.0624504237303105,-0.985211143390515,0,gordonia terrae,gordonia
nc 031269,gordonia terrae,NCBI_HR,1,0.02072272064713,0.0640695911230354,-1.10940744995114,1,gordonia terrae,gordonia
nc 031233,gordonia terrae,NCBI_HR,1,0.0189494020259865,0.0646409249359663,-1.13966189307489,0,gordonia terrae,gordonia
nc 028758,paenibacillus amylolyticus,NCBI_HR,0,0.11777124856546,0.232647626055723,-3.84436675849251,0,paenibacillus amylolyticus,paenibacillus
nc 028795,enterococcus faecalis,NCBI_HR,0,0.424982639473269,0.432506370531644,13.0903425131045,0,enterococcus faecalis,enterococcus
nc 028795,citrobacter freundii,NCBI_HR,0,0.429245892254954,0.40833152601547,-0.925448376476488,0,citrobacter freundii,citrobacter
nc 028795,aeromonas salmonicida,NCBI_HR,0,0.331257293865706,0.387692193032871,-7.75421454099387,0,aeromonas salmonicida,aeromonas
nc 028795,aeromonas hydrophila,NCBI_HR,0,0.320833706160048,0.393167339800515,-10.7775133515013,0,aeromonas hydrophila,aeromonas
nc 028758,streptomyces griseus,NCBI_HR,0,0.463345505116023,0.462734589801569,-30.3830582470425,0,streptomyces griseus,streptomyces
nc 028758,streptococcus salivarius,NCBI_HR,0,0.156900702383985,0.270817392866862,1.71158445568449,0,streptococcus salivarius,streptococcus
nc 028758,staphylococcus pasteuri,NCBI_HR,0,0.206745786380582,0.336053790271113,10.2042611657018,0,staphylococcus pasteuri,staphylococcus
nc 028758,salmonella enterica,NCBI_HR,0,0.257801857812203,0.322234636860183,-10.1218742901934,0,salmonella enterica,salmonella
nc 028758,saccharibacter floricola,NCBI_HR,0,0.13806398712076,0.261166772341299,-9.37684543622557,0,saccharibacter floricola,saccharibacter
nc 028758,ralstonia pickettii,NCBI_HR,0,0.347812134321076,0.392384786091821,-24.0605637578745,0,ralstonia pickettii,ralstonia
nc 028758,pseudomonas fluorescens,NCBI_HR,0,0.258975304184074,0.348310367568543,-18.4731256305624,0,pseudomonas fluorescens,pseudomonas
nc 028758,planomicrobium okeanokoites,NCBI_HR,0,0.0984263798012806,0.221874957250087,-3.56166533115081,0,planomicrobium okeanokoites,planomicrobium
nc 028758,pedobacter africanus,NCBI_HR,0,0.136348629889532,0.263371275806546,-1.56399791903101,0,pedobacter africanus,pedobacter
nc 028758,paenibacillus popilliae,NCBI_HR,0,0.177215577012651,0.274688558797624,-9.19346737480474,0,paenibacillus popilliae,paenibacillus
nc 028758,paenibacillus polymyxa,NCBI_HR,0,0.0889893947277497,0.211630881137896,-3.39358096424063,0,paenibacillus polymyxa,paenibacillus
nc 028758,paenibacillus peoriae,NCBI_HR,0,0.0887535801976976,0.21123305350638,-3.87555229989013,0,paenibacillus peoriae,paenibacillus
nc 028758,paenibacillus pabuli,NCBI_HR,0,0.128553680570268,0.24184032200228,-4.42569290060625,0,paenibacillus pabuli,paenibacillus
nc 028758,paenibacillus nanensis,NCBI_HR,0,0.218280260621916,0.303027006956251,-10.7759131452765,0,paenibacillus nanensis,paenibacillus
nc 028758,paenibacillus lautus,NCBI_HR,0,0.143229623133208,0.251783213362331,-9.32614127677178,0,paenibacillus lautus,paenibacillus
nc 028758,paenibacillus fonticola,NCBI_HR,0,0.125295454405776,0.24402866530269,-5.83380186888885,0,paenibacillus fonticola,paenibacillus
nc 028758,paenibacillus elgii,NCBI_HR,0,0.178032127302423,0.27922565137141,-11.5647075925942,0,paenibacillus elgii,paenibacillus
nc 028795,enterococcus faecium,NCBI_HR,0,0.395296853738796,0.444471913141883,12.6199363842002,0,enterococcus faecium,enterococcus
nc 028795,klebsiella pneumoniae,NCBI_HR,0,0.470852108790669,0.440418340809796,-6.72626881373242,1,klebsiella pneumoniae,klebsiella
nc 028795,listeria innocua,NCBI_HR,0,0.454619311390007,0.453176659902195,13.331928798302,0,listeria innocua,listeria
nc 028795,vibrio parahaemolyticus,NCBI_HR,0,0.325215526522013,0.363830538032776,5.45555628135178,0,vibrio parahaemolyticus,vibrio
nc 028908,raoultella ornithinolytica,NCBI_HR,0,0.405542707521182,0.385261069472988,-0.682012193558265,0,raoultella ornithinolytica,raoultella
nc 028908,pseudomonas aeruginosa,NCBI_HR,0,0.206984864256266,0.247483432289852,-11.2775775849103,0,pseudomonas aeruginosa,pseudomonas
nc 028908,klebsiella pneumoniae,NCBI_HR,0,0.410154619718757,0.389407711490815,-2.2949619379587,0,klebsiella pneumoniae,klebsiella
nc 028908,escherichia coli,NCBI_HR,0,0.368765707405025,0.359488768989317,4.43178787411301,0,escherichia coli,escherichia
nc 028908,enterobacter sakazakii,NCBI_HR,0,0.461508474410789,0.424502988930374,-1.67097703872818,0,enterobacter sakazakii,enterobacter
nc 028908,enterobacter cloacae,NCBI_HR,0,0.357701618853326,0.348084767759593,-0.455878409187058,0,enterobacter cloacae,enterobacter
nc 028908,enterobacter aerogenes,NCBI_HR,0,0.447323526831861,0.405425353631507,0.355102660584762,0,enterobacter aerogenes,enterobacter
nc 028908,citrobacter freundii,NCBI_HR,0,0.360232123309978,0.350847385923527,3.50585849929723,0,citrobacter freundii,citrobacter
nc 028908,acinetobacter baumannii,NCBI_HR,0,0.301745744327741,0.307644858760782,16.2394777194516,0,acinetobacter baumannii,acinetobacter
nc 028795,vibrio fischeri,NCBI_HR,0,0.312605604498882,0.370621749040409,12.4252839102546,0,vibrio fischeri,vibrio
nc 028795,listeria monocytogenes,NCBI_HR,0,0.461529580466516,0.455615753707095,12.7409688052977,0,listeria monocytogenes,listeria
nc 028795,vibrio anguillarum,NCBI_HR,0,0.375127346025863,0.3929533236321,6.73071634590131,0,vibrio anguillarum,vibrio
nc 028795,staphylococcus aureus,NCBI_HR,0,0.360332581254194,0.407115076191201,17.8803313806427,0,staphylococcus aureus,staphylococcus
nc 028795,pseudomonas segetis,NCBI_HR,0,0.341088536330629,0.383542772824854,-5.94409847887244,0,pseudomonas segetis,pseudomonas
nc 028795,pseudomonas putida,NCBI_HR,0,0.299366409813088,0.378000568238239,-10.7531333723772,0,pseudomonas putida,pseudomonas
nc 028795,pseudomonas gingeri,NCBI_HR,0,0.33103253795965,0.409471654961215,-11.8671491701952,0,pseudomonas gingeri,pseudomonas
nc 028795,pseudomonas fluorescens,NCBI_HR,0,0.340317512163071,0.396463496807777,-9.54658513878959,0,pseudomonas fluorescens,pseudomonas
nc 028795,pseudomonas aeruginosa,NCBI_HR,0,0.304921963050748,0.400890794027846,-15.7088844606841,0,pseudomonas aeruginosa,pseudomonas
nc 028795,proteus vulgaris,NCBI_HR,0,0.402494911057143,0.406207227322319,12.8478828332034,0,proteus vulgaris,proteus
nc 028795,photobacterium damselae,NCBI_HR,0,0.344741808125267,0.379441615223885,9.74124037664556,0,photobacterium damselae,photobacterium
nc 028758,paenibacillus apiarius,NCBI_HR,0,0.189276107634391,0.276770034380612,-8.64971848600921,0,paenibacillus apiarius,paenibacillus
nc 028758,lactobacillus crispatus,NCBI_HR,0,0.164421088074358,0.284171748054231,4.56906401455172,0,lactobacillus crispatus,lactobacillus
nc 028908,shigella sonnei,NCBI_HR,0,0.354701608523121,0.352333616291736,4.15073809937279,0,shigella sonnei,shigella
nc 028758,kocuria rosea,NCBI_HR,0,0.459717074535664,0.482223964247607,-30.9116654830653,0,kocuria rosea,kocuria
nc 027388,escherichia coli,NCBI_HR,0,0.449685133718428,0.397887161049333,4.10980985445885,0,escherichia coli,escherichia
nc 027388,bacillus subtilis,NCBI_HR,0,0.395277162867665,0.395625695896329,11.3729323160715,0,bacillus subtilis,bacillus
nc 027387,shigella boydii,NCBI_HR,0,0.50111312871128,0.450548854309437,-2.43549041143103,0,shigella boydii,shigella
nc 027375,staphylococcus aureus,NCBI_HR,0,0.320240650766257,0.392131894022167,29.5518961558388,0,staphylococcus aureus,staphylococcus
nc 027375,salmonella enterica,NCBI_HR,0,0.427669511606763,0.396367281116787,10.4762309767756,0,salmonella enterica,salmonella
nc 027375,proteus mirabilis,NCBI_HR,0,0.459760948632163,0.442215885727918,23.6764218872836,0,proteus mirabilis,proteus
nc 027375,listeria monocytogenes,NCBI_HR,0,0.439045031659867,0.440609556276959,24.4125335804938,0,listeria monocytogenes,listeria
nc 027375,escherichia coli,NCBI_HR,0,0.37176586902296,0.372198198248829,11.6720457735354,0,escherichia coli,escherichia
nc 027352,staphylococcus aureus,NCBI_HR,0,0.597136326004387,0.451295226814555,6.76722968711825,0,staphylococcus aureus,staphylococcus
nc 027352,salmonella enterica,NCBI_HR,0,0.743060906473989,0.596430682493244,-12.308435491945,0,salmonella enterica,salmonella
nc 027352,listeria monocytogenes,NCBI_HR,0,0.623318714602752,0.495867110807976,1.62786711177328,0,listeria monocytogenes,listeria
nc 027352,escherichia coli,NCBI_HR,0,0.694025081862825,0.568732593603446,-11.1126206951851,0,escherichia coli,escherichia
nc 027352,cronobacter sakazakii,NCBI_HR,0,0.710815955967777,0.584240800013337,-17.2153856080263,0,cronobacter sakazakii,cronobacter
nc 027352,bacillus subtilis,NCBI_HR,0,0.665728225778853,0.547668899419402,-3.84949823357245,0,bacillus subtilis,bacillus
nc 027352,bacillus sphaericus,NCBI_HR,0,0.630115716570976,0.479440299382254,0.66664670890291,0,bacillus sphaericus,bacillus
nc 027352,bacillus pumilus,NCBI_HR,0,0.602688689147418,0.495443357278732,-2.1987262932826,0,bacillus pumilus,bacillus
nc 027352,bacillus megaterium,NCBI_HR,0,0.572153131655732,0.455616793745568,1.3830394493923,0,bacillus megaterium,bacillus
nc 027352,bacillus licheniformis,NCBI_HR,0,0.670740541298623,0.556486315769569,-6.19464534213611,0,bacillus licheniformis,bacillus
nc 026607,vibrio parahaemolyticus,NCBI_HR,0,0.134458986400953,0.229405009498142,-8.45364573320703,1,vibrio parahaemolyticus,vibrio
nc 026607,staphylococcus aureus,NCBI_HR,0,0.156891081422051,0.227170500836893,3.97112936608386,0,staphylococcus aureus,staphylococcus
nc 026607,pseudomonas taetrolens,NCBI_HR,0,0.148340204334773,0.27666269654365,-21.4109619606718,0,pseudomonas taetrolens,pseudomonas
nc 027388,klebsiella pneumoniae,NCBI_HR,0,0.475953042949758,0.408696661848776,-2.61693995761286,0,klebsiella pneumoniae,klebsiella
nc 027388,salmonella enterica,NCBI_HR,0,0.55102350976176,0.464050349204208,2.91399505769903,0,salmonella enterica,salmonella
nc 027388,staphylococcus aureus,NCBI_HR,0,0.310204220213591,0.348712232763119,21.9896602367622,0,staphylococcus aureus,staphylococcus
nc 028758,bacillus borstelensis,NCBI_HR,0,0.0788062336909266,0.207345454147341,-10.0465555807057,0,bacillus borstelensis,bacillus
nc 028758,janthinobacterium lividum,NCBI_HR,0,0.263105106084397,0.342895722615268,-20.4092103368271,0,janthinobacterium lividum,janthinobacterium
nc 028758,gluconobacter oxydans,NCBI_HR,0,0.196834806949138,0.305219624988581,-19.2220828197139,0,gluconobacter oxydans,gluconobacter
nc 028758,enterococcus faecalis,NCBI_HR,0,0.106371053862667,0.239113723930103,4.16380202133172,0,enterococcus faecalis,enterococcus
nc 028758,delftia acidovorans,NCBI_HR,0,0.273510132803068,0.365129091824953,-24.631907332375,0,delftia acidovorans,delftia
nc 028758,brevibacillus laterosporus,NCBI_HR,0,0.0686472419239237,0.201234449466519,0.516065413198213,0,brevibacillus laterosporus,brevibacillus
nc 028758,bacillus subtilis,NCBI_HR,0,0.0735438056190995,0.202077223432583,-1.66293703182085,0,bacillus subtilis,bacillus
nc 028758,bacillus pumilus,NCBI_HR,0,0.077761725567154,0.204072884393302,-0.0121650915309957,0,bacillus pumilus,bacillus
nc 028758,bacillus megaterium,NCBI_HR,0,0.104956229881725,0.226539420310886,3.5696006511439,0,bacillus megaterium,bacillus
nc 028758,bacillus licheniformis,NCBI_HR,0,0.0951564112432771,0.218181947565685,-4.00808414038451,0,bacillus licheniformis,bacillus
nc 028695,vibrio parahaemolyticus,NCBI_HR,0,0.208962528219107,0.292093899597612,6.65670927949555,0,vibrio parahaemolyticus,vibrio
nc 028695,achromobacter xylosoxidans,NCBI_HR,0,0.141244226719774,0.253148826469314,-15.4409960445365,0,achromobacter xylosoxidans,achromobacter
nc 028695,shigella sonnei,NCBI_HR,0,0.0886416018749361,0.180030182394079,0.920584221742835,0,shigella sonnei,shigella
nc 028695,serratia marcescens,NCBI_HR,0,0.0787509761233142,0.208646201140567,-7.68196918809473,0,serratia marcescens,serratia
nc 028695,raoultella ornithinolytica,NCBI_HR,0,0.0783106695483045,0.182344384710926,-3.91216607118822,0,raoultella ornithinolytica,raoultella
nc 028695,pseudomonas aeruginosa,NCBI_HR,0,0.209145347287685,0.280454474280185,-14.5077314625403,0,pseudomonas aeruginosa,pseudomonas
nc 028695,escherichia coli,NCBI_HR,0,0.081379530518369,0.176302050968735,1.20163399648306,0,escherichia coli,escherichia
nc 028695,enterobacter sakazakii,NCBI_HR,0,0.0683015692357907,0.175804431277453,-4.90113091635813,0,enterobacter sakazakii,enterobacter
nc 028695,enterobacter cloacae,NCBI_HR,0,0.0896194213852654,0.189368579787188,-3.68603228681701,0,enterobacter cloacae,enterobacter
nc 028695,citrobacter freundii,NCBI_HR,0,0.0875127137589636,0.180375294613329,0.27570462166728,0,citrobacter freundii,citrobacter
nc 028695,acinetobacter baumannii,NCBI_HR,0,0.238392030528154,0.329417469699172,13.0093238418216,0,acinetobacter baumannii,acinetobacter
nc 028908,serratia marcescens,NCBI_HR,0,0.360581035796879,0.349234030721184,-4.45181531046478,0,serratia marcescens,serratia
nc 028908,vibrio parahaemolyticus,NCBI_HR,0,0.262243991360677,0.291572154587887,9.8868631571255,0,vibrio parahaemolyticus,vibrio
nc 031053,yersinia enterocolitica,NCBI_HR,0,0.15188490361729,0.224825334004317,3.45881986770482,0,yersinia enterocolitica,yersinia
nc 029102,klebsiella pneumoniae,NCBI_HR,0,0.457854223350873,0.435779243560844,-6.85778698489916,0,klebsiella pneumoniae,klebsiella
nc 029106,serratia marcescens,NCBI_HR,0,0.125334884822516,0.185345871699233,0.456884459561579,0,serratia marcescens,serratia
nc 029106,raoultella ornithinolytica,NCBI_HR,0,0.185071167548076,0.244400080173498,4.22668757646809,0,raoultella ornithinolytica,raoultella
nc 029106,pseudomonas aeruginosa,NCBI_HR,0,0.102389908632707,0.159153087273438,-6.36887781488398,0,pseudomonas aeruginosa,pseudomonas
nc 029106,klebsiella pneumoniae,NCBI_HR,0,0.198492423888999,0.249877665229405,2.61373783206766,0,klebsiella pneumoniae,klebsiella
nc 029106,escherichia coli,NCBI_HR,0,0.160151864531967,0.241813163155329,9.34048764413937,0,escherichia coli,escherichia
nc 029106,enterobacter cloacae,NCBI_HR,0,0.164692851833818,0.231671299186265,4.4528213608393,0,enterobacter cloacae,enterobacter
nc 029106,enterobacter aerogenes,NCBI_HR,0,0.196086207614093,0.249524419923323,5.26380243061112,0,enterobacter aerogenes,enterobacter
nc 029106,citrobacter freundii,NCBI_HR,0,0.161184707290106,0.236205895125538,8.41455826932359,0,citrobacter freundii,citrobacter
nc 029106,acinetobacter baumannii,NCBI_HR,0,0.24528353184838,0.308909812008416,21.1481774894779,0,acinetobacter baumannii,acinetobacter
nc 029102,vibrio parahaemolyticus,NCBI_HR,0,0.304883666321224,0.357068892140727,5.32403811018505,0,vibrio parahaemolyticus,vibrio
nc 029102,vibrio fischeri,NCBI_HR,0,0.295925609667873,0.367743440661463,12.2937657390879,0,vibrio fischeri,vibrio
nc 029102,vibrio anguillarum,NCBI_HR,0,0.356184928694071,0.385633106034268,6.59919817473458,0,vibrio anguillarum,vibrio
nc 029102,staphylococcus aureus,NCBI_HR,0,0.336437709609141,0.397926460691753,17.7488132094759,0,staphylococcus aureus,staphylococcus
nc 029102,pseudomonas segetis,NCBI_HR,0,0.323089580129071,0.380408665124867,-6.07561665003917,0,pseudomonas segetis,pseudomonas
nc 029102,pseudomonas putida,NCBI_HR,0,0.28084655578684,0.374477040084433,-10.884651543544,0,pseudomonas putida,pseudomonas
nc 029102,pseudomonas gingeri,NCBI_HR,0,0.316862534509376,0.406299052026538,-11.9986673413619,0,pseudomonas gingeri,pseudomonas
nc 029102,pseudomonas fluorescens,NCBI_HR,0,0.322065740826054,0.392952750273951,-9.67810330995632,0,pseudomonas fluorescens,pseudomonas
nc 029102,pseudomonas aeruginosa,NCBI_HR,0,0.293981579892156,0.397361169803747,-15.8404026318508,0,pseudomonas aeruginosa,pseudomonas
nc 029102,proteus vulgaris,NCBI_HR,0,0.382641684084793,0.399900601742288,12.7163646620366,0,proteus vulgaris,proteus
nc 029102,photobacterium damselae,NCBI_HR,0,0.330189974492669,0.375414940186942,9.60972220547882,0,photobacterium damselae,photobacterium
nc 029102,listeria monocytogenes,NCBI_HR,0,0.447181241426853,0.453176866567187,12.609450634131,0,listeria monocytogenes,listeria
nc 029106,shigella sonnei,NCBI_HR,0,0.160859305225441,0.246951144871476,9.05943786939915,0,shigella sonnei,shigella
nc 029106,vibrio parahaemolyticus,NCBI_HR,0,0.123706821476402,0.22904539812997,14.7955629271519,0,vibrio parahaemolyticus,vibrio
nc 029121,bacillus anthracis,NCBI_HR,0,0.387116132978779,0.33905664795761,5.79284604844259,0,bacillus anthracis,bacillus
nc 031053,staphylococcus aureus,NCBI_HR,0,0.165032100226966,0.28539171679772,17.8397981412002,0,staphylococcus aureus,staphylococcus
nc 031053,shigella flexneri,NCBI_HR,0,0.0671508690005804,0.156864989760225,-0.159186295093512,0,shigella flexneri,shigella
nc 031053,shigella boydii,NCBI_HR,0,0.0720432371031131,0.161290206806403,-0.525025259399087,0,shigella boydii,shigella
nc 031053,salmonella enterica,NCBI_HR,0,0.0662226186505481,0.153482924805969,-1.23586703786304,0,salmonella enterica,salmonella
nc 031053,pseudomonas aeruginosa,NCBI_HR,0,0.138989463299559,0.244675353653217,-15.7494177001266,0,pseudomonas aeruginosa,pseudomonas
nc 031053,listeria monocytogenes,NCBI_HR,0,0.112241515071345,0.232118751020991,12.7004355658552,0,listeria monocytogenes,listeria
nc 031053,escherichia coli,NCBI_HR,0,0.0637988489833589,0.153749689969505,-0.0400522411032256,0,escherichia coli,escherichia
nc 031053,enterococcus faecalis,NCBI_HR,0,0.144583525026824,0.252415945771869,13.049809273662,0,enterococcus faecalis,enterococcus
nc 031053,clostridium perfringens,NCBI_HR,0,0.56478407243448,0.504450378167142,22.2169252138137,0,clostridium perfringens,clostridium
nc 031053,bacteroides fragilis,NCBI_HR,0,0.210595112349629,0.290676730087995,7.53966420668581,0,bacteroides fragilis,bacteroides
nc 029121,bacillus cereus,NCBI_HR,0,0.38502926522352,0.338924852803427,5.87862604820818,0,bacillus cereus,bacillus
nc 031053,bacillus licheniformis,NCBI_HR,0,0.106921171692059,0.221162881563912,4.8779231119458,0,bacillus licheniformis,bacillus
nc 031053,bacillus cereus,NCBI_HR,0,0.185017815236665,0.305147683387845,15.4564043402658,0,bacillus cereus,bacillus
nc 031008,streptococcus zooepidemicus,NCBI_HR,0,0.454303714943825,0.43247299171983,-12.3493329194762,0,streptococcus zooepidemicus,streptococcus
nc 031008,streptococcus suis,NCBI_HR,0,0.348754568814242,0.379444362621288,-12.0550247623571,0,streptococcus suis,streptococcus
nc 031008,staphylococcus epidermidis,NCBI_HR,0,0.197528051393133,0.285356054739486,-2.9375555124541,0,staphylococcus epidermidis,staphylococcus
nc 031008,escherichia coli,NCBI_HR,0,0.260998462065309,0.378304866310502,-21.4159497368425,0,escherichia coli,escherichia
nc 031008,bacillus subtilis,NCBI_HR,0,0.369524158438464,0.417310609488946,-14.1528272752298,0,bacillus subtilis,bacillus
nc 029121,bacillus thuringiensis,NCBI_HR,0,0.381107128665717,0.33597706850865,5.88188222407373,0,bacillus thuringiensis,bacillus
nc 029121,bacillus subtilis,NCBI_HR,0,0.426479877120509,0.37247254312262,-2.35470807154816,0,bacillus subtilis,bacillus
nc 029102,listeria innocua,NCBI_HR,0,0.440870481480935,0.451114322008036,13.2004106271353,0,listeria innocua,listeria
nc 029102,enterococcus faecium,NCBI_HR,0,0.387272692895514,0.444459739738134,12.4884182130335,0,enterococcus faecium,enterococcus
nc 028982,bacillus megaterium,NCBI_HR,0,0.606233813423147,0.514773542301746,2.52703173925592,0,bacillus megaterium,bacillus
nc 029102,enterococcus faecalis,NCBI_HR,0,0.406547579856285,0.426962468544323,12.9588243419378,0,enterococcus faecalis,enterococcus
nc 029010,staphylococcus cohnii,NCBI_HR,0,0.191379145681983,0.277577204093793,1.55228489299768,0,staphylococcus cohnii,staphylococcus
nc 029010,salmonella enterica,NCBI_HR,0,0.269550571184194,0.36875523591832,-17.7205598000841,0,salmonella enterica,salmonella
nc 029010,pseudomonas aeruginosa,NCBI_HR,0,0.302658638273018,0.435938880821902,-32.2341104623476,0,pseudomonas aeruginosa,pseudomonas
nc 029010,listeria monocytogenes,NCBI_HR,0,0.192582005864078,0.304933850810646,-3.78425719636584,0,listeria monocytogenes,listeria
nc 029010,escherichia coli,NCBI_HR,0,0.227567894792924,0.349686520224514,-16.5247450033243,0,escherichia coli,escherichia
nc 029010,enterococcus faecalis,NCBI_HR,0,0.171374191753484,0.291920003622563,-3.434883488559,0,enterococcus faecalis,enterococcus
nc 029010,cronobacter sakazakii,NCBI_HR,0,0.254723793688791,0.374909720174085,-22.6275099161654,0,cronobacter sakazakii,cronobacter
nc 029010,bacillus subtilis,NCBI_HR,0,0.252423798954628,0.361927411725947,-9.26162254171157,0,bacillus subtilis,bacillus
nc 029010,bacillus cereus,NCBI_HR,0,0.237308966950298,0.329637956468564,-1.02828842195524,0,bacillus cereus,bacillus
nc 029009,streptococcus sobrinus,NCBI_HR,0,0.355320952599183,0.39299225959379,-6.30428642465034,0,streptococcus sobrinus,streptococcus
nc 029009,streptococcus mutans,NCBI_HR,0,0.340122822973939,0.349860361251371,0.334259985529769,0,streptococcus mutans,streptococcus
nc 029009,staphylococcus aureus,NCBI_HR,0,0.409052474673015,0.351953052964946,4.31275581886669,0,staphylococcus aureus,staphylococcus
nc 029009,pseudomonas aeruginosa,NCBI_HR,0,0.559751842752181,0.520408278245614,-29.27646002246,0,pseudomonas aeruginosa,pseudomonas
nc 029009,porphyromonas gingivalis,NCBI_HR,0,0.524818782800323,0.436992067796101,-11.1559690239448,0,porphyromonas gingivalis,porphyromonas
nc 029009,klebsiella pneumoniae,NCBI_HR,0,0.654608825902857,0.556228374260198,-20.2938443755084,0,klebsiella pneumoniae,klebsiella
nc 029009,fusobacterium nucleatum,NCBI_HR,0,0.244446830984084,0.283696123252875,10.0517270490786,0,fusobacterium nucleatum,fusobacterium
nc 029009,burkholderia cepacia,NCBI_HR,0,0.699658100130457,0.583495336226184,-29.5041104738296,0,burkholderia cepacia,burkholderia
nc 028983,bacillus subtilis,NCBI_HR,0,0.687840807688209,0.589536742209054,-2.73739680941577,0,bacillus subtilis,bacillus
nc 028983,bacillus megaterium,NCBI_HR,0,0.607057097179199,0.515553835582412,2.49514087354898,0,bacillus megaterium,bacillus
nc 028982,bacillus subtilis,NCBI_HR,0,0.684120351722697,0.58629326338824,-2.70550594370883,0,bacillus subtilis,bacillus
nc 029010,staphylococcus intermedius,NCBI_HR,0,0.188103515729203,0.280126926627182,-3.10734189976883,1,staphylococcus intermedius,staphylococcus
nc 029010,staphylococcus warneri,NCBI_HR,0,0.215203728758542,0.280506568832879,1.51214639383038,0,staphylococcus warneri,staphylococcus
nc 029033,vibrio parahaemolyticus,NCBI_HR,0,0.224223727383449,0.300347233286062,10.7019821267244,0,vibrio parahaemolyticus,vibrio
nc 029102,aeromonas salmonicida,NCBI_HR,0,0.321236496824086,0.386763076873168,-7.8857327121606,0,aeromonas salmonicida,aeromonas
nc 029102,aeromonas hydrophila,NCBI_HR,0,0.31181896904421,0.392755173837795,-10.909031522668,0,aeromonas hydrophila,aeromonas
nc 029101,staphylococcus aureus,NCBI_HR,0,0.302158241550155,0.345462424821694,22.0254983895503,0,staphylococcus aureus,staphylococcus
nc 029101,salmonella enterica,NCBI_HR,0,0.546848995804867,0.46203358639981,2.94983321048713,0,salmonella enterica,salmonella
nc 029101,klebsiella pneumoniae,NCBI_HR,0,0.471231860180029,0.406771918688626,-2.58110180482477,0,klebsiella pneumoniae,klebsiella
nc 029101,escherichia coli,NCBI_HR,0,0.444638509156139,0.394099091895786,4.14564800724695,0,escherichia coli,escherichia
nc 029101,bacillus subtilis,NCBI_HR,0,0.389209465017388,0.391971590141534,11.4087704688596,0,bacillus subtilis,bacillus
nc 029078,streptococcus suis,NCBI_HR,0,0.174842140253758,0.300312624974061,-7.45800264355682,0,streptococcus suis,streptococcus
nc 029078,staphylococcus aureus,NCBI_HR,0,0.145542239362972,0.28277710670474,1.06092276426117,0,staphylococcus aureus,staphylococcus
nc 029033,shigella sonnei,NCBI_HR,0,0.240594979461961,0.32178030446848,4.96585706897168,0,shigella sonnei,shigella
nc 029033,acinetobacter baumannii,NCBI_HR,0,0.37085699531379,0.406077569294676,17.0545966890505,0,acinetobacter baumannii,acinetobacter
nc 029033,serratia marcescens,NCBI_HR,0,0.198686320930059,0.2802667087939,-3.63669634086589,0,serratia marcescens,serratia
nc 029033,raoultella ornithinolytica,NCBI_HR,0,0.235538364017912,0.317155350861463,0.133106776040627,0,raoultella ornithinolytica,raoultella
nc 029033,pseudomonas aeruginosa,NCBI_HR,0,0.216216966840211,0.278682546811534,-10.4624586153114,0,pseudomonas aeruginosa,pseudomonas
nc 029033,klebsiella pneumoniae,NCBI_HR,0,0.261222191171127,0.333436450629999,-1.47984296835981,0,klebsiella pneumoniae,klebsiella
nc 029033,escherichia coli,NCBI_HR,0,0.23198983034665,0.314486702766755,5.2469068437119,0,escherichia coli,escherichia
nc 029033,enterobacter sakazakii,NCBI_HR,0,0.226865332726825,0.311615053369592,-0.855858069129283,0,enterobacter sakazakii,enterobacter
nc 029033,enterobacter cloacae,NCBI_HR,0,0.240508385187921,0.316795301797263,0.359240560411834,0,enterobacter cloacae,enterobacter
nc 029033,enterobacter aerogenes,NCBI_HR,0,0.223868641447246,0.30700218577888,1.17022163018365,0,enterobacter aerogenes,enterobacter
nc 029033,citrobacter freundii,NCBI_HR,0,0.239647859033054,0.31863403466759,4.32097746889612,0,citrobacter freundii,citrobacter
nc 026607,pseudomonas putrefaciens,NCBI_HR,0,0.203169814424794,0.291778657133197,-7.58993679271435,0,pseudomonas putrefaciens,pseudomonas
nc 026607,pseudomonas fluorescens,NCBI_HR,0,0.172305495053697,0.298438188337976,-23.4557871533484,0,pseudomonas fluorescens,pseudomonas
nc 026607,listeria monocytogenes,NCBI_HR,0,0.0931918458708668,0.183499355189254,-1.16823320926111,0,listeria monocytogenes,listeria
nc 018863,salmonella enterica,NCBI_HR,0,0.629136253937856,0.502666914048879,-14.256194203334,0,salmonella enterica,salmonella
nc 019925,dickeya dadantii,NCBI_HR,0,0.26817710624568,0.277763005541773,-7.01795909244412,0,dickeya dadantii,dickeya
nc 019925,dickeya chrysanthemi,NCBI_HR,0,0.276672056223869,0.281598245901225,-5.01223798133506,0,dickeya chrysanthemi,dickeya
nc 019514,pantoea ananatis,NCBI_HR,0,0.216412196825691,0.240056591971137,-1.60087613185201,0,pantoea ananatis,pantoea
nc 019514,pantoea agglomerans,NCBI_HR,0,0.181152630669422,0.224714805964656,-3.51082956833654,0,pantoea agglomerans,pantoea
nc 019514,erwinia persicina,NCBI_HR,0,0.181622193589725,0.223435643204434,-3.10784757915302,0,erwinia persicina,erwinia
nc 019514,erwinia billingiae,NCBI_HR,0,0.19388187558956,0.226372327444673,-3.10734172884138,0,erwinia billingiae,erwinia
nc 019510,erwinia persicina,NCBI_HR,0,0.376743115350118,0.392604944468857,-3.26046355768349,0,erwinia persicina,erwinia
nc 019510,erwinia billingiae,NCBI_HR,0,0.370211051155332,0.386650049531791,-3.25995770737185,0,erwinia billingiae,erwinia
nc 019504,pantoea ananatis,NCBI_HR,0,0.229724668892428,0.300338202758219,-9.46159325822337,0,pantoea ananatis,pantoea
nc 019504,pantoea agglomerans,NCBI_HR,0,0.232974507265056,0.301667949216304,-11.3715466947079,0,pantoea agglomerans,pantoea
nc 019504,erwinia persicina,NCBI_HR,0,0.241896370188308,0.311619421867141,-10.9685647055244,0,erwinia persicina,erwinia
nc 019504,erwinia billingiae,NCBI_HR,0,0.212839406563446,0.289524961267223,-10.9680588552127,0,erwinia billingiae,erwinia
nc 019452,serratia marcescens,NCBI_HR,0,0.197996907038977,0.248084464160294,-15.1211063643622,0,serratia marcescens,serratia
nc 019452,salmonella enterica,NCBI_HR,0,0.232742032581332,0.255961612402136,-7.43331797654419,0,salmonella enterica,salmonella
nc 019452,proteus mirabilis,NCBI_HR,0,0.272667219451521,0.30253190454874,5.76687293396385,0,proteus mirabilis,proteus
nc 019452,klebsiella pneumoniae,NCBI_HR,0,0.231338267247909,0.26705775736197,-12.9642529918561,0,klebsiella pneumoniae,klebsiella
nc 019452,enterococcus faecalis,NCBI_HR,0,0.167956149520033,0.229797633033808,6.85235833498088,0,enterococcus faecalis,enterococcus
nc 019452,enterobacter aerogenes,NCBI_HR,0,0.23887389685419,0.258947824407936,-10.3141883933126,0,enterobacter aerogenes,enterobacter
nc 019401,cronobacter universalis,NCBI_HR,0,0.365481205734435,0.375506884994005,-22.2991707713037,0,cronobacter universalis,cronobacter
nc 018863,staphylococcus aureus,NCBI_HR,0,0.579933861162961,0.409093945204672,4.8194709757292,0,staphylococcus aureus,staphylococcus
nc 019925,dickeya dianthicola,NCBI_HR,0,0.265363122227369,0.276071288835459,-6.68027241949454,1,dickeya dianthicola,dickeya
nc 019925,dickeya dieffenbachiae,NCBI_HR,0,0.266568623224585,0.277161670057515,-7.17902668289705,0,dickeya dieffenbachiae,dickeya
nc 019925,dickeya zeae,NCBI_HR,0,0.241849620267677,0.261934738868879,-4.16869614249594,0,dickeya zeae,dickeya
nc 021300,idiomarina loihiensis,NCBI_HR,0,0.625197303983848,0.538843675520766,-2.31803038293732,0,idiomarina loihiensis,idiomarina
nc 021347,rhodococcus opacus,NCBI_HR,0,0.0747390770355922,0.117526538069169,-0.42918766610336,1,rhodococcus opacus,rhodococcus
nc 021347,rhodococcus erythropolis,NCBI_HR,0,0.077858466564051,0.141507087442731,4.9969215102164,0,rhodococcus erythropolis,rhodococcus
nc 021347,mycobacterium phlei,NCBI_HR,0,0.0799275743176139,0.118562259776574,-1.97398663400828,0,mycobacterium phlei,mycobacterium
nc 021300,pseudoalteromonas translucida,NCBI_HR,0,0.589293936706505,0.540165643875507,4.62177058450869,0,pseudoalteromonas translucida,pseudoalteromonas
nc 021300,pseudoalteromonas phenolica,NCBI_HR,0,0.583816169970806,0.520276859744266,4.1422580196657,0,pseudoalteromonas phenolica,pseudoalteromonas
nc 021300,pseudoalteromonas nigrifaciens,NCBI_HR,0,0.58903821279911,0.539439560505543,4.52376850708897,0,pseudoalteromonas nigrifaciens,pseudoalteromonas
nc 021300,pseudoalteromonas atlantica,NCBI_HR,0,0.683297714205176,0.573731848908738,0.106116074532252,0,pseudoalteromonas atlantica,pseudoalteromonas
nc 021300,pseudoalteromonas arctica,NCBI_HR,0,0.573178104717717,0.522105666981475,5.54634772418385,0,pseudoalteromonas arctica,pseudoalteromonas
nc 021300,idiomarina fontislapidosi,NCBI_HR,0,0.685587539030626,0.574715029318254,-3.0404190130163,0,idiomarina fontislapidosi,idiomarina
nc 020870,leuconostoc mesenteroides,NCBI_HR,0,0.128707108255959,0.279716835549925,-1.10656684823264,0,leuconostoc mesenteroides,leuconostoc
nc 021300,alteromonas marina,NCBI_HR,0,0.590576793413967,0.519068968112129,0.241665098104079,0,alteromonas marina,alteromonas
nc 021300,alteromonas macleodii,NCBI_HR,0,0.591317832863719,0.519860498420135,0.045527809934562,0,alteromonas macleodii,alteromonas
nc 021063,rhodococcus globerulus,NCBI_HR,0,0.143025052131623,0.221102543973813,-3.02127533428958,0,rhodococcus globerulus,rhodococcus
nc 021063,rhodococcus erythropolis,NCBI_HR,0,0.131256186946436,0.215101030633023,-3.831526493038,0,rhodococcus erythropolis,rhodococcus
nc 021063,nocardia otitidiscaviarum,NCBI_HR,0,0.18811978606311,0.259764219240897,-10.4178696007737,0,nocardia otitidiscaviarum,nocardia
nc 021063,nocardia brasiliensis,NCBI_HR,0,0.198531507709714,0.258751455446155,-9.40991341953907,0,nocardia brasiliensis,nocardia
nc 021063,gordonia terrae,NCBI_HR,0,0.160109476544696,0.2291219744974,-9.16717861340241,0,gordonia terrae,gordonia
nc 020880,leuconostoc mesenteroides,NCBI_HR,0,0.123960590078879,0.269710284954151,-1.07609644994994,0,leuconostoc mesenteroides,leuconostoc
nc 020873,bacillus subtilis,NCBI_HR,0,0.674661649408818,0.550301438323462,-3.52935202531889,0,bacillus subtilis,bacillus
nc 018863,shigella flexneri,NCBI_HR,0,0.616930647434996,0.493404320619748,-13.1795134605645,0,shigella flexneri,shigella
nc 018863,listeria monocytogenes,NCBI_HR,0,0.514569143869525,0.398031531043274,-0.319891599615765,0,listeria monocytogenes,listeria
nc 026607,escherichia coli,NCBI_HR,0,0.133607505776035,0.231563181119627,-13.9087210162195,1,escherichia coli,escherichia
nc 018863,escherichia coli,NCBI_HR,0,0.623272586066067,0.495357471961367,-13.0603794065742,0,escherichia coli,escherichia
nc 016563,escherichia coli,NCBI_HR,0,0.621567086345577,0.493024053798454,-14.3235682524903,0,escherichia coli,escherichia
nc 016563,enterococcus faecalis,NCBI_HR,0,0.559406715488362,0.435165069404,-1.23370673772501,0,enterococcus faecalis,enterococcus
nc 016563,bacillus weihenstephanensis,NCBI_HR,0,0.483597945560142,0.341545728673337,0.953578913772731,0,bacillus weihenstephanensis,bacillus
nc 016563,bacillus subtilis,NCBI_HR,0,0.606521115167088,0.47912182390376,-7.06044579087758,0,bacillus subtilis,bacillus
nc 016563,bacillus megaterium,NCBI_HR,0,0.514420739779262,0.391379202751287,-1.82790810791283,0,bacillus megaterium,bacillus
nc 016562,campylobacter coli,NCBI_HR,0,0.242978141363448,0.294555709369147,-4.78608043531341,1,campylobacter coli,campylobacter
nc 016165,rhodospirillum centenum,NCBI_HR,0,0.102059988840945,0.176962634748731,-5.56551555887152,0,rhodospirillum centenum,rhodospirillum
nc 016165,rhodopseudomonas palustris,NCBI_HR,0,0.0473000916952068,0.114470817155142,-0.901167006490866,0,rhodopseudomonas palustris,rhodopseudomonas
nc 016165,rhodobacter sphaeroides,NCBI_HR,0,0.0627439296784184,0.125963369610115,-4.20840008711498,0,rhodobacter sphaeroides,rhodobacter
nc 016165,paracoccus denitrificans,NCBI_HR,0,0.044914670854881,0.113439458082882,-1.85502956594223,0,paracoccus denitrificans,paracoccus
nc 016165,escherichia coli,NCBI_HR,0,0.190844328161611,0.281287575627349,14.1253472604768,0,escherichia coli,escherichia
nc 016073,yersinia enterocolitica,NCBI_HR,0,0.200584362911898,0.233753943249893,-2.73719075267198,1,yersinia enterocolitica,yersinia
nc 016073,vibrio fischeri,NCBI_HR,0,0.204248819281816,0.243695113373499,6.18874005043529,0,vibrio fischeri,vibrio
nc 016073,staphylococcus epidermidis,NCBI_HR,0,0.157412396756938,0.246981861973061,12.2423313629083,0,staphylococcus epidermidis,staphylococcus
nc 016073,staphylococcus aureus,NCBI_HR,0,0.154284524762447,0.231957062933343,11.6437875208234,0,staphylococcus aureus,staphylococcus
nc 016073,shigella flexneri,NCBI_HR,0,0.173699417768634,0.217626147187541,-6.35519691547031,0,shigella flexneri,shigella
nc 016073,shigella boydii,NCBI_HR,0,0.173231131627376,0.217979484728584,-6.72103587977588,0,shigella boydii,shigella
nc 016073,pseudomonas aeruginosa,NCBI_HR,0,0.213863036178753,0.28472266269336,-21.9454283205034,0,pseudomonas aeruginosa,pseudomonas
nc 016073,enterococcus faecalis,NCBI_HR,0,0.17224514031073,0.231240160491885,6.85379865328523,0,enterococcus faecalis,enterococcus
nc 016073,cronobacter sakazakii,NCBI_HR,0,0.262454188479569,0.279676768982555,-12.3388277743212,0,cronobacter sakazakii,cronobacter
nc 016073,bacillus subtilis,NCBI_HR,0,0.18146073051375,0.255102098592957,1.02705960013266,0,bacillus subtilis,bacillus
nc 016563,lactococcus lactis,NCBI_HR,0,0.53765348017091,0.438064493796283,1.44870300435465,0,lactococcus lactis,lactococcus
nc 016563,listeria ivanovii,NCBI_HR,0,0.547430429234043,0.406471256283573,-0.569456421589258,0,listeria ivanovii,listeria
nc 016563,listeria monocytogenes,NCBI_HR,0,0.565707873408578,0.420171084820991,-1.58308044553185,0,listeria monocytogenes,listeria
nc 018856,escherichia coli,NCBI_HR,0,0.629835615715779,0.504902978168746,-12.6259319649422,0,escherichia coli,escherichia
nc 018863,enterococcus faecalis,NCBI_HR,0,0.554104378422786,0.439289228682614,0.0294821081910754,0,enterococcus faecalis,enterococcus
nc 018861,campylobacter coli,NCBI_HR,0,0.238373365838558,0.295176030256888,-4.70222316770382,1,campylobacter coli,campylobacter
nc 018856,streptococcus salivarius,NCBI_HR,0,0.445543308274295,0.382663859970677,-1.98828801582422,0,streptococcus salivarius,streptococcus
nc 018856,staphylococcus epidermidis,NCBI_HR,0,0.525738859986395,0.379283125999188,5.85246225944612,0,staphylococcus epidermidis,staphylococcus
nc 018856,staphylococcus aureus,NCBI_HR,0,0.574971562939918,0.408105693244457,5.25391841736114,0,staphylococcus aureus,staphylococcus
nc 018856,salmonella enterica,NCBI_HR,0,0.639439898983447,0.509441548062665,-13.8217467617021,0,salmonella enterica,salmonella
nc 018856,listeria monocytogenes,NCBI_HR,0,0.576481625534922,0.436093211297095,0.114555842016173,0,listeria monocytogenes,listeria
nc 018856,listeria ivanovii,NCBI_HR,0,0.566955618128539,0.428053242251865,1.12817986595876,0,listeria ivanovii,listeria
nc 018856,lactococcus lactis,NCBI_HR,0,0.570496997713928,0.46007311570363,3.14633929190267,0,lactococcus lactis,lactococcus
nc 018856,enterococcus faecalis,NCBI_HR,0,0.603757323868856,0.464316932755532,0.463929549823014,0,enterococcus faecalis,enterococcus
nc 016563,salmonella enterica,NCBI_HR,0,0.655205114551078,0.508004374561906,-15.5193830492501,0,salmonella enterica,salmonella
nc 018856,bacillus weihenstephanensis,NCBI_HR,0,0.474980586506771,0.355896486859926,2.65121520132075,0,bacillus weihenstephanensis,bacillus
nc 018856,bacillus subtilis,NCBI_HR,0,0.576278120318821,0.479284764613341,-5.36280950332956,0,bacillus subtilis,bacillus
nc 018856,bacillus megaterium,NCBI_HR,0,0.481318927352145,0.388322732372581,-0.130271820364804,0,bacillus megaterium,bacillus
nc 018856,bacillus anthracis,NCBI_HR,0,0.468056925423914,0.353416907151773,2.78474461666119,0,bacillus anthracis,bacillus
nc 016764,pseudomonas poae,NCBI_HR,0,0.143582601185019,0.225087098015557,-2.44195472181645,0,pseudomonas poae,pseudomonas
nc 016764,pseudomonas cichorii,NCBI_HR,0,0.140880877591853,0.216491651974966,0.301937295582078,0,pseudomonas cichorii,pseudomonas
nc 016563,streptococcus salivarius,NCBI_HR,0,0.415749118294224,0.375482177169005,-3.68592430337224,0,streptococcus salivarius,streptococcus
nc 016563,staphylococcus epidermidis,NCBI_HR,0,0.483824817963368,0.340452658927842,4.1548259718981,0,staphylococcus epidermidis,staphylococcus
nc 016563,staphylococcus aureus,NCBI_HR,0,0.530260247930717,0.369478943570635,3.55628212981312,0,staphylococcus aureus,staphylococcus
nc 021347,rhodococcus rhodochrous,NCBI_HR,0,0.0626217165936618,0.110271262360108,-0.70798723597396,0,rhodococcus rhodochrous,rhodococcus
nc 021347,rhodococcus ruber,NCBI_HR,0,0.0645533115638471,0.108763803465432,-3.14477919937946,0,rhodococcus ruber,rhodococcus
nc 021531,bacillus cereus,NCBI_HR,0,0.305450333689495,0.342253302196447,14.7834162964157,0,bacillus cereus,bacillus
nc 021531,enterobacter aerogenes,NCBI_HR,0,0.248574593062946,0.247395642682605,-4.78972549848159,0,enterobacter aerogenes,enterobacter
nc 025423,enterococcus faecalis,NCBI_HR,0,0.658445801399454,0.548319498034683,3.17897721531192,0,enterococcus faecalis,enterococcus
nc 025423,bacillus weihenstephanensis,NCBI_HR,0,0.605390530007022,0.490572924026576,5.36626286680966,0,bacillus weihenstephanensis,bacillus
nc 025423,bacillus subtilis,NCBI_HR,0,0.683147117789685,0.585718014083653,-2.64776183784065,0,bacillus subtilis,bacillus
nc 025423,bacillus megaterium,NCBI_HR,0,0.597888082810608,0.509000577319503,2.58477584512411,0,bacillus megaterium,bacillus
nc 024390,leuconostoc mesenteroides,NCBI_HR,0,0.126007278489441,0.270899126807553,-0.925727160980919,0,leuconostoc mesenteroides,leuconostoc
nc 024389,leuconostoc pseudomesenteroides,NCBI_HR,0,0.243434866611038,0.327843154980037,-3.037254202946,1,leuconostoc pseudomesenteroides,leuconostoc
nc 024388,leuconostoc pseudomesenteroides,NCBI_HR,0,0.249136108470196,0.330467836956979,-3.07977519183909,0,leuconostoc pseudomesenteroides,leuconostoc
nc 024386,leuconostoc pseudomesenteroides,NCBI_HR,0,0.18113760584677,0.291760165055509,-2.86056645646659,0,leuconostoc pseudomesenteroides,leuconostoc
nc 024385,leuconostoc mesenteroides,NCBI_HR,0,0.116570946686042,0.260644630653481,-1.06753196928533,0,leuconostoc mesenteroides,leuconostoc
nc 024380,leuconostoc mesenteroides,NCBI_HR,0,0.130759631208058,0.28076893487006,-1.23963930877465,0,leuconostoc mesenteroides,leuconostoc
nc 024378,leuconostoc pseudomesenteroides,NCBI_HR,0,0.24204729780754,0.326102661471752,-2.99939674616893,0,leuconostoc pseudomesenteroides,leuconostoc
nc 023693,pseudomonas putida,NCBI_HR,0,0.229770838457181,0.334297011979872,-24.0896306285399,0,pseudomonas putida,pseudomonas
nc 023693,bacillus subtilis,NCBI_HR,0,0.306460550938249,0.339903717618546,-6.07289379621074,0,bacillus subtilis,bacillus
nc 023693,bacillus pumilus,NCBI_HR,0,0.233473594177697,0.289296299816245,-4.42212185592089,0,bacillus pumilus,bacillus
nc 023582,staphylococcus intermedius,NCBI_HR,0,0.418937823699472,0.360412397019963,-7.78485302461332,0,staphylococcus intermedius,staphylococcus
nc 023582,staphylococcus haemolyticus,NCBI_HR,0,0.288015598632237,0.271618211409793,-3.35963822393115,0,staphylococcus haemolyticus,staphylococcus
nc 023582,staphylococcus aureus,NCBI_HR,0,0.318635887794942,0.28125160258355,-3.32240574586537,1,staphylococcus aureus,staphylococcus
nc 023574,lactobacillus brevis,NCBI_HR,0,0.307033216750745,0.346270604645427,-13.7430828733632,0,lactobacillus brevis,lactobacillus
nc 023566,sinorhizobium meliloti,NCBI_HR,0,0.2097330748565,0.293257289031646,-14.8066168432469,0,sinorhizobium meliloti,sinorhizobium
nc 023566,rhizobium leguminosarum,NCBI_HR,0,0.194183250298325,0.28272979171765,-12.9483671941446,0,rhizobium leguminosarum,rhizobium
nc 025423,escherichia coli,NCBI_HR,0,0.738707220555876,0.596396137339512,-9.91088429945333,0,escherichia coli,escherichia
nc 025423,lactococcus lactis,NCBI_HR,0,0.556011450111726,0.4906574069515,5.86138695739158,0,lactococcus lactis,lactococcus
nc 025423,listeria ivanovii,NCBI_HR,0,0.642305522595667,0.532953810307083,3.84322753144767,0,listeria ivanovii,listeria
nc 025451,yersinia intermedia,NCBI_HR,0,0.433918754656537,0.411379406375564,3.22725208501396,0,yersinia intermedia,yersinia
nc 026010,shigella sonnei,NCBI_HR,0,0.0951772887552841,0.199996123938792,-5.60852454534288,0,shigella sonnei,shigella
nc 026010,shigella boydii,NCBI_HR,0,0.0945094075999963,0.201021119268506,-5.81244778889852,0,shigella boydii,shigella
nc 026010,escherichia coli,NCBI_HR,0,0.0929870925401647,0.197614041433588,-5.32747477060266,0,escherichia coli,escherichia
nc 025829,shigella boydii,NCBI_HR,0,0.135304101616373,0.247928550221364,-15.7109243467009,1,shigella boydii,shigella
nc 025829,escherichia coli,NCBI_HR,0,0.141419223530931,0.249272498096171,-15.2259513284051,1,escherichia coli,escherichia
nc 025451,yersinia ruckeri,NCBI_HR,0,0.432193674546199,0.408542909149785,3.08165119620111,0,yersinia ruckeri,yersinia
nc 025451,yersinia rohdei,NCBI_HR,0,0.455435432257324,0.427464498498234,3.66550330096891,0,yersinia rohdei,yersinia
nc 025451,yersinia pseudotuberculosis,NCBI_HR,0,0.452747372592363,0.420892047795933,3.15844818708593,0,yersinia pseudotuberculosis,yersinia
nc 025451,yersinia kristensenii,NCBI_HR,0,0.453209510561234,0.424165122144992,3.29449840734001,0,yersinia kristensenii,yersinia
nc 025451,yersinia frederiksenii,NCBI_HR,0,0.452480742904692,0.423415991293082,3.2953536073203,0,yersinia frederiksenii,yersinia
nc 025423,listeria monocytogenes,NCBI_HR,0,0.700669033006283,0.572611675836113,2.82960350750508,0,listeria monocytogenes,listeria
nc 025451,yersinia bercovieri,NCBI_HR,0,0.435628761662527,0.412692967847033,1.63359706921674,0,yersinia bercovieri,yersinia
nc 025451,yersinia aldovae,NCBI_HR,0,0.440074221781068,0.411713314708872,3.00959149854784,0,yersinia aldovae,yersinia
nc 025427,sinorhizobium meliloti,NCBI_HR,0,0.0200343402377869,0.0603773945801815,-0.829328466713598,1,sinorhizobium meliloti,sinorhizobium
nc 025427,rhizobium gallicum,NCBI_HR,0,0.0206662621183712,0.059768562936576,1.82593196822005,1,rhizobium gallicum,rhizobium
nc 025427,rhizobium etli,NCBI_HR,0,0.0182878092445745,0.057789583225343,0.577762097153844,1,rhizobium etli,rhizobium
nc 025423,streptococcus salivarius,NCBI_HR,0,0.379333090571121,0.359202002964671,0.726759649664693,0,streptococcus salivarius,streptococcus
nc 025423,staphylococcus epidermidis,NCBI_HR,0,0.507223308440248,0.42655197249523,8.56750992493503,0,staphylococcus epidermidis,staphylococcus
nc 025423,staphylococcus aureus,NCBI_HR,0,0.596511240960846,0.479468909675798,7.96896608285005,0,staphylococcus aureus,staphylococcus
nc 025423,salmonella enterica,NCBI_HR,0,0.778087885288075,0.620367513467052,-11.1066990962131,0,salmonella enterica,salmonella
nc 023566,rhizobium etli,NCBI_HR,0,0.196062320210324,0.284827419310993,-13.3995262793794,0,rhizobium etli,rhizobium
nc 023007,streptococcus salivarius,NCBI_HR,0,0.138863789206118,0.231564854495185,-5.80994848320847,0,streptococcus salivarius,streptococcus
nc 023007,staphylococcus epidermidis,NCBI_HR,0,0.161718482537926,0.216481282772923,2.03080179206187,0,staphylococcus epidermidis,staphylococcus
nc 021562,vibrio furnissii,NCBI_HR,0,0.13363166863927,0.306875830978781,-6.38253286307555,0,vibrio furnissii,vibrio
nc 021783,pseudomonas aeruginosa,NCBI_HR,0,0.198141181503262,0.252940797578272,-10.1713397590324,0,pseudomonas aeruginosa,pseudomonas
nc 021783,listeria monocytogenes,NCBI_HR,0,0.223061346552625,0.310252617915104,18.2785135069493,0,listeria monocytogenes,listeria
nc 021783,listeria innocua,NCBI_HR,0,0.231261657673681,0.313975903845063,18.8694734999536,0,listeria innocua,listeria
nc 021783,escherichia coli,NCBI_HR,0,0.144147348922882,0.214634488327786,5.53802569999092,0,escherichia coli,escherichia
nc 021783,enterococcus faecalis,NCBI_HR,0,0.257644904682956,0.329985529727308,18.6278872147562,0,enterococcus faecalis,enterococcus
nc 021783,cronobacter sakazakii,NCBI_HR,0,0.139196372739208,0.204403789666134,-0.564739212850263,0,cronobacter sakazakii,cronobacter
nc 021783,bacillus subtilis,NCBI_HR,0,0.233873959752095,0.298231740898358,12.8011481616036,0,bacillus subtilis,bacillus
nc 021783,bacillus cereus,NCBI_HR,0,0.300942208769227,0.373716738994722,21.0344822813599,0,bacillus cereus,bacillus
nc 021562,vibrio parahaemolyticus,NCBI_HR,0,0.123427004370587,0.29492483996688,-1.02544493676346,0,vibrio parahaemolyticus,vibrio
nc 021562,vibrio fluvialis,NCBI_HR,0,0.149504624815811,0.315026532045347,-5.63584223304567,0,vibrio fluvialis,vibrio
nc 021783,shigella flexneri,NCBI_HR,0,0.145522687988155,0.214877025975892,5.41889164600064,0,shigella flexneri,shigella
nc 021531,vibrio fischeri,NCBI_HR,0,0.252683354923449,0.272544924332454,11.711762626962,0,vibrio fischeri,vibrio
nc 021531,staphylococcus aureus,NCBI_HR,0,0.235887237739868,0.283895537141267,17.16681009735,0,staphylococcus aureus,staphylococcus
nc 021531,salmonella enterica,NCBI_HR,0,0.236812561272473,0.246369442750321,-1.90885508171316,0,salmonella enterica,salmonella
nc 021531,pseudomonas aeruginosa,NCBI_HR,0,0.259522863673342,0.314985528510429,-16.4224057439767,0,pseudomonas aeruginosa,pseudomonas
nc 021531,listeria monocytogenes,NCBI_HR,0,0.266261923080305,0.309027981831349,12.0274475220051,0,listeria monocytogenes,listeria
nc 021531,klebsiella pneumoniae,NCBI_HR,0,0.266888192129954,0.265907575856632,-7.43979009702505,0,klebsiella pneumoniae,klebsiella
nc 021531,klebsiella oxytoca,NCBI_HR,0,0.26011948448124,0.256177537707412,-5.84001757009454,0,klebsiella oxytoca,klebsiella
nc 021531,escherichia coli,NCBI_HR,0,0.191115765793587,0.210246233981815,-0.713040284953337,0,escherichia coli,escherichia
nc 021531,enterococcus faecalis,NCBI_HR,0,0.270362154314407,0.310530136537046,12.3768212298119,0,enterococcus faecalis,enterococcus
nc 021783,shigella boydii,NCBI_HR,0,0.147459810421123,0.215865474747129,5.05305268169506,0,shigella boydii,shigella
nc 021783,staphylococcus aureus,NCBI_HR,0,0.272077810379884,0.348454610180657,23.4178760822943,0,staphylococcus aureus,staphylococcus
nc 023007,staphylococcus aureus,NCBI_HR,0,0.220881016806574,0.238569405723908,1.43225794997689,0,staphylococcus aureus,staphylococcus
nc 023007,bacillus megaterium,NCBI_HR,0,0.332820633032925,0.330006668655327,-3.95193228774906,0,bacillus megaterium,bacillus
nc 023007,salmonella enterica,NCBI_HR,0,0.540588192792242,0.482374219446566,-17.6434072290863,0,salmonella enterica,salmonella
nc 023007,listeria monocytogenes,NCBI_HR,0,0.345499062570911,0.318464014614214,-3.70710462536808,0,listeria monocytogenes,listeria
nc 023007,listeria ivanovii,NCBI_HR,0,0.298805503658647,0.291511649835978,-2.69348060142549,0,listeria ivanovii,listeria
nc 023007,lactococcus lactis,NCBI_HR,0,0.22465670190487,0.276242586331491,-0.675321175481585,0,lactococcus lactis,lactococcus
nc 023007,escherichia coli,NCBI_HR,0,0.439601631581675,0.429910247170314,-16.4475924323265,0,escherichia coli,escherichia
nc 023007,enterococcus faecalis,NCBI_HR,0,0.293423522666017,0.302024209415785,-3.35773091756124,0,enterococcus faecalis,enterococcus
nc 023007,bacillus weihenstephanensis,NCBI_HR,0,0.265157343628282,0.259392753955697,-1.1704452660635,0,bacillus weihenstephanensis,bacillus
nc 023007,bacillus subtilis,NCBI_HR,0,0.342570172689207,0.373460833258369,-9.18446997071381,0,bacillus subtilis,bacillus
nc 023007,bacillus sphaericus,NCBI_HR,0,0.318474625711095,0.297832906450644,-4.66832502823845,0,bacillus sphaericus,bacillus
nc 022090,staphylococcus haemolyticus,NCBI_HR,0,0.565168075486469,0.400663265074259,-2.9551970758325,0,staphylococcus haemolyticus,staphylococcus
nc 021783,staphylococcus epidermidis,NCBI_HR,0,0.359338792409769,0.395340169117993,24.0164199243793,0,staphylococcus epidermidis,staphylococcus
nc 022090,staphylococcus epidermidis,NCBI_HR,0,0.53793416162345,0.384093050878111,-2.31942075568174,0,staphylococcus epidermidis,staphylococcus
nc 021801,salmonella enterica,NCBI_HR,0,0.286521123516023,0.369481470810246,-17.4247107541969,0,salmonella enterica,salmonella
nc 021801,pseudomonas aeruginosa,NCBI_HR,0,0.302755699249934,0.421881884435909,-31.9382614164604,0,pseudomonas aeruginosa,pseudomonas
nc 021801,listeria monocytogenes,NCBI_HR,0,0.205607714708767,0.302658822930798,-3.48840815047862,0,listeria monocytogenes,listeria
nc 021801,escherichia coli,NCBI_HR,0,0.23709303708813,0.348009776209251,-16.228895957437,0,escherichia coli,escherichia
nc 021801,enterococcus faecalis,NCBI_HR,0,0.184726788993252,0.291590428202569,-3.13903444267178,0,enterococcus faecalis,enterococcus
nc 021801,bacillus subtilis,NCBI_HR,0,0.267235983540109,0.364534931345293,-8.96577349582435,0,bacillus subtilis,bacillus
nc 021801,bacillus cereus,NCBI_HR,0,0.242690154706622,0.32666157677277,-0.732439376068015,0,bacillus cereus,bacillus
nc 021783,vibrio fischeri,NCBI_HR,0,0.333966123298137,0.368088205804123,17.9628286119062,0,vibrio fischeri,vibrio
nc 031053,staphylococcus epidermidis,NCBI_HR,0,0.23243256402287,0.326507052794185,18.4383419832851,0,staphylococcus epidermidis,staphylococcus
nc 031095,bacillus cereus,NCBI_HR,0,0.17565574257831,0.272326903627059,4.12032797520467,0,bacillus cereus,bacillus
nc 031095,bacillus licheniformis,NCBI_HR,0,0.225435171992836,0.320768516103007,-6.45815325311533,0,bacillus licheniformis,bacillus
nc 031264,brucella ovis,NCBI_HR,0,0.0390701822229728,0.125564088202524,-3.85240084584004,1,brucella ovis,brucella
nc 031264,brucella inopinata,NCBI_HR,0,0.0393467158280879,0.126458050988153,-3.94213793750705,1,brucella inopinata,brucella
nc 031264,brucella ceti,NCBI_HR,0,0.0396581998636092,0.126118728948375,-3.89740397338415,1,brucella ceti,brucella
nc 031095,yersinia enterocolitica,NCBI_HR,0,0.207690804673872,0.278462437113983,-7.87725649735631,0,yersinia enterocolitica,yersinia
nc 031095,staphylococcus epidermidis,NCBI_HR,0,0.149690773378447,0.223865618530136,7.10226561822401,0,staphylococcus epidermidis,staphylococcus
nc 031095,staphylococcus aureus,NCBI_HR,0,0.156825883248125,0.22717199216383,6.50372177613903,0,staphylococcus aureus,staphylococcus
nc 031095,shigella flexneri,NCBI_HR,0,0.177429610623557,0.268792185327581,-11.4952626601546,1,shigella flexneri,shigella
nc 031095,shigella boydii,NCBI_HR,0,0.176103218777827,0.269705493827287,-11.8611016244602,1,shigella boydii,shigella
nc 031095,salmonella enterica,NCBI_HR,0,0.245409202782916,0.309218147962611,-12.5719434029242,1,salmonella enterica,salmonella
nc 031095,pseudomonas aeruginosa,NCBI_HR,0,0.204530268517206,0.329628094809241,-27.0854940651877,0,pseudomonas aeruginosa,pseudomonas
nc 031095,listeria monocytogenes,NCBI_HR,0,0.18692686785913,0.254355183826177,1.36435920079406,0,listeria monocytogenes,listeria
nc 031095,escherichia coli,NCBI_HR,0,0.184820514040738,0.273780084751518,-11.3761286061644,1,escherichia coli,escherichia
nc 031095,enterococcus faecalis,NCBI_HR,0,0.177926963940981,0.259836782788285,1.7137329086009,0,enterococcus faecalis,enterococcus
nc 031095,clostridium perfringens,NCBI_HR,0,0.35691312514972,0.349810872197303,10.8808488487526,0,clostridium perfringens,clostridium
nc 031095,bacteroides fragilis,NCBI_HR,0,0.226643044305652,0.299991446109389,-3.79641215837531,0,bacteroides fragilis,bacteroides
nc 015466,roseobacter litoralis,NCBI_HR,0,0.263739092771937,0.316704592987925,0.675037824578183,0,roseobacter litoralis,roseobacter
nc 015466,erythrobacter longus,NCBI_HR,0,0.220408748703788,0.269235048525935,0.513528887183298,0,erythrobacter longus,erythrobacter
nc 015466,erythrobacter litoralis,NCBI_HR,0,0.226332967784792,0.278581144990085,-7.30724624871873,0,erythrobacter litoralis,erythrobacter
nc 015254,staphylococcus simulans,NCBI_HR,0,0.124477204549818,0.231707967740926,0.426743145037463,0,staphylococcus simulans,staphylococcus
nc 015252,bacillus thuringiensis,NCBI_HR,0,0.211804337406721,0.297333399294874,2.02532826362938,0,bacillus thuringiensis,bacillus
nc 015252,bacillus cereus,NCBI_HR,0,0.21192005703913,0.298715169046881,2.02207208776382,0,bacillus cereus,bacillus
nc 009799,corynebacterium glutamicum,NCBI_HR,0,0.671632070450922,0.515571572156606,2.35036128784462,0,corynebacterium glutamicum,corynebacterium
nc 008721,streptococcus zooepidemicus,NCBI_HR,0,0.134607071960346,0.229567787021127,-0.122960017749882,0,streptococcus zooepidemicus,streptococcus
nc 008721,escherichia coli,NCBI_HR,0,0.257282111062777,0.344717761805773,-9.18957683511609,0,escherichia coli,escherichia
nc 008721,bacillus subtilis,NCBI_HR,0,0.173162085330271,0.288235916185436,-1.92645437350341,0,bacillus subtilis,bacillus
nc 007456,pseudomonas putida,NCBI_HR,0,0.355890159699694,0.390686871177406,-11.7481823192551,0,pseudomonas putida,pseudomonas
nc 007456,bacillus subtilis,NCBI_HR,0,0.529465923433916,0.498341699866381,6.26855451307405,0,bacillus subtilis,bacillus
nc 007456,bacillus pumilus,NCBI_HR,0,0.439130176364904,0.454408581998025,7.91932645336391,0,bacillus pumilus,bacillus
nc 006945,bacillus megaterium,NCBI_HR,0,0.286965025674771,0.379598722524759,1.80341281990533,0,bacillus megaterium,bacillus
nc 006936,pediococcus pentosaceus,NCBI_HR,0,0.193038373297302,0.265289624607306,2.10946135201866,0,pediococcus pentosaceus,pediococcus
nc 006936,leuconostoc paramesenteroides,NCBI_HR,0,0.13204655822574,0.236178286353538,1.26074517723639,0,leuconostoc paramesenteroides,leuconostoc
nc 006936,leuconostoc mesenteroides,NCBI_HR,0,0.127533324343302,0.233475229725508,1.65057052804587,0,leuconostoc mesenteroides,leuconostoc
nc 006936,leuconostoc lactis,NCBI_HR,0,0.129181388050888,0.240498058032877,-3.96964059119847,0,leuconostoc lactis,leuconostoc
nc 006936,leuconostoc fallax,NCBI_HR,0,0.0944185671357606,0.211898790046666,1.68124675888247,0,leuconostoc fallax,leuconostoc
nc 006936,lactococcus lactis,NCBI_HR,0,0.279120992607485,0.329321331757979,4.35671838470778,0,lactococcus lactis,lactococcus
nc 006936,lactobacillus salivarius,NCBI_HR,0,0.304360067502002,0.32982359350574,6.37867556226108,0,lactobacillus salivarius,lactobacillus
nc 006936,lactobacillus reuteri,NCBI_HR,0,0.168477747982369,0.257345678419993,0.340596544412413,0,lactobacillus reuteri,lactobacillus
nc 006936,lactobacillus paraplantarum,NCBI_HR,0,0.107210039922157,0.216251617866023,-4.59737651862672,0,lactobacillus paraplantarum,lactobacillus
nc 015252,enterococcus faecalis,NCBI_HR,0,0.139212167452799,0.245834870138105,-0.384522978839946,0,enterococcus faecalis,enterococcus
nc 015252,lactobacillus casei,NCBI_HR,0,0.152561017479268,0.287079664039959,-10.7308401899417,0,lactobacillus casei,lactobacillus
nc 015252,listeria ivanovii,NCBI_HR,0,0.170120472991613,0.270069265821471,0.279727337295803,0,listeria ivanovii,listeria
nc 015253,staphylococcus carnosus,NCBI_HR,0,0.628602038243281,0.501631193479062,6.79240339183849,0,staphylococcus carnosus,staphylococcus
nc 015254,staphylococcus carnosus,NCBI_HR,0,0.129793254238413,0.229597463345576,1.74427668080977,0,staphylococcus carnosus,staphylococcus
nc 015254,staphylococcus aureus,NCBI_HR,0,0.117726596845918,0.2173943763349,3.48643432012082,0,staphylococcus aureus,staphylococcus
nc 015254,listeria monocytogenes,NCBI_HR,0,0.161223557817953,0.263829108629761,-1.65292825522415,0,listeria monocytogenes,listeria
nc 015254,listeria ivanovii,NCBI_HR,0,0.15278680895521,0.25483122500884,-0.639304231281557,0,listeria ivanovii,listeria
nc 015254,lactobacillus casei,NCBI_HR,0,0.149528027180332,0.286936845178983,-11.649871758519,0,lactobacillus casei,lactobacillus
nc 015254,enterococcus faecalis,NCBI_HR,0,0.127863785922232,0.23570118402393,-1.30355454741731,0,enterococcus faecalis,enterococcus
nc 015254,bacillus thuringiensis,NCBI_HR,0,0.190468677646511,0.280285509062502,1.10629669505202,0,bacillus thuringiensis,bacillus
nc 015254,bacillus cereus,NCBI_HR,0,0.191405553244401,0.282206388128362,1.10304051918646,0,bacillus cereus,bacillus
nc 015253,staphylococcus simulans,NCBI_HR,0,0.588559314271172,0.470731459146788,5.47486985606619,0,staphylococcus simulans,staphylococcus
nc 015253,staphylococcus aureus,NCBI_HR,0,0.597032148957843,0.465265592765482,8.53456103114954,0,staphylococcus aureus,staphylococcus
nc 015252,listeria monocytogenes,NCBI_HR,0,0.16071134972415,0.267849645525521,-0.733896686646787,0,listeria monocytogenes,listeria
nc 015253,listeria monocytogenes,NCBI_HR,0,0.657863511499886,0.528984501381079,3.39519845580458,0,listeria monocytogenes,listeria
nc 015253,listeria ivanovii,NCBI_HR,0,0.635531098449002,0.511461217888986,4.40882247974717,0,listeria ivanovii,listeria
nc 015253,lactobacillus casei,NCBI_HR,0,0.717205688149193,0.608554154561142,-6.60174504749032,0,lactobacillus casei,lactobacillus
nc 015253,enterococcus faecalis,NCBI_HR,0,0.619994056798753,0.502721736891872,3.74457216361142,0,enterococcus faecalis,enterococcus
nc 015253,bacillus thuringiensis,NCBI_HR,0,0.574909277633381,0.462547460666088,6.15442340608074,0,bacillus thuringiensis,bacillus
nc 015253,bacillus cereus,NCBI_HR,0,0.578514382669867,0.464881917155415,6.15116723021518,0,bacillus cereus,bacillus
nc 015252,staphylococcus simulans,NCBI_HR,0,0.123851418255173,0.248372740239632,1.34577471361482,0,staphylococcus simulans,staphylococcus
nc 015252,staphylococcus carnosus,NCBI_HR,0,0.154489425666897,0.255919424301356,2.66330824938713,0,staphylococcus carnosus,staphylococcus
nc 015252,staphylococcus aureus,NCBI_HR,0,0.144806065169663,0.241405587680282,4.40546588869818,0,staphylococcus aureus,staphylococcus
nc 006936,lactobacillus paracasei,NCBI_HR,0,0.130778750949659,0.24213656280254,-7.26462295845543,0,lactobacillus paracasei,lactobacillus
nc 006936,lactobacillus mali,NCBI_HR,0,0.222414926339421,0.28354826936059,2.95001144763051,0,lactobacillus mali,lactobacillus
nc 006936,lactobacillus jensenii,NCBI_HR,0,0.254566586377931,0.306493365046645,4.9168668588719,0,lactobacillus jensenii,lactobacillus
nc 006936,lactobacillus gasseri,NCBI_HR,0,0.251625201621496,0.306512185553179,4.379736187057,0,lactobacillus gasseri,lactobacillus
nc 006936,lactobacillus fructosus,NCBI_HR,0,0.238033835352367,0.313505847253474,-5.20577377816272,0,lactobacillus fructosus,lactobacillus
nc 006936,lactobacillus fructivorans,NCBI_HR,0,0.228798815058252,0.28531392401866,0.539766272512942,0,lactobacillus fructivorans,lactobacillus
nc 006936,lactobacillus curvatus,NCBI_HR,0,0.115063561927641,0.218288026374825,-2.6647993919826,0,lactobacillus curvatus,lactobacillus
nc 006936,lactobacillus coryniformis,NCBI_HR,0,0.094790720409158,0.229109355169693,-3.76571121859395,0,lactobacillus coryniformis,lactobacillus
nc 006936,lactobacillus casei,NCBI_HR,0,0.126237600585715,0.243204776223542,-8.67200856847361,0,lactobacillus casei,lactobacillus
nc 006936,lactobacillus brevis,NCBI_HR,0,0.132799635592331,0.231024445536175,-6.91977169971039,0,lactobacillus brevis,lactobacillus
nc 002194,chlamydia trachomatis,NCBI_HR,0,0.0731012975361701,0.306006413504524,-0.570264765843376,0,chlamydia trachomatis,chlamydia
nc 001418,escherichia coli,NCBI_HR,0,0.224451833415341,0.353471190808214,-5.40781702548136,0,escherichia coli,escherichia
