phage,host,hom16_frac_kmers,hom16_cov_frac,hom16_log_shared,hom16_longest_frac,hom20_frac_kmers,hom20_cov_frac,hom20_log_shared,hom20_longest_frac,crispr_n_spacers,crispr_n_hits,crispr_best_frac,crispr_has_hit,prot_frac_kmers,prot_cov_frac,prot_log_shared,prot_longest_frac
nc 001341,acholeplasma laidlawii,0.007819481680071492,0.0779336450679136,3.58351893845611,0.004676018704074816,0.00022361359570661896,0.00445335114673792,0.6931471805599453,0.00445335114673792,0.0,0.0,0.0,0.0,0.004246284501061571,0.024439918533604887,1.9459101490553132,0.005344021376085505
nc 001447,acholeplasma laidlawii,0.011380753138075314,0.09427496865858755,4.919980925828125,0.00384454659423318,0.0025950108823037,0.007354784788967823,3.4657359027997265,0.00384454659423318,0.0,0.0,0.0,0.0,0.0035863717872086074,0.017523364485981307,2.5649493574615367,0.0020060180541624875
nc 023556,achromobacter xylosoxidans,0.011809608098016981,0.10157751386027734,6.75110146893676,0.0003732942526510805,0.0002627575715668649,0.003152262577942457,2.995732273553991,0.000317991400406476,436.0,0.0,0.0,0.0,0.0455684504238719,0.19769027602755096,7.84971375760487,0.0006221742917582645
nc 028695,achromobacter xylosoxidans,0.013860065223836348,0.11363018942481046,6.331501849893691,0.0006668148477439431,0.000395335046451868,0.00414907016374009,2.833213344056216,0.0006174211553184658,436.0,0.0,0.0,0.0,0.03835227272727273,0.16282156916598003,6.698268054115413,0.0011113580795732384
nc 028768,achromobacter xylosoxidans,0.0176462303064448,0.12980247012913868,6.777646593635117,0.0007643722090356841,0.0005433142167220042,0.004063241742768637,3.332204510175204,0.0006235668021080581,436.0,0.0,0.0,0.0,0.062222342615668,0.23562283555462274,7.739794458408701,0.0014483133184478908
nc 028834,achromobacter xylosoxidans,0.017136573930001453,0.11518997843039655,6.717804695023691,0.00234362037497926,0.0009959126086685893,0.004251700680272109,3.8918202981106265,0.0005807200929152149,436.0,0.0,0.0,0.0,0.0575609756097561,0.21482590200094534,7.661527081358517,0.0027376804380288703
nc 028908,achromobacter xylosoxidans,0.010712814173877214,0.10070717473395126,6.660575149839686,0.0003020940611053896,9.614592203939236e-05,0.001400617919670443,2.0794415416798357,0.00028836251287332645,436.0,0.0,0.0,0.0,0.04392895732036737,0.1947243627741553,7.864419904994565,0.0006179196704428424
nc 029033,achromobacter xylosoxidans,0.017588274483677547,0.14756354756354756,6.675823221634848,0.0005328005328005328,0.00013325634078088216,0.002242202242202242,1.9459101490553132,0.0004662004662004662,436.0,0.0,0.0,0.0,0.05984443767819083,0.230604314618786,7.679251425953058,0.0014652014652014652
nc 029075,achromobacter xylosoxidans,0.03979098692441675,0.2702566806882427,8.08487062913819,0.00041696815099152574,0.0006010647432594882,0.008290307943243277,3.912023005428146,0.0002820666903766203,436.0,0.0,0.0,0.0,0.1111364245510587,0.3614088024139007,9.023287640806327,0.0008094186902133922
nc 029106,achromobacter xylosoxidans,0.03945020496744635,0.2625843780135005,7.805882040228621,0.00046608807457409194,0.001205768396006495,0.010703953712632594,4.330733340286331,0.00046608807457409194,436.0,0.0,0.0,0.0,0.09877228388832829,0.33542053941232103,8.678291111758565,0.0011089681774349085
nc 017984,acinetobacter baumannii,0.008367118088501681,0.08228598529760493,5.963579343618446,0.00045271304460301376,0.00012939958592132506,0.0013581391338090413,1.9459101490553132,0.00045271304460301376,23.0,0.0,0.0,0.0,0.004870247873809697,0.025410009150418807,4.219507705176107,0.0006467468632777131
nc 018087,acinetobacter baumannii,0.011573629643851396,0.11787361941843096,7.5652752818989315,0.0001859773107680863,0.0002219982240142079,0.0014758199499661042,3.6375861597263857,0.0001859773107680863,23.0,0.0,0.0,0.0,0.003794744955869149,0.02176378729349881,5.41610040220442,0.0002339728591483388
nc 019541,acinetobacter baumannii,0.21577102030915787,0.3848426064720924,9.188708071849069,0.006789524733268671,0.18158562134744735,0.2984304735032184,9.016148642611741,0.006789524733268671,23.0,0.0,0.0,0.0,0.37868554357708795,0.45180037902716363,8.671115273688494,0.022617551749222933
nc 021316,acinetobacter baumannii,0.005714963244012331,0.06514163802299396,5.488937726156687,0.0004978072774682944,7.1147369918892e-05,0.0009719094464857177,1.3862943611198906,0.0004978072774682944,23.0,0.0,0.0,0.0,0.0037058152793614596,0.024408901251738526,3.970291913552122,0.0005689495768437523
nc 023570,acinetobacter baumannii,0.005549553089087516,0.05721789931024326,5.424950017481403,0.0004909300670119541,4.911591355599214e-05,0.0009818601340239083,1.0986122886681098,0.0004909300670119541,23.0,0.0,0.0,0.0,0.004296296296296296,0.027608695652173915,4.07753744390572,0.0006627881287281833
nc 023581,acinetobacter baumannii,0.006955783843552721,0.07373508844097079,6.295266001439646,0.00025709584533113944,1.285793270158024e-05,0.00025709584533113944,0.6931471805599453,0.00025709584533113944,23.0,0.0,0.0,0.0,0.006381137789314298,0.033600731827457604,5.181783550292085,0.0006170458927882761
nc 023590,acinetobacter baumannii,0.0038340885325897525,0.045853658536585365,5.111987788356544,0.0004413472706155633,0.0,0.0,0.0,0.0,23.0,0.0,0.0,0.0,0.004781829049611476,0.02901609074122923,4.48863636973214,0.0006271777003484321
nc 024785,acinetobacter baumannii,0.007985901983091303,0.08625457140308626,5.883322388488279,0.0005128891267505129,8.923591745677636e-05,0.0005128891267505129,1.6094379124341003,0.0005128891267505129,23.0,0.0,0.0,0.0,0.0044633215751205815,0.02700816525926443,4.143134726391533,0.000602087235750602
nc 025457,acinetobacter baumannii,0.004831257768709398,0.0511089229615042,5.332718793265369,0.0005157781216298589,7.0364723818459e-05,0.0005157781216298589,1.3862943611198906,0.0005157781216298589,23.0,0.0,0.0,0.0,0.00395882818685669,0.025482625482625483,4.110873864173311,0.0005626670417780279
nc 025462,acinetobacter baumannii,0.007942636514065085,0.07931414820014038,6.675823221634848,0.00024064975433670912,0.00012034780515690345,0.0016444399879675122,2.5649493574615367,0.00022059560814198336,23.0,0.0,0.0,0.0,0.006342173939430722,0.02986217457886677,5.3471075307174685,0.0005715488975122583
nc 027332,acinetobacter baumannii,0.007416840711120167,0.07761026790261791,6.591673732008658,0.0002444738718549455,0.000163014131287506,0.001904858918203117,2.833213344056216,0.0002444738718549455,23.0,0.0,0.0,0.0,0.0037673651989639746,0.023558929909739647,4.727387818712341,0.0002750359074656969
nc 028675,acinetobacter baumannii,0.005540700055407,0.06335789625776622,5.442417710521793,0.0005057072677358763,9.636928710819862e-05,0.0010114145354717526,1.6094379124341003,0.0005057072677358763,23.0,0.0,0.0,0.0,0.004702545345972979,0.029993432095161643,4.1588830833596715,0.0006501950585175553
nc 028679,acinetobacter baumannii,0.004887227231630134,0.059309199276955396,5.303304908059076,0.00046411646880648787,0.0,0.0,0.0,0.0,23.0,0.0,0.0,0.0,0.0037677304964539005,0.023974581166955517,3.9512437185814275,0.000659533929356588
nc 028684,acinetobacter baumannii,0.004885915086165399,0.06106392705050165,5.318119993844216,0.0004571373577460722,0.0,0.0,0.0,0.0,23.0,0.0,0.0,0.0,0.0037332184650728695,0.02461603197980223,3.970291913552122,0.0005774505557961599
nc 028695,acinetobacter baumannii,0.003137661824290938,0.034229828850855744,4.852030263919617,0.0005433306166802499,7.412532120972524e-05,0.0005433306166802499,1.3862943611198906,0.0005433306166802499,23.0,0.0,0.0,0.0,0.003361742424242424,0.020415636729836126,4.276666119016055,0.0005927243091057272
nc 028848,acinetobacter baumannii,0.00466618808327351,0.05379739265638082,5.278114659230517,0.0005023322569070685,4.786292059541473e-05,0.0005023322569070685,1.0986122886681098,0.0005023322569070685,23.0,0.0,0.0,0.0,0.003186291864334773,0.021275126062029425,3.828641396489095,0.0005740940078937926
nc 028908,acinetobacter baumannii,0.0019228128004395001,0.022547202197047717,4.948759890378168,0.00024716786817713697,0.0,0.0,0.0,0.0,23.0,0.0,0.0,0.0,0.003866153430578066,0.023809523809523808,5.438079308923196,0.0003707518022657055
nc 028987,acinetobacter baumannii,0.005336179295624333,0.061852920495599255,5.3981627015177525,0.0005091773149382925,7.27731418591112e-05,0.0009941080910699997,1.3862943611198906,0.0005091773149382925,23.0,0.0,0.0,0.0,0.003515568948199168,0.02185792349726776,3.912023005428146,0.000654688295628137
nc 029033,acinetobacter baumannii,0.001421274705751721,0.01696081696081696,4.174387269895637,0.0004218004218004218,0.0,0.0,0.0,0.0,23.0,0.0,0.0,0.0,0.0035707365682176766,0.02192147929786949,4.867534450455582,0.0005328005328005328
nc 029106,acinetobacter baumannii,0.0014629049111807733,0.016104146576663453,4.5217885770490405,0.00035358405657344905,4.82307358402598e-05,0.00035358405657344905,1.3862943611198906,0.00035358405657344905,23.0,0.0,0.0,0.0,0.0038008745375042044,0.0234484557936275,5.424950017481403,0.0004339440694310511
nc 031086,acinetobacter baumannii,0.005276784613487856,0.06305151589844712,5.3706380281276624,0.00046832634951934926,0.0,0.0,0.0,0.0,23.0,0.0,0.0,0.0,0.003924763033175355,0.02546664737375199,3.9889840465642745,0.0005915847075353102
nc 031098,acinetobacter baumannii,0.008592330731084598,0.08032098947213429,5.860786223465865,0.0007852953446710349,0.0006137981831573779,0.0029448575425163807,3.258096538021482,0.0007607548651500651,23.0,0.0,0.0,0.0,0.012773586315081796,0.04733599130119608,5.147494476813453,0.0013988073326952808
nc 031117,acinetobacter baumannii,0.009115221751727211,0.09484237495822657,6.016157159698354,0.00044558315695666706,2.228859269825703e-05,0.00044558315695666706,0.6931471805599453,0.00044558315695666706,23.0,0.0,0.0,0.0,0.004527573665850219,0.02766371298897774,4.127134385045092,0.00060156406657309
nc 031280,acinetobacter baumannii,0.006644993374074039,0.07265552017997064,6.548219102762372,0.00019064686481230815,2.8602209997425802e-05,0.0005719405944369244,1.3862943611198906,0.00019064686481230815,23.0,0.0,0.0,0.0,0.006721247994689384,0.03218193520703712,5.497168225293202,0.0004289636238846946
nc 014661,acinetobacter johnsonii,0.005546142688233645,0.061788132339587916,6.814542897259958,0.00014625852412960942,7.923254141423991e-05,0.0010116214585631318,2.6390573296152584,0.0001340703137854753,30.0,0.0,0.0,0.0,0.003947501602618172,0.023181193111125663,5.459585514144159,0.00020110792182386603
nc 014663,acinetobacter johnsonii,0.0056081256031824496,0.06177808375552378,6.860663671448287,0.00014122049815530724,7.06181441551716e-05,0.0008532071763549812,2.5649493574615367,0.00014122049815530724,30.0,0.0,0.0,0.0,0.004479701353243117,0.02613077456926466,5.666426688112432,0.00017652562269413404
nc 015250,acinetobacter johnsonii,0.00568885884871015,0.06116357219291494,6.813444599510896,0.00016896014417932303,0.00016898023557096543,0.0013641967196700896,3.332204510175204,0.00016896014417932303,30.0,0.0,0.0,0.0,0.003578145023049911,0.02085248439692293,5.375278407684165,0.00028160024029887174
nc 028995,acinetobacter soli,0.006481331450660864,0.07180211032950759,5.638354669333745,0.00046279155868196966,2.3149755770076626e-05,0.00046279155868196966,0.6931471805599453,0.00046279155868196966,208.0,0.0,0.0,0.0,0.002881844380403458,0.019558823529411764,3.6635616461296463,0.0004859423811176675
nc 009643,actinomyces naeslundii,0.004313359757519235,0.0370974317162658,4.31748811353631,0.0011647545279832275,0.00017490671641791044,0.002737173140760585,1.3862943611198906,0.0011647545279832275,500.0,0.0,0.0,0.0,0.02106149957877001,0.0964840556009812,5.303304908059076,0.0024462694391053645
nc 005260,aeromonas hydrophila,0.0030143341665987765,0.030317192176097824,6.556778356158042,0.00011576356791891405,0.00024012177604356495,0.0020322937479098245,4.04305126783455,0.00011576356791891405,61.0,0.0,0.0,0.0,0.010477156650108444,0.054228594644005826,7.089243155027514,0.00027011730808808396
nc 019538,aeromonas hydrophila,0.002032555409790789,0.021739599470102657,6.156978985585555,9.924787372218363e-05,7.336313890663031e-05,0.000591172117388659,2.8903717578961645,9.924787372218363e-05,61.0,0.0,0.0,0.0,0.008048167369445346,0.044336277985622785,6.678342114654332,0.00016829132522945875
nc 025459,aeromonas hydrophila,0.007016694894749577,0.06832390592438226,5.934894195619588,0.00040934802024412026,9.306654257794323e-05,0.0018606728192914557,1.791759469228055,0.00037213456385829115,61.0,0.0,0.0,0.0,0.02137732725318772,0.11070576680230111,6.602587892189336,0.000669867143016635
nc 028795,aeromonas hydrophila,0.004570412924112102,0.04758581308292621,4.976733742420574,0.0006344775077723495,6.348601720471066e-05,0.001268955015544699,1.0986122886681098,0.0006344775077723495,61.0,0.0,0.0,0.0,0.018837979574937897,0.09994637350851321,5.6131281063880705,0.001237270391167793
nc 029102,aeromonas hydrophila,0.004495504495504496,0.045962664003772434,5.093750200806762,0.0005547696319103492,2.7753108348134992e-05,0.0005547696319103492,0.6931471805599453,0.0005547696319103492,61.0,0.0,0.0,0.0,0.01711522555195012,0.09238962164839928,5.598421958998375,0.0009985853374386287
nc 009542,aeromonas media,0.20111863408890196,0.46564660879799913,8.829519094780778,0.0067088421362365746,0.14252487781899548,0.30843018978961306,8.485083137498004,0.0067088421362365746,245.0,0.0,0.0,0.0,0.307127716789522,0.5539262207255472,9.180808569370145,0.01615466101694915
nc 005135,aeromonas salmonicida,0.003087984513988109,0.034108911176270656,6.285998094508865,0.00013825601557684443,4.032908533634457e-05,0.00036868270820491843,2.0794415416798357,0.00013825601557684443,198.0,0.0,0.0,0.0,0.009508774958992636,0.051753559026741926,6.648984550024776,0.0005184660318338143
nc 007022,aeromonas salmonicida,0.0033940837708444156,0.036111769569214226,6.376726947898627,0.00015032116695478225,9.25154963456379e-05,0.0006417557512300319,2.833213344056216,0.00015032116695478225,198.0,0.0,0.0,0.0,0.00965618671038673,0.05248367537313433,6.687108607866515,0.0005203455094182537
nc 008208,aeromonas salmonicida,0.0025764895330112722,0.029112865768694846,6.0330862217988015,0.00014862981885740826,4.335546526607868e-05,0.0002786809103576405,2.0794415416798357,0.00014862981885740826,198.0,0.0,0.0,0.0,0.008697502837684449,0.05075053609721229,6.419994928147142,0.00024152345564328842
nc 014635,aeromonas salmonicida,0.0027828634199926765,0.029729977116704807,6.124683390894205,0.00014645308924485126,5.4926276730788006e-05,0.0005186880244088482,2.302585092994046,0.00014645308924485126,198.0,0.0,0.0,0.0,0.008653431461205638,0.050521218642813906,6.434546518787453,0.0002379862700228833
nc 014636,aeromonas salmonicida,0.0029921910030055094,0.03296517925315624,6.51471269087253,0.00011097892288296607,9.766968998752492e-05,0.0007724133032654438,3.1354942159291497,0.00011097892288296607,198.0,0.0,0.0,0.0,0.009333573811885652,0.049914407490218,6.943122422819428,0.0002796681271557752
nc 015251,aeromonas salmonicida,0.002036859069763486,0.022620510226205103,6.173786103901937,0.00010627941282750001,9.355730384860727e-05,0.0007397047132794,3.1354942159291497,0.00010627941282750001,198.0,0.0,0.0,0.0,0.0077558992527991645,0.04214382870431311,6.52795791762255,0.00028058003545511356
nc 019527,aeromonas salmonicida,0.010152517456817346,0.10348786480218594,6.093569770045136,0.0005051548758926316,0.00011485803546816136,0.0014236182866065074,1.791759469228055,0.0005051548758926316,198.0,0.0,0.0,0.0,0.022691203781867297,0.11981282292919117,6.511745329644728,0.0007577323138389475
nc 019528,aeromonas salmonicida,0.00784464711119667,0.07512267872606562,5.7899601708972535,0.0005051476955643221,9.626260438476163e-05,0.0014673337823535072,1.6094379124341003,0.0005051476955643221,198.0,0.0,0.0,0.0,0.022641509433962263,0.12160224235708234,6.511745329644728,0.0007938226167280075
nc 019543,aeromonas salmonicida,0.00311894964234799,0.033016695093559756,6.218600119691729,0.00014939681037809844,0.0001120608614990008,0.001058227406844864,2.9444389791664403,0.00014939681037809844,198.0,0.0,0.0,0.0,0.008405112531258682,0.04917679974174109,6.406879986069314,0.00024277283932173005
nc 023688,aeromonas salmonicida,0.002873990386997671,0.031278433916200464,6.459904454377535,0.00011260956911074476,0.00012613351232279368,0.0012387052602181924,3.367295829986474,0.00011260956911074476,198.0,0.0,0.0,0.0,0.009069995474430532,0.049403794532804995,6.870053411798126,0.0002702629658657874
nc 028795,aeromonas salmonicida,0.004379979052274098,0.04558720893344331,4.9344739331306915,0.0006344775077723495,3.174300860235533e-05,0.0006344775077723495,0.6931471805599453,0.0006344775077723495,198.0,0.0,0.0,0.0,0.015456803753795198,0.08526612146400321,5.41610040220442,0.0009517464547444561
nc 029102,aeromonas salmonicida,0.004467754467754468,0.0506782058750104,5.087596335232384,0.0005547696319103492,2.7753108348134992e-05,0.0005547696319103492,0.6931471805599453,0.0005547696319103492,198.0,0.0,0.0,0.0,0.015015588216580772,0.0819865007121184,5.4680601411351315,0.0007489390030789714
nc 013597,aggregatibacter actinomycetemcomitans,0.05371402570811057,0.11576074596315669,7.767263996757308,0.007027518762792813,0.04404905462901868,0.06277007050261542,7.5688956634069955,0.007027518762792813,0.0,0.0,0.0,0.0,0.039344654388902174,0.06901147294008576,6.490723534502507,0.0077783842794759825
nc 021300,alteromonas macleodii,0.0036701848770146124,0.040722847636844264,5.087596335232384,0.0004557677407593091,2.279825821307252e-05,0.0004557677407593091,0.6931471805599453,0.0004557677407593091,24.0,0.0,0.0,0.0,0.006665333599946677,0.04011442689031922,4.61512051684126,0.000683667190811513
nc 021532,alteromonas macleodii,0.004966552769623178,0.05943605042825522,6.248042874508429,0.0001828505437397748,0.0,0.0,0.0,0.0,24.0,0.0,0.0,0.0,0.006489326088635954,0.03938429140865903,5.53338948872752,0.00025984524771913614
nc 021300,alteromonas marina,0.0027127453438803655,0.031949318627227566,4.787491742782046,0.0004329793537213436,0.0,0.0,0.0,0.0,323.0,0.0,0.0,0.0,0.005932146903952543,0.037643846303881415,4.499809670330265,0.000683667190811513
nc 024358,anabaena variabilis,0.0008386246555648736,0.010538922155688623,3.58351893845611,0.0004550898203592814,0.0,0.0,0.0,0.0,2.0,0.0,0.0,0.0,0.0006254691018263697,0.0042755924749572445,2.3978952727983707,0.0005030181086519115
nc 010355,azospirillum brasilense,0.04287410545232823,0.287325344498452,7.890956716138919,0.0005614642988915091,0.0020379344651625534,0.013314724802284357,4.852030263919617,0.0005614642988915091,262.0,0.0,0.5,0.0,0.12873047657188627,0.41011695996786307,8.991811158212718,0.00231002454401078
nc 030945,bacillus alcalophilus,0.00040142505895930555,0.005341960725302837,2.833213344056216,0.00042635367291149397,0.0,0.0,0.0,0.0,500.0,0.0,0.0,0.0,0.0003182078533698212,0.0021582290189307517,1.791759469228055,0.0005266721841847867
nc 007734,bacillus anthracis,0.05235973758934691,0.22746959649595028,7.668561108015897,0.0033033988303521177,0.0259009009009009,0.05434702816453373,6.9650803456014065,0.0033033988303521177,218.0,0.0,0.0,0.0,0.10084611680539314,0.18014336437328332,7.2909747781429814,0.008515636470415503
nc 007814,bacillus anthracis,0.05772017176427198,0.23811028598514775,7.692569648067906,0.0035550639911518405,0.03011460940587538,0.062226786748828145,7.042286171939743,0.0035550639911518405,218.0,0.0,0.0,0.0,0.11002689204763734,0.1876824066452144,7.267525427828172,0.00916416495496919
nc 011523,bacillus anthracis,0.014600570117499826,0.14001944714543688,5.351858133476067,0.0013196277260730657,0.0,0.0,0.0,0.0,218.0,0.0,0.0,0.0,0.009135896459840122,0.050478997789240976,3.8918202981106265,0.002083767451552407
nc 016563,bacillus anthracis,0.01249984064456088,0.12017438191934836,7.581719640125308,0.0001465929877562987,0.00012111322173918587,0.0015742812163393818,2.995732273553991,0.00013384577142966405,218.0,0.0,0.0,0.0,0.007938885560215698,0.044690811438525185,6.052089168924417,0.0002868123673492801
nc 018856,bacillus anthracis,0.011315582635582376,0.11093646484197399,7.463363045520021,0.00016887283875241944,0.00014940594895513273,0.0018770865538249699,3.1780538303479458,0.00016887283875241944,218.0,0.0,0.0,0.0,0.00892476865296008,0.0499023364134926,6.135564891081739,0.00029228371005455964
nc 020873,bacillus anthracis,0.009848365436146402,0.09461606354810238,7.354362330421477,0.00014500063043752364,8.827182678545532e-05,0.0012860925482284706,2.70805020110221,0.00014500063043752364,218.0,0.0,0.0,0.0,0.00955726334183264,0.049503750021651395,6.285998094508865,0.00041609138879957635
nc 022094,bacillus anthracis,0.015533165407220823,0.15104494303487803,5.407171771460119,0.0016076046690431257,0.0,0.0,0.0,0.0,218.0,0.0,0.0,0.0,0.007421503330161751,0.0400220304754911,3.6888794541139363,0.001677500524218914
nc 023007,bacillus anthracis,0.01660537365051729,0.15832326677562236,7.9391588179567965,0.00013619460432506692,0.00013620992911161516,0.0019363319832302992,3.1780538303479458,0.00013619460432506692,218.0,0.0,0.0,0.0,0.008230748494923173,0.04634686861988937,6.129050210060545,0.0002487031905066439
nc 025423,bacillus anthracis,0.006960322555051463,0.07112463759754216,6.873163834212518,0.0001586637626390111,5.770382071422904e-05,0.0007428348887190064,2.1972245773362196,0.0001586637626390111,218.0,0.0,0.0,0.0,0.007944574664481736,0.04184884447220487,5.950642552587727,0.0004327224734416582
nc 028982,bacillus anthracis,0.006606092688338905,0.07081019156310271,6.815639990074331,0.00015226438898475905,2.1755052610968897e-05,0.0004350411113850259,1.3862943611198906,0.00014501370379500862,218.0,0.0,0.0,0.0,0.008858506593317692,0.04849603392758973,6.0844994130751715,0.0003697903071434786
nc 028983,bacillus anthracis,0.006841324480419409,0.07161733044348596,6.85751406254539,0.0001512129438279917,2.8806406544815568e-05,0.0005760493098209207,1.6094379124341003,0.00014401232745523017,218.0,0.0,0.0,0.0,0.00872970547442278,0.04722398225883098,6.061456918928017,0.00036723407932256113
nc 029121,bacillus anthracis,0.007542832987675196,0.07811540315816586,7.04141166379481,0.0001452941215319284,0.00010568171310056936,0.0012350000330213912,2.833213344056216,0.0001452941215319284,218.0,0.0,0.0,0.0,0.008282934525374704,0.046285839192684614,6.091309882077698,0.0003368204152797591
nc 028758,bacillus borstelensis,0.004799461113138174,0.052715744585343956,5.147494476813453,0.0005330490405117271,0.0,0.0,0.0,0.0,417.0,0.0,0.0,0.0,0.03084743402270037,0.11266275382850975,6.095824562432225,0.0019358639845130881
nc 007458,bacillus cereus,0.028787797411246575,0.19673583335570288,6.9782137426306985,0.0015569215902075,0.005720577966374819,0.01994470244007194,5.365976015021851,0.0015032346388210345,500.0,0.0,0.0,0.0,0.0455705996131528,0.11838240831387906,6.380122536899765,0.003462994282032697
nc 007734,bacillus cereus,0.029202976598452952,0.19830180830498936,7.085064293952548,0.001296889911175276,0.005483744614179397,0.022169476594807547,5.41610040220442,0.001296889911175276,500.0,0.0,0.0,0.0,0.054825617390108,0.13090373149326723,6.682108597449809,0.003156658346791954
nc 015252,bacillus cereus,0.013644485353836158,0.13168078369821123,6.22455842927536,0.0007035964603685763,0.0003519792061515135,0.0029226314507617784,2.6390573296152584,0.0007035964603685763,500.0,0.0,0.020833333333333332,0.0,0.012129380053908356,0.058879184861717615,5.093750200806762,0.0019485264268896648
nc 015253,bacillus cereus,0.007817789604622967,0.07726754023531264,6.901737206656574,0.00018100971943493487,0.00011023101270806104,0.001455947743280998,2.70805020110221,0.00017313973163341596,500.0,0.0,0.0,0.0,0.008331461935773636,0.04685183570245051,5.918893854273146,0.0007319088655412584
nc 015254,bacillus cereus,0.015059152350432498,0.14150488944554168,6.439350371100098,0.0005539765884676526,0.00012048483095978216,0.0024085938629028374,1.791759469228055,0.00048171877258056746,500.0,0.0,0.0,0.0,0.00680781537204711,0.04303780705820036,4.61512051684126,0.0005780764506105933
nc 016563,bacillus cereus,0.013545212325187083,0.12847919335615085,7.661997558901893,0.00017208742040956807,0.00022947768329529953,0.002530322440836982,3.6109179126442243,0.00017208742040956807,500.0,0.0,0.0,0.0,0.008013780707010186,0.045162578022935114,6.061456918928017,0.0003059331918392321
nc 017976,bacillus cereus,0.009137524605701232,0.08903410747254883,5.932245187448011,0.0004858614323195025,2.430428970713331e-05,0.0004858614323195025,0.6931471805599453,0.0004858614323195025,500.0,0.0,0.0,0.0,0.007555211158465711,0.04267371601208459,4.770684624465665,0.001238976750965673
nc 018856,bacillus cereus,0.011166180568637258,0.10979332562580377,7.450079569807499,0.00013639729283849262,5.196728659308965e-05,0.0009158103947727362,2.1972245773362196,0.00013639729283849262,500.0,0.0,0.0,0.0,0.008189104425601114,0.04659679963939599,6.049733455231958,0.0003117692907248636
nc 018857,bacillus cereus,0.00974161349421947,0.09609930198035438,7.341483852363161,0.00014528915700704338,9.476517190402184e-05,0.0012949685733236473,2.772588722239781,0.00014528915700704338,500.0,0.0,0.0,0.0,0.008287802717070289,0.046855998283138994,6.1092475827643655,0.00030321406913280777
nc 018860,bacillus cereus,0.009618278571474312,0.09543719905747362,7.315218389752975,0.00015367277942833726,0.00014728766561857617,0.001485503534473927,3.1780538303479458,0.00015367277942833726,500.0,0.0,0.0,0.0,0.009170259382288501,0.0487457534058543,6.253828811575473,0.0004994429290406854
nc 018863,bacillus cereus,0.011551165265313905,0.11535339122733647,7.538494999413465,0.00014760510713670693,6.766024714443003e-05,0.0010024846859701345,2.4849066497880004,0.00013530468154198134,500.0,0.0,0.0,0.0,0.007964503193227387,0.04588214092629302,6.063785208687608,0.0004797224989852024
nc 019515,bacillus cereus,0.012949778308321964,0.12749496478010208,7.103322062526113,0.00024510065111520797,7.461095715199318e-05,0.001086968104945705,2.0794415416798357,0.00022378755101823335,500.0,0.0,0.0,0.0,0.014462213498065932,0.061118262718979126,6.218600119691729,0.0007672879567761117
nc 020873,bacillus cereus,0.009867280350556413,0.09430084478628167,7.356279876550748,0.00014500063043752364,8.827182678545532e-05,0.001405875677720338,2.70805020110221,0.0001323918799646955,500.0,0.0,0.0,0.0,0.008790542588663231,0.04801413403079694,6.202535517187923,0.0004917443685813175
nc 021531,bacillus cereus,0.003428969433952155,0.03922960502524678,6.645090969505644,9.82191089741014e-05,1.3394651069339643e-05,0.00026787029720209477,1.3862943611198906,8.929009906736491e-05,500.0,0.0,0.0,0.0,0.005041238704367359,0.02988727751044806,6.3784261836515865,0.00020090272290157105
nc 021783,bacillus cereus,0.0021438579314303078,0.022985789988861513,4.852030263919617,0.000320653457994397,0.0,0.0,0.0,0.0,500.0,0.0,0.0,0.0,0.005093987659635529,0.03127166828456525,5.365976015021851,0.00045567313047440637
nc 021801,bacillus cereus,0.0172546459300021,0.15859400494149456,6.608000625296087,0.0004894876695725141,0.00013991558426416063,0.0023542026012773297,1.9459101490553132,0.0004894876695725141,500.0,0.0,0.0,0.0,0.00849987023098884,0.0503410813542193,4.882801922586371,0.0008391608391608392
nc 023007,bacillus cereus,0.01627373993995061,0.15497169520831852,7.918992488165245,0.00014211610886093938,0.000225042491575712,0.002700206068357848,3.6635616461296463,0.00014211610886093938,500.0,0.0,0.0,0.0,0.008895677958486836,0.04830125464602928,6.206575926724928,0.00028423221772187876
nc 024137,bacillus cereus,0.010388641228569745,0.09897367422011022,7.370230641807081,0.00015054523557056645,0.00017020273764557244,0.0023301784288313762,3.295836866004329,0.00014399979054575921,500.0,0.0,0.0,0.0,0.009454745731595373,0.049688001426279195,6.246106765481563,0.0004123630365628559
nc 025423,bacillus cereus,0.007039663019409562,0.07446378860217225,6.884486652042782,0.0001586637626390111,9.37687086606222e-05,0.0013270060147990018,2.6390573296152584,0.0001586637626390111,500.0,0.0,0.0,0.0,0.008421664004646435,0.04388386290826298,6.008813185442595,0.0004327224734416582
nc 027352,bacillus cereus,0.010045335691040087,0.09810523411832568,7.3796321526095525,0.00014420785995535826,0.00017557831106206065,0.0019624808767837883,3.367295829986474,0.00014420785995535826,500.0,0.0,0.0,0.0,0.008510109085740682,0.04780401905945722,6.173786103901937,0.00024452637122865097
nc 027355,bacillus cereus,0.009807866411829796,0.09535364711355307,7.353081920515432,0.00013830302192102898,0.0001257450393581973,0.0017979392849733766,3.044522437723423,0.00013830302192102898,500.0,0.0,0.0,0.0,0.009123342622339764,0.04897480556657297,6.244166900663736,0.00039605454236840617
nc 028789,bacillus cereus,0.013767882112509412,0.14218926325971304,5.54907608489522,0.0011822236552205922,0.00016137708445400752,0.0011822236552205922,1.3862943611198906,0.0011822236552205922,500.0,0.0,0.0,0.0,0.0051398337112622825,0.03061074319352465,3.5553480614894135,0.0017733354828308884
nc 028982,bacillus cereus,0.006968666381442028,0.07240534230484781,6.8690144506657065,0.00015226438898475905,5.801347362925039e-05,0.0008845835931495527,2.1972245773362196,0.00015226438898475905,500.0,0.0,0.0,0.0,0.009424803818461289,0.05063614230739025,6.1463292576688975,0.0003697903071434786
nc 028983,bacillus cereus,0.007374227650473132,0.07685937916285634,6.932447891572509,0.00015841356020075318,5.041121145342724e-05,0.0007344628700216738,2.0794415416798357,0.00015841356020075318,500.0,0.0,0.0,0.0,0.008954067063718691,0.04835260573419927,6.0867747269123065,0.00036723407932256113
nc 029010,bacillus cereus,0.016339305517904232,0.15197575877020103,6.498282149476434,0.0005419787150177374,0.00022182239420304143,0.0034982262514781236,2.302585092994046,0.0005419787150177374,500.0,0.0,0.0,0.0,0.007689619014330654,0.0484803154960223,4.709530201312334,0.0005912786400591279
nc 029024,bacillus cereus,0.026872012745618692,0.16971949385010177,7.325807502595773,0.002495354393416512,0.007346953227348369,0.02183877532961685,6.030685260261263,0.002495354393416512,500.0,0.0,0.0,0.0,0.018774989859187578,0.06675282350958027,5.783825182329737,0.002548447040084948
nc 029121,bacillus cereus,0.007932524008929869,0.08123262249285088,7.091742115095153,0.0001452941215319284,0.00011228682016935495,0.0014925668848279916,2.8903717578961645,0.0001452941215319284,500.0,0.0,0.0,0.0,0.008414409676571128,0.0468323071878757,6.1070228877422545,0.0003368204152797591
nc 031053,bacillus cereus,0.003436831045385809,0.03704794439863353,5.170483995038151,0.00041229826834727297,3.928115486595306e-05,0.00041229826834727297,1.0986122886681098,0.00041229826834727297,500.0,0.0,0.0,0.0,0.005004739336492891,0.03142700529873926,4.890349128221754,0.0004711980209683119
nc 031055,bacillus cereus,0.05130490424608072,0.23548762936056472,7.716906135298388,0.0027871062070225936,0.023769255382365042,0.05702145157974094,6.947937068614969,0.0027871062070225936,500.0,0.0,0.0,0.0,0.05660377358490566,0.12706200227531286,6.652863029353347,0.004317730107600576
nc 031056,bacillus cereus,0.009550055243005727,0.09402479984254068,7.316548177182976,0.00013968165281490275,0.00011429877700308607,0.0019237973092234334,2.9444389791664403,0.00013968165281490275,500.0,0.0,0.0,0.0,0.009093565115769484,0.048659684004970706,6.212606095751519,0.0005523809523809524
nc 031095,bacillus cereus,0.00992633768511879,0.10129890138541581,7.424165281042028,0.00013036419014209697,7.704205903792247e-05,0.0013154931914338877,2.6390573296152584,0.00013036419014209697,500.0,0.0,0.0,0.0,0.006367418988778212,0.03835222931882774,6.003887067106539,0.00031998862262675105
nc 006557,bacillus clarkii,0.06168902305426394,0.15144066971673317,7.837948916025283,0.004721113598754015,0.04971635867845056,0.0684804828190402,7.622174594817622,0.004721113598754015,500.0,0.0,0.0,0.0,0.07871087697551905,0.12815113410745443,7.147559271189454,0.010951303205081404
nc 030904,bacillus halmapalus,0.0019250513347022586,0.02155227710070558,4.330733340286331,0.0004874919820397691,0.0,0.0,0.0,0.0,279.0,0.0,0.0,0.0,0.0031466735165681992,0.020380265937616503,3.912023005428146,0.0006927873142945116
nc 020873,bacillus licheniformis,0.004388260143122853,0.04674063800277393,6.546785410760524,0.00015760938091035178,5.044104387740304e-05,0.00040978439036691463,2.1972245773362196,0.00015760938091035178,152.0,0.0,0.0,0.0,0.0072927625127043845,0.04247137685552457,6.016157159698354,0.0001891324494543529
nc 027352,bacillus licheniformis,0.004000576885695116,0.042886163569332635,6.459904454377535,0.00015674767386451984,8.778915553103032e-05,0.0009216763223233767,2.70805020110221,0.00015674767386451984,152.0,0.0,0.0,0.0,0.006911132430799843,0.042417650714729645,5.966146739123692,0.0002069069295011662
nc 028758,bacillus licheniformis,0.0066518847006651885,0.06935248569184155,5.472270673671475,0.000589159465828751,8.421052631578948e-05,0.00115026371899899,1.3862943611198906,0.000589159465828751,152.0,0.0,0.0,0.0,0.009191560476289952,0.0493152533225393,4.890349128221754,0.0010100159919198722
nc 031053,bacillus licheniformis,0.0037510555981067973,0.046079239800526174,5.2574953720277815,0.00039266501747359326,1.964057743297653e-05,0.00039266501747359326,0.6931471805599453,0.00039266501747359326,152.0,0.0,0.0,0.0,0.006066350710900474,0.03756623424081856,5.081404364984463,0.0005300977735893509
nc 031095,bacillus licheniformis,0.004723158886590851,0.05344931795825976,6.682108597449809,0.000124438545135638,3.555787340211806e-05,0.0005984901456523542,1.9459101490553132,0.000124438545135638,152.0,0.0,0.0,0.0,0.005484806455680242,0.032820951624239834,5.855071922202427,0.0002311028941193202
nc 006945,bacillus megaterium,0.010012854340031121,0.0958636486122339,5.003946305945459,0.0013473457289140394,6.772773450728073e-05,0.0013473457289140394,0.6931471805599453,0.0013473457289140394,215.0,0.0,0.0,0.0,0.008837044892188053,0.03965811965811966,3.9318256327243257,0.002627324171382377
nc 016563,bacillus megaterium,0.010542955852169146,0.10327157307023078,7.411556287811163,0.0001402193795929814,0.00012111322173918587,0.0020586754367514994,2.995732273553991,0.00013384577142966405,215.0,0.0,0.0,0.0,0.006909077291791492,0.03990056611990129,5.91350300563827,0.0002676915428593281
nc 018856,bacillus megaterium,0.008834209175885207,0.088301009339967,7.215975002651466,0.00016887283875241944,9.74386623620431e-05,0.0009742663774178044,2.772588722239781,0.00014938751120406333,215.0,0.0,0.0,0.0,0.006969450574979673,0.03838930208098565,5.8888779583328805,0.0004676539360872954
nc 020873,bacillus megaterium,0.007364206676964787,0.07516706594376497,7.063903961472068,0.00015760938091035178,9.45769572701307e-05,0.0011726137939730172,2.772588722239781,0.00015760938091035178,215.0,0.0,0.0,0.0,0.007899006829163918,0.04389170838168811,6.095824562432225,0.00024587218429065875
nc 022764,bacillus megaterium,0.010988735291903962,0.10643527110397753,6.0844994130751715,0.0005517379746200531,0.00012545477355413375,0.0015548979284746953,1.791759469228055,0.0005517379746200531,215.0,0.0,0.0,0.0,0.007656458055925432,0.043382257436030656,4.7535901911063645,0.0009028666014596344
nc 022767,bacillus megaterium,0.013020418662191792,0.13156412266091896,6.96979066990159,0.0002816694425394337,9.799478177787033e-05,0.0012613892426765944,2.1972245773362196,0.0002571764475360047,215.0,0.0,0.0,0.0,0.012824098118333268,0.05308906645877996,5.7745515455444085,0.0009552502020721581
nc 022770,bacillus megaterium,0.012026412915212534,0.11386908944885052,6.173786103901937,0.0005270555165144061,7.532956685499058e-05,0.0010290131512900311,1.3862943611198906,0.0005270555165144061,215.0,0.0,0.0,0.0,0.007583316703252844,0.04185322172474207,4.74493212836325,0.0009035464196973119
nc 022774,bacillus megaterium,0.01358766657956624,0.13439576024483094,6.996681488176539,0.0002861337115274564,0.00014932244938591142,0.0018038864422383121,2.5649493574615367,0.00026125251922072106,215.0,0.0,0.0,0.0,0.013335569906902624,0.053913541837235956,5.765191102784844,0.0009703664999626782
nc 023007,bacillus megaterium,0.012898182528825484,0.12603922404604562,7.68662133494462,0.00014211610886093938,0.00011844341661879578,0.0015810417110779507,3.044522437723423,0.00013619460432506692,215.0,0.0,0.0,0.0,0.006541468236139815,0.04022196241296875,5.8998973535824915,0.0001598806224685568
nc 023719,bacillus megaterium,0.02036993113540155,0.18336405279862034,9.2237500588861,5.0249943217564166e-05,0.0002251283432564011,0.003203936379551891,4.727387818712341,4.82399454888616e-05,215.0,0.0,0.0,0.0,0.008443498442087987,0.04590805916539872,7.183870715062453,0.00012663036596175764
nc 025423,bacillus megaterium,0.005474492040708871,0.06040762163019804,6.633318433280377,0.0001442397842172828,2.163893276783589e-05,0.00043271935265184845,1.3862943611198906,0.0001442397842172828,215.0,0.0,0.0,0.0,0.00686593789541372,0.03844371461385022,5.805134968916488,0.00030290573140916074
nc 027352,bacillus megaterium,0.007643735460285809,0.07945226092844782,7.106606137727303,0.00015674767386451984,5.64358856985195e-05,0.0005329420911393675,2.302585092994046,0.00015674767386451984,215.0,0.0,0.0,0.0,0.007142095725402409,0.0417616186727436,5.998936561946683,0.00024452637122865097
nc 027366,bacillus megaterium,0.007858199370613621,0.08256138087180923,7.163946684342547,0.0001399861231147521,0.00010347997053864368,0.0009859892149821669,2.8903717578961645,0.0001399861231147521,215.0,0.0,0.0,0.0,0.007152758525090103,0.03947912732243386,5.961005339623274,0.0003469242427008965
nc 027372,bacillus megaterium,0.010927720573389865,0.10916017053911552,6.073044534100405,0.0006054643154469084,7.571933366986371e-05,0.0015136607886172709,1.3862943611198906,0.000504553596205757,215.0,0.0,0.0,0.0,0.007976794778825236,0.043576065299826466,4.804021044733257,0.0009081964731703625
nc 027374,bacillus megaterium,0.00817496154418697,0.08457631218253649,7.1846291527173145,0.0002542809121862577,0.0002108919488897159,0.0010357295691489031,3.5553480614894135,0.0002542809121862577,215.0,0.0,0.0,0.0,0.008710997634513573,0.04353147491870958,6.142037405587356,0.00046515089495032186
nc 027394,bacillus megaterium,0.011343565760342298,0.10809668274730193,6.124683390894205,0.0005222061968468692,4.975743251648215e-05,0.0005222061968468692,1.0986122886681098,0.0005222061968468692,215.0,0.0,0.0,0.0,0.0070102817465616234,0.03946340192758531,4.663439094112067,0.0008952551477170994
nc 028758,bacillus megaterium,0.009234050913581633,0.09087083380092022,5.799092654460526,0.000589159465828751,5.6140350877192984e-05,0.000589159465828751,1.0986122886681098,0.000589159465828751,215.0,0.0,0.0,0.0,0.007729266764152914,0.04277136881872765,4.718498871295094,0.0008416799932665601
nc 028777,bacillus megaterium,0.012354084398945323,0.11895096413277556,6.906754778648554,0.0002722839674249363,0.0002104507359586031,0.002797098938092527,2.8903717578961645,0.0002722839674249363,215.0,0.0,0.0,0.0,0.013700243385412578,0.055763931414574405,5.857933154483459,0.0009653943264518046
nc 028782,bacillus megaterium,0.012147266864955385,0.11353188087147711,6.18826412308259,0.000524685188886668,4.9993750781152357e-05,0.000524685188886668,1.0986122886681098,0.000524685188886668,215.0,0.0,0.0,0.0,0.007593897516590272,0.04274931534299646,4.718498871295094,0.0008994827973914999
nc 028856,bacillus megaterium,0.012279585189622253,0.12790088336577332,6.892641641172089,0.0002869691071517692,8.73591333973967e-05,0.0010355841692868194,2.0794415416798357,0.00026201527174726753,215.0,0.0,0.0,0.0,0.013845635889234913,0.056222258753904325,5.799092654460526,0.0009731995807755652
nc 028926,bacillus megaterium,0.011754407902963612,0.114875,6.154858094016418,0.0005,0.0,0.0,0.0,0.0,215.0,0.0,0.0,0.0,0.0074337214656930465,0.040023090244371756,4.736198448394496,0.0009000225005625141
nc 028982,bacillus megaterium,0.004901996330754226,0.056961382850679386,6.517671272912275,0.00015226438898475905,1.4503368407312598e-05,0.00015226438898475905,1.0986122886681098,0.00015226438898475905,215.0,0.0,0.0,0.0,0.00675511689992719,0.03938584779706275,5.814130531825066,0.0003045331941181589
nc 028983,bacillus megaterium,0.0051273926632196,0.058929844394680186,6.569481420414296,0.0001512129438279917,2.8806406544815568e-05,0.00043923759873845203,1.6094379124341003,0.0001512129438279917,215.0,0.0,0.0,0.0,0.006812433711348617,0.03904641216537304,5.814130531825066,0.00030242806532446213
nc 030920,bacillus megaterium,0.007621206731262022,0.07703113319024767,7.142827401161621,0.000138664480189066,9.647329799998794e-05,0.0015855981865097548,2.833213344056216,0.000138664480189066,215.0,0.0,0.0,0.0,0.017315168158636186,0.05418214645324815,6.879355804460439,0.0017001573549892384
nc 020873,bacillus psychrosaccharolyticus,0.006777844330254405,0.06968225948808474,6.98100574072173,0.0001513050056739377,6.935643533142918e-05,0.0007880469045517589,2.4849066497880004,0.00013869625520110957,424.0,0.0,0.0,0.0,0.007899006829163918,0.042869762527497274,6.095824562432225,0.00024587218429065875
nc 007456,bacillus pumilus,0.002418806218347653,0.031508160386862785,4.574710978503383,0.0004533548257102559,0.0,0.0,0.0,0.0,500.0,0.0,0.0,0.0,0.004480176752178716,0.02635973282442748,4.30406509320417,0.0006800664953906605
nc 020081,bacillus pumilus,0.0043649760727229045,0.04818344411521316,6.484635235635252,0.00016016657323616562,5.339562823293843e-05,0.00043378446918128187,2.1972245773362196,0.00016016657323616562,500.0,0.0,0.0,0.0,0.012871153586774311,0.044994859332647914,6.505784060128229,0.001001041082726035
nc 020477,bacillus pumilus,0.004934975628501507,0.05481418577378786,5.501258210544727,0.00046504104492700875,0.00010113473168955683,0.0008694245622548424,1.791759469228055,0.00046504104492700875,500.0,0.0,0.0,0.0,0.005470103986135182,0.03440126050420168,4.624972813284271,0.0005459177483925755
nc 020478,bacillus pumilus,0.004690926813418894,0.04959499786840983,5.44673737166631,0.00040601717452648246,2.0308692120227456e-05,0.00040601717452648246,0.6931471805599453,0.00040601717452648246,500.0,0.0,0.0,0.0,0.004378332865562728,0.027612875115734438,4.3694478524670215,0.00048724039222851573
nc 020479,bacillus pumilus,0.004229912973082372,0.04797167425392008,5.3471075307174685,0.00040465351542741526,2.0240456624701452e-05,0.00040465351542741526,0.6931471805599453,0.00040465351542741526,500.0,0.0,0.0,0.0,0.004802623872554762,0.030084167424931755,4.418840607796598,0.0004855842185128983
nc 020480,bacillus pumilus,0.004447014717026283,0.04808516576623273,5.4116460518550396,0.0004186519407507825,3.988672171034263e-05,0.0007974322680967286,1.0986122886681098,0.0003987161340483643,500.0,0.0,0.0,0.0,0.004448784722222222,0.028996947689716873,4.418840607796598,0.0004784688995215311
nc 022765,bacillus pumilus,0.004335521165773469,0.046572758648366644,5.37989735354046,0.0004213821333975439,8.029387558463978e-05,0.0012240147684404847,1.6094379124341003,0.0004213821333975439,500.0,0.0,0.0,0.0,0.004819143632637235,0.030969406957363298,4.477336814478207,0.0004815795810257645
nc 022766,bacillus pumilus,0.004448416648046963,0.04950655890833773,5.393627546352362,0.0003858181375137067,0.0,0.0,0.0,0.0,500.0,0.0,0.0,0.0,0.0048431480462300495,0.03014941302027748,4.48863636973214,0.0005482790130977764
nc 022773,bacillus pumilus,0.005025924233695544,0.052766413790364224,5.537334267018537,0.00041704730508003337,9.933445912387007e-05,0.0012312825197600985,1.791759469228055,0.00041704730508003337,500.0,0.0,0.0,0.0,0.005811657168650905,0.03461685928684888,4.6443908991413725,0.0005362249761677788
nc 023693,bacillus pumilus,0.005632684374516309,0.06414690603719754,6.731018100482083,0.00014130756601082013,6.729792116721515e-06,0.00013457863429601916,0.6931471805599453,0.00013457863429601916,500.0,0.0,0.0,0.0,0.004517927520907431,0.02802241793434748,5.4638318050256105,0.00024224317177059572
nc 027352,bacillus pumilus,0.0045962740708691534,0.04735660722794874,6.598509028614515,0.00015674767386451984,8.778915553103032e-05,0.001159932786597447,2.70805020110221,0.00015674767386451984,500.0,0.0,0.0,0.0,0.005809615179618377,0.03501139424072923,5.793013608384144,0.00018809720863742382
nc 028758,bacillus pumilus,0.005585337786634483,0.061497026147458195,5.298317366548036,0.000561104253170239,0.0,0.0,0.0,0.0,500.0,0.0,0.0,0.0,0.007590000696330339,0.03852121702759226,4.700480365792417,0.001094183991246528
nc 029121,bacillus pumilus,0.0048216007714561235,0.051097300831478634,6.594413459749778,0.00015189839978337966,7.926128482542702e-05,0.0008321390596828626,2.5649493574615367,0.00015189839978337966,500.0,0.0,0.0,0.0,0.012302317719093948,0.04102153083901053,6.486160788944089,0.001228403867490886
nc 023007,bacillus sphaericus,0.007141968838275268,0.07482413131528459,7.095893221097532,0.00013027309978919444,0.00010067690412597642,0.0015632771974703333,2.8903717578961645,0.00013027309978919444,98.0,0.0,0.0,0.0,0.007134513433372271,0.04299649257507809,5.986452005284438,0.00017764513607617424
nc 027352,bacillus sphaericus,0.004445782150404133,0.04725628871667544,6.565264970035361,0.00015674767386451984,8.151850156452817e-05,0.0007962781832317608,2.6390573296152584,0.00015674767386451984,98.0,0.0,0.0,0.0,0.007497423870944818,0.04364339479317727,6.0473721790462776,0.00024452637122865097
nc 001884,bacillus subtilis,0.3260541216211189,0.46900666587311035,10.687914072695598,0.03011546244494703,0.29592178396839214,0.39807760980835616,10.590918426099964,0.03011546244494703,130.0,0.0,0.0,0.0,0.3827317501792032,0.4614606968750702,9.714322633260165,0.016158910835844215
nc 004165,bacillus subtilis,0.0069836153639538006,0.07342995169082125,4.875197323201151,0.0013419216317767043,0.0,0.0,0.0,0.0,130.0,0.0,0.0,0.0,0.009583707696915245,0.04797317002041412,4.174387269895637,0.001932367149758454
nc 007456,bacillus subtilis,0.0021668472372697724,0.023524078178521056,4.465908118654584,0.0004785412049163812,0.0,0.0,0.0,0.0,130.0,0.0,0.0,0.0,0.00558487786915429,0.03286020992366412,4.5217885770490405,0.0009823182711198428
nc 008721,bacillus subtilis,0.006860348850127764,0.06940781254337988,5.5134287461649825,0.0005830256253643911,5.555555555555556e-05,0.0005830256253643911,1.0986122886681098,0.0005830256253643911,130.0,0.0,0.0,0.0,0.006989318211789529,0.037077217613273775,4.672828834461906,0.000916208562385474
nc 011048,bacillus subtilis,0.006072559298282037,0.06410123431179338,4.770684624465665,0.0010372368011617053,5.191299382235374e-05,0.0010372368011617053,0.6931471805599453,0.0010372368011617053,130.0,0.0,0.0,0.0,0.009340338587273789,0.05053946621237933,4.174387269895637,0.0018671230745293294
nc 011421,bacillus subtilis,0.00503972175907414,0.05540049184532521,6.505784060128229,0.0001508727991430425,2.2634164007152396e-05,0.0004526183974291275,1.3862943611198906,0.0001508727991430425,130.0,0.0,0.0,0.0,0.008693552282057475,0.043015795195361625,5.983936280687191,0.00038472854006834587
nc 016073,bacillus subtilis,0.0037926995282869533,0.04367837923393479,6.396929655216146,0.00012662234884457108,6.331879111763998e-06,0.00012662234884457108,0.6931471805599453,0.00012662234884457108,130.0,0.0,0.0,0.0,0.005274749177519781,0.03200347835252576,5.963579343618446,0.0002279202279202279
nc 016563,bacillus subtilis,0.005615685674583445,0.059159830971911506,6.782192056006791,0.00013384577142966405,2.5497520366144394e-05,0.0003887900979623575,1.6094379124341003,0.00013384577142966405,130.0,0.0,0.0,0.0,0.006291192330736968,0.035745391203367685,5.820082930352362,0.0002676915428593281
nc 018856,bacillus subtilis,0.004767874658161575,0.05229212403060495,6.5998704992128365,0.000142892402021278,3.897546494481724e-05,0.0005325989529883997,1.9459101490553132,0.000142892402021278,130.0,0.0,0.0,0.0,0.006698416385952685,0.03850199083464804,5.849324779946859,0.0003117692907248636
nc 020873,bacillus subtilis,0.004627849058983008,0.0482978186861682,6.5998704992128365,0.00015760938091035178,0.00011349234872415684,0.0014310931786659941,2.9444389791664403,0.00015760938091035178,130.0,0.0,0.0,0.0,0.006757841057004796,0.03827966674172484,5.940171252720432,0.0001891324494543529
nc 020883,bacillus subtilis,0.00914526216418204,0.07986472936041368,6.144185634125646,0.000766795776724799,0.0012588017780575116,0.0046204360905212245,4.174387269895637,0.000766795776724799,130.0,0.0,0.0,0.0,0.02004387714399681,0.06168080185042406,5.998936561946683,0.002064531351383236
nc 021783,bacillus subtilis,0.002971015715997907,0.03586255780200493,5.176149732573829,0.000320653457994397,0.0,0.0,0.0,0.0,130.0,0.0,0.0,0.0,0.004926579614483188,0.029792446724911017,5.332718793265369,0.0005569338261353856
nc 021801,bacillus subtilis,0.007811224846690139,0.0807188476061722,5.817111159963204,0.0004661787329262039,2.331926404402677e-05,0.0004661787329262039,0.6931471805599453,0.0004661787329262039,130.0,0.0,0.0,0.0,0.008564754736568907,0.04459322890348661,4.890349128221754,0.0009090909090909091
nc 021856,bacillus subtilis,0.004973781616286243,0.05040126966992437,6.652863029353347,0.00017348728723711856,0.0001735084697838213,0.0011501564598312675,3.332204510175204,0.00017348728723711856,130.0,0.0,0.0,0.0,0.016720451414444507,0.054333315045445404,6.787844982309579,0.0010409237234227115
nc 022761,bacillus subtilis,0.004631339873305149,0.05212971893319106,6.519147287940395,0.00013680545580157738,2.0523485708812786e-05,0.0004104163674047321,1.3862943611198906,0.00013680545580157738,130.0,0.0,0.0,0.0,0.008598968123825141,0.04215956250242408,6.066108090103747,0.00034885391229402227
nc 022771,bacillus subtilis,0.004935103075341722,0.04989530667483785,6.651571873589727,0.00019151218017465912,0.00015322832936429397,0.0012448291711352841,3.2188758248682006,0.00019151218017465912,130.0,0.0,0.0,0.0,0.016808886273355892,0.053067845555991304,6.818924065275521,0.0015703998774322047
nc 023007,bacillus subtilis,0.00692877573862526,0.07355692934460788,7.065613363597717,0.00012435159525332195,3.5533024985638734e-05,0.0004855633719415429,1.9459101490553132,0.00012435159525332195,130.0,0.0,0.0,0.0,0.0075119058316111065,0.03933201877606575,6.037870919922137,0.0003019967313294962
nc 023693,bacillus subtilis,0.005861491147196781,0.06284822221624095,6.77078942390898,0.00018168115629962588,0.00010767667386754423,0.0010160686889349446,2.833213344056216,0.000161494361155223,130.0,0.0,0.0,0.0,0.005940594059405941,0.03595434487124583,5.736572297479192,0.00022205624078971273
nc 025423,bacillus subtilis,0.0033178739640659823,0.03666575314803329,6.133398042996649,0.00015145177342814695,2.163893276783589e-05,0.0002956915576454298,1.3862943611198906,0.00015145177342814695,130.0,0.0,0.0,0.0,0.007405256279947728,0.03874594507465092,5.8805329864007,0.00038945022609749235
nc 027352,bacillus subtilis,0.0047404954946481314,0.050046397311463896,6.6293632534374485,0.00015674767386451984,8.151850156452817e-05,0.0009154064153687959,2.6390573296152584,0.00015674767386451984,130.0,0.0,0.0,0.0,0.006484738656148953,0.03772184241419792,5.902633333401366,0.0002069069295011662
nc 027388,bacillus subtilis,0.0027384130896145682,0.03182751540041068,5.303304908059076,0.0002737850787132101,0.0,0.0,0.0,0.0,130.0,0.0,0.0,0.0,0.0051367664055477075,0.03220462763399298,5.638354669333745,0.00032854209445585213
nc 028758,bacillus subtilis,0.006118611243649836,0.06475143081584558,5.389071729816501,0.000561104253170239,2.8070175438596492e-05,0.000561104253170239,0.6931471805599453,0.000561104253170239,130.0,0.0,0.0,0.0,0.015667432630039693,0.0653039195844296,5.420534999272286,0.00126251998989984
nc 028982,bacillus subtilis,0.0036837487219277317,0.03966849867312461,6.2324480165505225,0.00015226438898475905,2.9006736814625195e-05,0.00044229179657477634,1.6094379124341003,0.00015226438898475905,130.0,0.0,0.0,0.0,0.007685462341234528,0.04172229639519359,5.942799375126701,0.0003480379361350387
nc 028983,bacillus subtilis,0.0035790929123878383,0.038883328412912144,6.210600077024653,0.00015841356020075318,3.600800818101946e-05,0.00030962650402874487,1.791759469228055,0.00015841356020075318,130.0,0.0,0.0,0.0,0.007567104511707595,0.04110565499762395,5.918893854273146,0.00034563207465652815
nc 029010,bacillus subtilis,0.00744263991916603,0.08001576665352779,5.713732805509369,0.00046807252660622785,0.0,0.0,0.0,0.0,130.0,0.0,0.0,0.0,0.008109052778748689,0.04902427415516421,4.762173934797756,0.0008130081300813008
nc 029101,bacillus subtilis,0.0027155465037338763,0.030003324468085107,5.2832037287379885,0.0002770390070921986,0.0,0.0,0.0,0.0,130.0,0.0,0.0,0.0,0.005012669384157761,0.031157481719279474,5.6131281063880705,0.0003324468085106383
nc 029121,bacillus subtilis,0.004854625434274316,0.05363334368003593,6.601230118728877,0.0001386898432804771,5.284085655028468e-05,0.000931203233454632,2.1972245773362196,0.0001386898432804771,130.0,0.0,0.0,0.0,0.013767326546711244,0.04779773397937994,6.598509028614515,0.001228403867490886
nc 030903,bacillus subtilis,0.005478316913728017,0.05351518060880258,6.726233402358747,0.0002564625268792456,0.00040776060506412365,0.001657142481373587,4.143134726391533,0.0002564625268792456,130.0,0.0,0.0,0.0,0.016689018030099836,0.05490472574755035,6.799055862058796,0.0010653198918897592
nc 031008,bacillus subtilis,0.009469909223355374,0.10049829236884833,5.135798437050262,0.001231733945467779,0.0001681425849120054,0.001231733945467779,1.3862943611198906,0.001231733945467779,130.0,0.0,0.0,0.0,0.006145741878841089,0.040412725709372314,3.58351893845611,0.0013438602385351924
nc 031039,bacillus subtilis,0.010218024355945775,0.1053648393495909,7.850103545175582,9.560153281124274e-05,0.00015536424949108248,0.0018204125206140805,3.6888794541139363,9.560153281124274e-05,130.0,0.0,0.0,0.0,0.007364134806985408,0.041339985744832504,6.39024066706535,0.0001673040152963671
nc 031245,bacillus subtilis,0.0032087537687083413,0.03733979847504371,6.569481420414296,0.00010364655623050994,6.309461036824719e-05,0.0006624366854732592,2.70805020110221,0.00010364655623050994,130.0,0.0,0.0,0.0,0.007515950361074108,0.04072886098409882,6.285998094508865,0.0003650177777176925
nc 005258,bacillus thuringiensis,0.013337801608579088,0.12467358553732842,5.298317366548036,0.0015400066956812856,0.0005363368195226602,0.004352192835621024,2.1972245773362196,0.0015400066956812856,500.0,0.0,0.0,0.0,0.016139993204213388,0.05927750410509031,4.564348191467836,0.004821213338690237
nc 006945,bacillus thuringiensis,0.013598538664501725,0.12954729183508487,5.308267697401205,0.0014820803018054433,0.0003386386725364037,0.005456750202101859,1.791759469228055,0.0014147130153597412,500.0,0.0,0.0,0.0,0.01166489925768823,0.05965811965811966,4.204692619390966,0.001818916734033953
nc 009760,bacillus thuringiensis,0.00838155965523699,0.08699782596780971,7.515344571180436,0.00011874965745291119,0.00012332765417098695,0.0014249958894349344,3.332204510175204,0.00011874965745291119,500.0,0.0,0.0,0.0,0.007429524487106218,0.03919341096279466,6.45833828334479,0.0003014441917185059
nc 011167,bacillus thuringiensis,0.028384567540569575,0.17337677011147937,7.317876198626496,0.002730491111780657,0.008709586200395891,0.023425730641759564,6.137727054086234,0.002730491111780657,500.0,0.0,0.0,0.0,0.031060094530722483,0.08627357648598798,6.2285110035911835,0.002711711202756906
nc 015252,bacillus thuringiensis,0.013752774920136445,0.1354693800232728,6.2324480165505225,0.0005412280464373664,0.0001083012942004657,0.0021649121857494655,1.6094379124341003,0.0005412280464373664,500.0,0.0,0.0,0.0,0.011605271039233303,0.055458515283842796,5.049856007249537,0.0019485264268896648
nc 015253,bacillus thuringiensis,0.007872899903950622,0.0784637783811435,6.90875477931522,0.00018100971943493487,0.00010235736894319953,0.0011490182190217605,2.6390573296152584,0.00018100971943493487,500.0,0.0,0.0,0.0,0.0077700426678643615,0.04377779715705939,5.849324779946859,0.0007319088655412584
nc 015254,bacillus thuringiensis,0.014456786256415199,0.13644684233344573,6.398594934535208,0.0005058047112095959,0.00016867876334369502,0.002456765740160894,2.0794415416798357,0.0005058047112095959,500.0,0.0,0.0,0.0,0.007965143985295119,0.04806991988346686,4.770684624465665,0.0005780764506105933
nc 016563,bacillus thuringiensis,0.014259124692444003,0.13400511163374698,7.71333788887187,0.00017208742040956807,0.00025497520366144394,0.003040211093902369,3.713572066704308,0.00017208742040956807,500.0,0.0,0.0,0.0,0.008575494307968844,0.048483088982435765,6.129050210060545,0.0003059331918392321
nc 018085,bacillus thuringiensis,0.9986421135383663,0.9999523718803581,10.64354217367223,0.3679272242331873,0.9981654873370976,0.9999523718803581,10.642969504301549,0.3679272242331873,500.0,0.0,0.0,0.0,0.9890264699340106,0.9896817952233206,9.498522319469615,0.09580624419518469
nc 018856,bacillus thuringiensis,0.011179172052719443,0.11180680947246724,7.451241684987676,0.00013639729283849262,5.8463197417225856e-05,0.0009223055039555215,2.302585092994046,0.00013639729283849262,500.0,0.0,0.0,0.0,0.008518217369419599,0.04706633611298926,6.089044875446846,0.0003117692907248636
nc 018863,bacillus thuringiensis,0.012356917474981702,0.11963393933430097,7.605890001053122,0.00013530468154198134,0.00017222608364036732,0.002275578735024232,3.367295829986474,0.00013530468154198134,500.0,0.0,0.0,0.0,0.009932422397148373,0.04934222382411245,6.284134161070802,0.0007933872098601424
nc 019502,bacillus thuringiensis,0.5056098769882396,0.747393076732506,10.018734040540515,0.02006711560550438,0.4431751611013474,0.6564942231030833,9.886849911383104,0.02006711560550438,500.0,0.0,0.0,0.0,0.7076550813902331,0.8104086572689734,9.174920426744922,0.03412162162162162
nc 019912,bacillus thuringiensis,0.01506081209199014,0.13069966424780677,6.322565239927284,0.0008664572728257337,0.001625443610652074,0.006769197443951045,4.110873864173311,0.0008664572728257337,500.0,0.0,0.0,0.0,0.023668639053254437,0.07702523240371846,5.746203190540153,0.003005686433793664
nc 020873,bacillus thuringiensis,0.009388102518836101,0.0926112722229227,7.306531398939505,0.00014500063043752364,8.827182678545532e-05,0.0015256588072122053,2.70805020110221,0.0001323918799646955,500.0,0.0,0.023809523809523808,0.0,0.009218479753222902,0.04889751095560598,6.249975242259483,0.0004917443685813175
nc 022763,bacillus thuringiensis,0.012953336336299777,0.12538269110208952,7.663407664893479,0.0001460769216723373,0.0001460938165792133,0.0018624807513223005,3.2188758248682006,0.00013390384486630918,500.0,0.0,0.0,0.0,0.010016724840023269,0.049353950434230034,6.313548046277095,0.0008216926869350862
nc 022769,bacillus thuringiensis,0.011245407721685238,0.10972657621128312,7.527793987721444,0.00015129691717401567,0.00019368232467210187,0.0022634018809232744,3.4965075614664802,0.00014524504048705504,500.0,0.0,0.0,0.0,0.010736738009465282,0.054019799266947555,6.411818267709897,0.0008170082971731512
nc 023007,bacillus thuringiensis,0.016860020963988132,0.16293019730453115,7.954372272531867,0.00014211610886093938,0.00020135380825195284,0.0023389942916696273,3.5553480614894135,0.00013619460432506692,500.0,0.0,0.0,0.0,0.008877706891904034,0.0480395065175284,6.20455776256869,0.0002487031905066439
nc 023599,bacillus thuringiensis,0.6598549939365792,0.8545857835551429,10.149370590819828,0.030872794800371403,0.6071787990607179,0.8014030743835758,10.066073979755881,0.030872794800371403,500.0,0.0,0.0,0.0,0.8078926598263615,0.8950598343050016,9.233763886919771,0.03806870937790158
nc 024216,bacillus thuringiensis,0.011281661537694828,0.11316735288804729,7.502186486602924,0.00014326558324664727,0.00013705286502784666,0.0016755844301455703,3.1354942159291497,0.00014326558324664727,500.0,0.0,0.0,0.0,0.0099034088773631,0.05116991034331948,6.269096283706261,0.0005045502961897109
nc 024792,bacillus thuringiensis,0.008067837220620717,0.07952283801573487,7.165493475060845,0.00013725893898840162,8.111717063308832e-05,0.0011479838533575409,2.6390573296152584,0.00013725893898840162,500.0,0.0,0.0,0.0,0.007885239985564778,0.04388144311859187,6.082218910376446,0.00031819117674584013
nc 025423,bacillus thuringiensis,0.006808854395822364,0.074052705217153,6.851184927493743,0.0001586637626390111,7.21297758927863e-05,0.0008942866621471534,2.3978952727983707,0.0001586637626390111,500.0,0.0,0.0,0.0,0.008504636063805514,0.04450847252725111,6.018593214496234,0.0004327224734416582
nc 025424,bacillus thuringiensis,0.06826200337475073,0.24079915878023134,8.044305406990638,0.008696985629162286,0.04122378312038397,0.07963109008061689,7.540090320145325,0.008696985629162286,500.0,0.0,0.0,0.0,0.09787263434175991,0.1657968687274187,7.257002707092073,0.008215036803364878
nc 027352,bacillus thuringiensis,0.009807056816970472,0.09827452160609937,7.355641102974253,0.00014420785995535826,0.00013795438726304767,0.0013292202743711283,3.1354942159291497,0.00014420785995535826,500.0,0.0,0.0,0.0,0.008936502860391571,0.04785581106277191,6.222576268071369,0.0003385749755473629
nc 028748,bacillus thuringiensis,0.0566699123661149,0.22994256789642753,7.976251943745623,0.004497225737369805,0.03047949207338449,0.06510269638859145,7.356279876550748,0.004497225737369805,500.0,0.0,0.0,0.0,0.09622053723623111,0.154947248360422,7.401231264413015,0.010338181181005782
nc 028886,bacillus thuringiensis,0.021657006830883875,0.1719214753123141,6.731018100482083,0.0008276646923415152,0.002303074215919677,0.012621886558208105,4.499809670330265,0.0008276646923415152,500.0,0.0,0.0,0.0,0.0305092521792323,0.08720498738310821,5.991464547107982,0.0023279273686660977
nc 028887,bacillus thuringiensis,0.011737229416543222,0.11394544618380109,7.583756300707112,0.00014334263069562983,0.0001493321864621413,0.0019649885624525923,3.258096538021482,0.00014334263069562983,500.0,0.0,0.0,0.0,0.010734251370804979,0.055090401650285156,6.400257445308821,0.000806307113420534
nc 028890,bacillus thuringiensis,0.009847911319558568,0.09450044926947553,7.3783837129967145,0.00022771192595054344,0.00033237519003859244,0.002203266742980934,4.007333185232471,0.00022771192595054344,500.0,0.0,0.0,0.0,0.009674705552439709,0.049020943299846756,6.315358001522335,0.00048004135740925373
nc 028944,bacillus thuringiensis,0.009584743307630195,0.09560436851317704,7.349873704738337,0.00014791805339841728,0.00011711550670948574,0.0010539161304637232,2.995732273553991,0.00014791805339841728,500.0,0.0,0.0,0.0,0.007879246397136162,0.0443077583278202,6.059123195581797,0.00029583610679683456
nc 028982,bacillus thuringiensis,0.006816385430338716,0.07197755187865253,6.846943139585379,0.00015226438898475905,3.6258421018281494e-05,0.000587305500369785,1.791759469228055,0.00015226438898475905,500.0,0.0,0.0,0.0,0.009546153223849203,0.04990968349956805,6.159095388491933,0.0003697903071434786
nc 028983,bacillus thuringiensis,0.006798116115279918,0.07382071905355099,6.851184927493743,0.0001512129438279917,2.1604804908611675e-05,0.00029522527128322183,1.3862943611198906,0.0001512129438279917,500.0,0.0,0.0,0.0,0.009198825161132414,0.04787739584983368,6.113682179832232,0.00036723407932256113
nc 029008,bacillus thuringiensis,0.2387933736828145,0.41259702068167575,9.200693994924377,0.020054958299185268,0.20616393758892612,0.28481897507592924,9.053686561930807,0.020054958299185268,500.0,0.0,0.0,0.0,0.3068215016067777,0.39361702127659576,8.343315881404946,0.026468035869250797
nc 029121,bacillus thuringiensis,0.00815048678352994,0.08197890593526487,7.118826249062078,0.0001452941215319284,0.00011228682016935495,0.0014925668848279916,2.8903717578961645,0.0001452941215319284,500.0,0.0,0.0,0.0,0.008508320498854288,0.047214834784509455,6.118097198041348,0.0003368204152797591
nc 031006,bacillus thuringiensis,0.009397227879680815,0.09321456868376746,7.325807502595773,0.00014236902050113895,0.00014857645187051562,0.0016774784589482024,3.2188758248682006,0.00014236902050113895,500.0,0.0,0.0,0.0,0.008233422143280048,0.045444767129181454,6.100318952020064,0.0004085422469823584
nc 031012,bacillus thuringiensis,0.00976957615828687,0.09708851625953586,7.368339686311381,0.000141843096866501,0.00012952409148101547,0.0015356057008590759,3.091042453358316,0.000141843096866501,500.0,0.0,0.0,0.0,0.008157177579730427,0.04461769008456132,6.095824562432225,0.00029602220166512487
nc 031015,bacillus thuringiensis,0.026501566688059194,0.22834289163899787,6.555356891810665,0.0009432538484757018,0.0008684160845761752,0.0073196498641714455,3.1780538303479458,0.0009432538484757018,500.0,0.0,0.0,0.0,0.01825715395571669,0.0662309915797411,4.955827057601261,0.004188363142404347
nc 031024,bacillus thuringiensis,0.009815580462496842,0.10056805579515489,7.374001859350161,0.00013554476673977869,0.00010475140027974785,0.0013924144219631812,2.8903717578961645,0.00013554476673977869,500.0,0.0,0.0,0.0,0.00815034475230593,0.04432264772747299,6.1070228877422545,0.000406639310931204
nc 031027,bacillus thuringiensis,0.009818656679643227,0.09629278327656612,7.374629015218945,0.00014782057046421819,0.00014167795983737835,0.0015459567994382819,3.1780538303479458,0.00014782057046421819,500.0,0.0,0.0,0.0,0.008024601499381324,0.04490817441573548,6.091309882077698,0.00029564478279347367
nc 031034,bacillus thuringiensis,0.009923972071373157,0.09715775102395433,7.3777589082278725,0.000142733027181333,0.0001427498588017701,0.002029291299491126,3.1780538303479458,0.000142733027181333,500.0,0.0,0.0,0.0,0.008416122363100792,0.04697332269786404,6.133398042996649,0.00029787947051924116
nc 031037,bacillus thuringiensis,0.010004539153263896,0.10026925742604621,7.397561535524052,0.00014106881091259253,0.0001349511108930083,0.0013002864310204182,3.1354942159291497,0.00014106881091259253,500.0,0.0,0.0,0.0,0.007868502036228278,0.0441110813465488,6.059123195581797,0.00029440447494801924
nc 031049,bacillus thuringiensis,0.009535926479489112,0.09527632480902123,7.3427791893318455,0.0001482131057438754,0.00012352541535420912,0.0012968646752589098,3.044522437723423,0.0001482131057438754,500.0,0.0,0.0,0.0,0.007797595895612232,0.044186004773955026,6.045005314036012,0.00029642804209278195
nc 031054,bacillus thuringiensis,0.009919950738916257,0.09733706862050918,7.385230923066573,0.0001477696025613398,0.00013547131702751298,0.0013052981559585014,3.1354942159291497,0.0001477696025613398,500.0,0.0,0.0,0.0,0.008120692183604634,0.04571611253196931,6.095824562432225,0.00029554102478850347
nc 031070,bacillus thuringiensis,0.009651391968465138,0.0968437259430331,7.357556200910353,0.00014780600461893764,0.00015398260612481214,0.001441108545034642,3.258096538021482,0.00014780600461893764,500.0,0.0,0.0,0.0,0.008225045894676217,0.04587443789869976,6.126869184114185,0.0002956120092378753
nc 031100,bacillus thuringiensis,0.011944437687011944,0.1159064235023686,7.583247524303362,0.00015202836241129145,9.12275580207269e-05,0.00124663257177259,2.772588722239781,0.00014594722791483978,500.0,0.0,0.0,0.0,0.010306147965562819,0.05188613827057763,6.359573868672378,0.0008209581493778961
nc 031116,bacillus thuringiensis,0.010249188758954265,0.10248859775322171,7.423568444259167,0.00013468425724693134,0.00014694537305756585,0.0020631179405552666,3.2188758248682006,0.00013468425724693134,500.0,0.0,0.0,0.0,0.008391044666739952,0.04581602584584798,6.129050210060545,0.0004040552453717308
nc 031121,bacillus thuringiensis,0.027575020275750203,0.23212907210128145,6.5722825426940075,0.0011193453759456538,0.0010042875352466298,0.006947660954145438,3.295836866004329,0.0011193453759456538,500.0,0.0,0.0,0.0,0.016702247896521413,0.05952525867315885,4.897839799950911,0.00428439092172302
nc 016563,bacillus weihenstephanensis,0.014118891906018536,0.13668202706234026,7.703459047867175,0.0001465929877562987,8.924132128150537e-05,0.0013002160653167365,2.70805020110221,0.0001402193795929814,500.0,0.0,0.0,0.0,0.009212103055721989,0.04833793003338656,6.20050917404269,0.00045889978775884814
nc 018856,bacillus weihenstephanensis,0.01230293542582837,0.12214702329146153,7.546974117516527,0.00013639729283849262,8.444684071377068e-05,0.0013185071641054287,2.6390573296152584,0.00013639729283849262,500.0,0.0,0.0,0.0,0.008634374879002595,0.049977462249267524,6.102558594613569,0.00029228371005455964
nc 020873,bacillus weihenstephanensis,0.009766400807036349,0.09813390493002143,7.346010209913293,0.0001513050056739377,6.30513048467538e-05,0.0010213087882990795,2.3978952727983707,0.0001323918799646955,500.0,0.0,0.0,0.0,0.009254141183602875,0.05097604489633312,6.253828811575473,0.0002836986741815293
nc 021336,bacillus weihenstephanensis,0.024728610855565776,0.2161456417800662,6.511745329644728,0.0009930121368150054,0.0002944315630635604,0.004486943729312247,2.1972245773362196,0.0007723427730783376,500.0,0.0,0.0,0.0,0.007833228048010107,0.04547130392036377,4.143134726391533,0.0008827099194527199
nc 023007,bacillus weihenstephanensis,0.018843901196842372,0.1759042137426277,8.065579427282092,0.00014211610886093938,0.00014805427077349472,0.002623226509391506,3.258096538021482,0.00012435159525332195,500.0,0.0,0.0,0.0,0.008913649025069638,0.04981939379133439,6.208590026096629,0.0002487031905066439
nc 025423,bacillus weihenstephanensis,0.006960322555051463,0.07142032915518759,6.873163834212518,0.00015145177342814695,6.491679830350768e-05,0.0011611302629491267,2.302585092994046,0.00015145177342814695,500.0,0.0,0.0,0.0,0.008878010330021365,0.04718824927968407,6.061456918928017,0.0004327224734416582
nc 027352,bacillus weihenstephanensis,0.010070417677784257,0.09933413588142352,7.382124365737512,0.00014420785995535826,0.0001316837332965455,0.001918591528101723,3.091042453358316,0.00014420785995535826,500.0,0.0,0.0,0.0,0.008190313754752513,0.04692355500310752,6.135564891081739,0.0002821458129561357
nc 011222,bacteroides fragilis,0.008349289753751614,0.09076542990050969,5.929589143389895,0.00046740412651071693,4.45335114673792e-05,0.00046740412651071693,1.0986122886681098,0.00046740412651071693,102.0,0.0,0.0,0.0,0.008427459472113303,0.04771913878316196,4.976733742420574,0.0008680555555555555
nc 016770,bacteroides fragilis,0.008251315119633463,0.09007824593396807,5.966146739123692,0.000445302063232893,4.2426813746287656e-05,0.000445302063232893,1.0986122886681098,0.000445302063232893,102.0,0.0,0.0,0.0,0.011866050544811456,0.047365796908758515,5.342334251964811,0.002926394808830078
nc 031053,bacteroides fragilis,0.0044580608417290205,0.05006478972788314,5.429345628954441,0.00039266501747359326,1.964057743297653e-05,0.00039266501747359326,0.6931471805599453,0.00039266501747359326,102.0,0.0,0.0,0.0,0.006066350710900474,0.03723734697606432,5.081404364984463,0.0005889975262103899
nc 031095,bacteroides fragilis,0.006506936584036079,0.07029592671162256,7.002155954403621,0.000124438545135638,4.741049786949075e-05,0.0008355159459107124,2.1972245773362196,0.000124438545135638,102.0,0.0,0.0,0.0,0.0069505736981465135,0.0415609815725942,6.091309882077698,0.00031998862262675105
nc 002643,bdellovibrio bacteriovorus,0.0030574361214238915,0.04222899434044406,2.70805020110221,0.0037004788855028296,0.0,0.0,0.0,0.0,0.0,0.0,0.0,0.0,0.006014215418261345,0.03811540497617787,2.4849066497880004,0.0045721750489875895
nc 015721,bdellovibrio bacteriovorus,0.0039304231476835596,0.042580752998203165,4.553876891600541,0.0010446700931845724,0.00025092004014720643,0.0010446700931845724,1.9459101490553132,0.0010446700931845724,0.0,0.0,0.0,0.0,0.00902027328748772,0.046975823797642605,4.624972813284271,0.0011282437006393381
nc 019525,bdellovibrio bacteriovorus,0.007013829153708727,0.07714865282003792,5.765191102784844,0.0004409754376681219,2.2058012573067168e-05,0.0004409754376681219,0.6931471805599453,0.0004409754376681219,0.0,0.0,0.0,0.0,0.006100843351875112,0.037081961531796916,4.919980925828125,0.0005953168408519646
nc 005357,bordetella bronchiseptica,0.06335044022788267,0.3681076883251359,7.898039690764619,0.0007059986350693055,0.0016245232377454443,0.019226696161720753,4.248495242049359,0.000635398771562375,500.0,0.0,0.0,0.0,0.1544771831097549,0.4501125714395674,8.9614943233096,0.002188647274781135
nc 028758,brevibacillus brevis,0.0014033512026719807,0.016973403658399732,3.9318256327243257,0.0005330490405117271,0.0,0.0,0.0,0.0,0.0,0.0,0.0,0.0,0.0020889910173386254,0.013357619914996965,3.4339872044851463,0.0006733439946132481
nc 022980,brevibacillus laterosporus,0.1491176277635636,0.3254290580374689,8.827614750837508,0.00443250796978034,0.11202502570384792,0.22894012838988603,8.541300266759471,0.00443250796978034,500.0,0.0,0.0,0.0,0.25108723458685084,0.3452557449962935,8.27563105457801,0.011332372592689637
nc 028749,brevibacillus laterosporus,0.011239804848981415,0.10980114694272734,7.31986492980897,0.00029045952185894095,0.0008566044200788076,0.003224845460639011,4.7535901911063645,0.00029045952185894095,500.0,0.0,0.0,0.0,0.009786199588605623,0.042451401925755465,6.156978985585555,0.0009607650370899991
nc 028758,brevibacillus laterosporus,0.006876420893092705,0.07577712939064078,5.5053315359323625,0.000561104253170239,5.6140350877192984e-05,0.001122208506340478,1.0986122886681098,0.000561104253170239,500.0,0.0,0.0,0.0,0.007032936425040039,0.04148957700870269,4.624972813284271,0.0008416799932665601
nc 028805,brevibacillus laterosporus,0.008485980716558745,0.06866337926722126,6.9782137426306985,0.0005698862602005683,0.0023115530153100805,0.00546932508053601,5.680172609017068,0.0005698862602005683,500.0,0.0,0.0,0.0,0.02327603640040445,0.07090766516369339,7.049254841255837,0.0011160449267447108
nc 028969,brevibacillus laterosporus,0.2032867397053268,0.3983004437730148,9.283869605264298,0.005193088471343594,0.16179915369502795,0.2986875649136059,9.055556158175316,0.004890945142101784,500.0,0.0,0.0,0.0,0.3312261518309699,0.42496833526075223,8.668539943910762,0.012010650954620134
nc 029029,brevibacillus laterosporus,0.15051496585194457,0.32564980681419037,8.832733591996416,0.004456445381102916,0.11371971976368787,0.22850807867931155,8.552367266423891,0.004456445381102916,500.0,0.0,0.0,0.0,0.24348259947611325,0.33413548309469376,8.270013062273787,0.011393572181243414
nc 029104,brevibacillus laterosporus,0.17520304989225924,0.36150390337310356,9.160519676992227,0.005063337752246281,0.1366106127861787,0.2583775224628075,8.911664758049536,0.004768743555751952,500.0,0.0,0.0,0.0,0.2971460548405148,0.38812513531067333,8.577535420422398,0.01171011931064958
nc 015252,brochothrix thermosphacta,0.19632898370242027,0.36814331718669663,8.889170455363413,0.01177171001001272,0.15947365571018574,0.28584959272589505,8.681181041521688,0.01177171001001272,500.0,0.0,0.0,0.0,0.31476489967056004,0.41739446870451236,8.344029572407049,0.022083299504749535
nc 015253,brochothrix thermosphacta,0.005133130737375805,0.044276551371345375,6.481577129276431,0.0007082989021367017,0.0006692597200132277,0.001715657340731122,4.454347296253507,0.0007082989021367017,500.0,0.0,0.0,0.0,0.005344711430496294,0.0276663469085201,5.476463551931511,0.0004013693778774643
nc 015254,brochothrix thermosphacta,0.08213864058019903,0.19290428247988825,8.134467570277563,0.005491594007418469,0.06337502108484541,0.11414326316296546,7.875119281040293,0.005491594007418469,500.0,0.0,0.0,0.0,0.1022533868881476,0.15427398530093359,7.315218389752975,0.014885468603222776
nc 019446,brucella abortus,0.004570539469525685,0.03540876834840089,5.241747015059643,0.0008748906386701663,0.0012156872279899828,0.004909108583649266,3.9318256327243257,0.0008748906386701663,0.0,0.0,0.0,0.0,0.010656941221048643,0.06319600384950277,5.420534999272286,0.0007290755322251386
nc 031264,brucella abortus,0.03021638000938927,0.10096635876869253,7.256297239690681,0.006101073020884442,0.02095693371462717,0.03594513300765834,6.890609120147166,0.006101073020884442,0.0,0.0,0.0,0.0,0.03341705036975024,0.10317620198764438,6.8658910748834385,0.007936
nc 031264,brucella canis,0.030792539797703897,0.10092369392239264,7.275172319452771,0.006101073020884442,0.02161850697853088,0.036201122085457685,6.921658184151129,0.006101073020884442,17.0,0.0,0.0,0.0,0.03313799358169388,0.09884501745903841,6.85751406254539,0.007936
nc 031264,brucella ceti,0.030792539797703897,0.10158499904004095,7.275172319452771,0.006101073020884442,0.021490460540355968,0.03607312754655801,6.915723448631314,0.006101073020884442,14.0,0.0,0.0,0.0,0.036905260220454865,0.10831318828901423,6.9650803456014065,0.007936
nc 031264,brucella inopinata,0.0025820494217062865,0.02261236853894234,4.804021044733257,0.0009812914648974977,0.0006402321908745572,0.001450604774196301,3.4339872044851463,0.0009812914648974977,12.0,0.0,0.0,0.0,0.00429049811636668,0.02561778135911899,4.820281565605037,0.000768
nc 019447,brucella melitensis,0.005099639102463518,0.03905576033252294,5.278114659230517,0.0009411026586150106,0.0013077365695454307,0.005280631584450893,3.9318256327243257,0.0009411026586150106,0.0,0.0,0.0,0.0,0.01079264878073614,0.06362875842724275,5.3612921657094255,0.0007842522155125088
nc 031264,brucella melitensis,0.030045665998036788,0.10130767753909166,7.25063551189868,0.005418435480086183,0.020636817619189892,0.03603046270025812,6.875232087276577,0.005418435480086183,0.0,0.0,0.0,0.0,0.03394028184735594,0.10394842868654311,6.881411303642535,0.007936
nc 031264,brucella microti,0.030899236054799196,0.10288627685218764,7.278628942320682,0.006101073020884442,0.021469119467326818,0.036051795123408066,6.914730892718563,0.006101073020884442,106.0,0.0,0.0,0.0,0.03756802009208874,0.10952189094816009,6.982862751468942,0.007936
nc 031264,brucella neotomae,0.03017370150655115,0.10224630415768927,7.254884810077338,0.004053160398489664,0.02070084083827735,0.03609445996970796,6.878326468291325,0.004053160398489664,0.0,0.0,0.0,0.0,0.03673084972791963,0.10764168681171099,6.960347729101308,0.006592
nc 031264,brucella ovis,0.007169988476804234,0.06785843803997696,5.820082930352362,0.0009812914648974977,0.0007682786290494686,0.0019839153529449412,3.6109179126442243,0.0009812914648974977,0.0,0.0,0.0,0.0,0.013150551137156411,0.07487241471931239,5.934894195619588,0.000768
nc 031264,brucella pinnipedialis,0.0017284793649438778,0.0196471617210999,4.406719247264253,0.0005546430018985856,0.00014938751120406333,0.0005546430018985856,2.0794415416798357,0.0005546430018985856,0.0,0.0,0.0,0.0,0.003906795032789173,0.023133225893096965,4.727387818712341,0.000768
nc 031264,brucella suis,0.030792539797703897,0.10094502634554259,7.275172319452771,0.006101073020884442,0.021661189124589184,0.035838470891908614,6.923628628138427,0.006101073020884442,0.0,0.0,0.0,0.0,0.03585879726524348,0.10569433252753156,6.9363427358340495,0.007936
nc 031264,brucella vulpis,0.05514062566685161,0.14619109584657722,7.85748078694253,0.006101073020884442,0.04031328695206795,0.07839665507605009,7.5443321080536885,0.006101073020884442,0.0,0.0,0.0,0.0,0.07911259941398074,0.15118855761482675,7.727094484779841,0.007936
nc 009015,burkholderia ambifaria,0.03128453038674033,0.2174273285921425,7.725771441587952,0.00037285092867499827,0.0006215813028344107,0.007553683629082372,3.828641396489095,0.0003314230477111096,2.0,0.0,0.0,0.0,0.08553057786991448,0.30131442733004987,8.572060092857077,0.0012428535918468805
nc 015266,burkholderia ambifaria,0.11778490379871731,0.4455430896313648,8.471358655072438,0.002638392306743928,0.028887902111703178,0.09286154604857601,7.066466970136958,0.002638392306743928,2.0,0.0,0.0,0.0,0.23082545445971753,0.5427146028331464,9.189218875354072,0.013537505548158012
nc 005263,burkholderia cenocepacia,0.09073543457497613,0.4446520123710484,8.382747094863314,0.0007472445357743321,0.0020142032476431746,0.026630964983290782,4.584967478670572,0.0004981630238495547,383.0,0.0,0.0,0.0,0.19987766337037416,0.5127101068557546,9.190545744648004,0.0018058409614546361
nc 009604,burkholderia cenocepacia,0.08993603141427577,0.444092693427884,8.357259153499912,0.0008019923177577983,0.002005785106517746,0.026064750327128447,4.564348191467836,0.0005065214638470306,383.0,0.0,0.0,0.0,0.19562558308282368,0.5100311276232553,9.152393412021333,0.0018361403064454857
nc 011216,burkholderia cenocepacia,0.44370015948963315,0.770373322704929,9.722744748855389,0.006031619503122094,0.3479636324968099,0.6216022319649263,9.479603858903946,0.006031619503122094,383.0,0.0,0.0,0.0,0.5665859564164649,0.8102336279992783,10.099753105042092,0.03244320446392985
nc 012743,burkholderia cenocepacia,0.11325358851674641,0.5207366658694093,8.868131713503033,0.0007494219883600415,0.003126196248564502,0.03359642828669377,5.2832037287379885,0.0007494219883600415,383.0,0.0,0.0,0.0,0.23924955249169888,0.5642645711934375,9.770527425279898,0.002296101411145659
nc 015265,burkholderia cenocepacia,0.11982483006904704,0.4760178322053926,8.403128235128264,0.0018261897088838758,0.024021280597576376,0.08174884520356644,6.796823718274855,0.0018261897088838758,383.0,0.0,0.0,0.0,0.2428131048820704,0.5694569873798773,9.226410552153677,0.008781824041250403
nc 015273,burkholderia cenocepacia,0.09832208531979444,0.43258965869356686,8.063692634269517,0.0010211343874740849,0.004148863706731067,0.04134047095955689,4.90527477843843,0.0008045301234644304,383.0,0.0,0.0,0.0,0.18388245770258238,0.493144789425146,8.662677858158219,0.003434831043445971
nc 018278,burkholderia cenocepacia,0.0240792208702151,0.1828539409787075,6.939253946041508,0.0006770638774747852,0.00032700348025132555,0.0034320134478894285,2.70805020110221,0.000536981695928278,383.0,0.0,0.0,0.0,0.08081301230824575,0.28028137505903405,8.053887083618223,0.003081879946767528
nc 018283,burkholderia cenocepacia,0.06103359173126615,0.3668991647291828,8.173011311724972,0.0005166623611469904,0.0010853461048134238,0.012744338241625764,4.1588830833596715,0.00041332988891759235,383.0,0.0,0.0,0.0,0.14372859589041095,0.42461182003665665,8.994544758324512,0.0016016533195556703
nc 019917,burkholderia cenocepacia,0.10767910767910768,0.497855508959207,8.821437352166997,0.0004924386834413521,0.0026218359207411056,0.031770237641377555,5.111987788356544,0.0003971279705172195,383.0,0.0,0.0,0.0,0.22691146741989976,0.5435590754808469,9.704365657063827,0.0020968356843309188
nc 022916,burkholderia cenocepacia,0.03284522349659766,0.2550956638784732,7.220373836723949,0.0006249399096240747,0.0003366598533124925,0.004951446976252284,2.70805020110221,0.0005287953081434477,383.0,0.0,0.0,0.0,0.11987189263382644,0.3780475767446452,8.458928283284262,0.002956446495529276
nc 004333,burkholderia cepacia,0.09331978769281804,0.45600762741724876,8.412277021466677,0.0006632536738035526,0.0022808327112880484,0.025597446473355857,4.709530201312334,0.0006218003191908305,343.0,0.0,0.0,0.0,0.19852539042719114,0.5172671051339943,9.190341725469493,0.0017410769804750653
nc 005091,burkholderia cepacia,0.048642061281337044,0.3123139848577147,7.9355873855892,0.0005047428422243495,0.0004352670798802145,0.006056914106692194,3.258096538021482,0.00040031328866069096,343.0,0.0,0.0,0.0,0.13036767256330212,0.3962156348726222,8.925055424124123,0.0012531982664090648
nc 005342,burkholderia cepacia,0.09344081318086192,0.4621231051141096,8.408939605975984,0.0006663334999167084,0.0021456098323091345,0.025279027153090123,4.6443908991413725,0.0004789272030651341,343.0,0.0,0.0,0.0,0.20268822637695805,0.5213380598914981,9.213236175088209,0.0018115942028985507
nc 005887,burkholderia cepacia,0.1132311320754717,0.5117057644701167,8.4767877767812,0.0008487563362018154,0.00257099726389282,0.03241777672993045,4.700480365792417,0.0005894141223623718,343.0,0.0,0.0,0.0,0.22547925753118978,0.5464559481348651,9.316140790862395,0.0028292544914415053
nc 007497,burkholderia cepacia,0.053165629669275884,0.3254191189584448,7.776954403322442,0.000847155341537364,0.0025202399803733525,0.01714374888532192,4.736198448394496,0.000847155341537364,343.0,0.0,0.0,0.0,0.14683070339663012,0.4345253464153542,8.793156870913819,0.0028089887640449437
nc 009447,burkholderia cepacia,0.021279032042596232,0.16714999809211278,7.017506142941256,0.0004960506734841836,0.0003244584406909056,0.004388140573129317,2.8903717578961645,0.0004006563131987637,343.0,0.0,0.0,0.0,0.07880294783056695,0.28524952827119526,8.165932137321585,0.0022322706198843797
nc 018452,burkholderia cepacia,0.1161534480527882,0.5330735524762721,8.879472402074802,0.0006629262534965318,0.003299475965581937,0.036396268210260804,5.3230099791384085,0.0004688990573512054,343.0,0.0,0.023809523809523808,0.0,0.24897090919136944,0.5782413505739401,9.79951496215315,0.002085859810817366
nc 029009,burkholderia cepacia,0.0011722932223833466,0.01159978047144435,5.159055299214529,0.00014906259951622412,3.388222538456326e-05,0.0002913496263271653,1.791759469228055,0.00014906259951622412,343.0,0.0,0.0,0.0,0.017902010050251257,0.09441315703558603,6.752270376141742,0.00042686397268070576
nc 005284,burkholderia pseudomallei,0.06718322698268003,0.30618791579331084,8.212297138229768,0.0022600929554360705,0.01803230864602706,0.03774719766700082,6.897704943128636,0.0022600929554360705,362.0,0.0,0.0,0.0,0.15183856170464635,0.41091851322373124,9.013108202446475,0.006671041119860018
nc 007145,burkholderia pseudomallei,0.7500797363385073,0.8394484444326363,10.247857094617705,0.06224926273280374,0.7198830409356726,0.7997555726772763,10.206661503755827,0.06224926273280374,362.0,0.0,0.0,0.0,0.8223724215351513,0.8986075834542816,10.46777811097107,0.07898931930495776
nc 009235,burkholderia pseudomallei,0.053967405824205186,0.2804782840941776,7.87359778968554,0.0014792291572502773,0.005980885828794574,0.019805234827628714,5.676753802268282,0.0014792291572502773,362.0,0.0,0.0,0.0,0.13778934392548967,0.3956898074545133,8.705662478796427,0.002465483234714004
nc 009236,burkholderia pseudomallei,0.9307157464212679,0.9722267647860452,10.438078529852381,0.0964840556009812,0.9138283657385945,0.9640774052875443,10.419658862626871,0.0964840556009812,362.0,0.0,0.0,0.0,0.955393388749275,0.9833364582356802,10.585042805560075,0.08103025347506132
nc 021343,burkholderia pseudomallei,0.06655372017506707,0.36068303697431553,7.765569081097317,0.0010443127293254305,0.003784134873344441,0.026559412926898108,4.90527477843843,0.0010443127293254305,362.0,0.0,0.0,0.0,0.14131808937503434,0.42325494786124707,8.545391845774915,0.0021168501270110076
nc 013055,burkholderia pyrrocinia,0.05804769188335297,0.31712452376178063,7.7475968386928855,0.0012281933025867255,0.0026832509968152066,0.01739522759173852,4.68213122712422,0.0012281933025867255,299.0,0.0,0.0,0.0,0.14829334587841722,0.42715131279405066,8.643825842349603,0.004511956685215822
nc 003309,burkholderia thailandensis,0.7925521946099929,0.8548704401101681,10.652305930466534,0.2244018511232271,0.7775049668253552,0.8170235887059,10.633063089709625,0.2244018511232271,191.0,0.0,0.0,0.0,0.8621332718114354,0.9107209215904868,10.710945079273484,0.06447079984261705
nc 009234,burkholderia thailandensis,0.11753344902871858,0.47206289695307907,8.34283980427146,0.0014549117260289303,0.00537483903476849,0.04943901961332923,5.262690188904886,0.0012870372961025153,191.0,0.0,0.0,0.0,0.22841152655394142,0.5370250680947325,9.16868469670735,0.004448921346428271
nc 009237,burkholderia thailandensis,0.7875557692821458,0.8484484324093361,10.291467346303273,0.32924744966084496,0.773104977689903,0.8009400202958927,10.272841773631933,0.32924744966084496,191.0,0.0,0.0,0.0,0.8414992393642134,0.8991673436230707,10.376112742486816,0.07122256048710143
nc 016562,campylobacter coli,0.01925411053397363,0.16104837858618143,7.845807502637805,0.00020352474710165684,0.00023371003369947906,0.002954877809772203,3.4657359027997265,0.00020352474710165684,0.0,0.0,0.0,0.0,0.0037702568625289385,0.022879116629787966,5.147494476813453,0.00020352781546811397
nc 018861,campylobacter coli,0.021818399634612937,0.16293085377174857,7.977625098784593,0.0016096187823795407,0.002635657753850531,0.006483394723445033,5.8664680569332965,0.0016096187823795407,0.0,0.0,0.0,0.0,0.0062118594019991685,0.02725237232114298,5.652489180268651,0.001594645584403917
nc 015464,campylobacter jejuni,0.019788781419874692,0.16313564028702393,7.890956716138919,0.0002073444361342111,0.0003554976226096488,0.004257966099184692,3.8918202981106265,0.0002073444361342111,83.0,0.0,0.0,0.0,0.0036220236181658417,0.02191855241438392,5.135798437050262,0.00026658965187834624
nc 016562,campylobacter jejuni,0.02012861203042662,0.16661138834029338,7.890208213109961,0.0002110627006980145,0.00028648326711549045,0.003542838190288101,3.6635616461296463,0.0002110627006980145,83.0,0.0,0.0,0.0,0.003593870576562672,0.022105738039485272,5.099866427824199,0.00020352781546811397
nc 018861,campylobacter jejuni,0.020043876397343455,0.1644805797622256,7.8928255262511176,0.00020962477165873086,0.0003369448833047554,0.00399784385949151,3.828641396489095,0.00020962477165873086,83.0,0.0,0.0,0.0,0.004024584964675518,0.024821409531933042,5.220355825078324,0.00020213817267091905
nc 031909,campylobacter jejuni,0.019798090607210626,0.16296960578683287,7.890582534656536,0.00020751962172137526,0.00035579802532095947,0.00426156366034967,3.8918202981106265,0.00020751962172137526,83.0,0.0,0.0,0.0,0.003635974762057534,0.02202064435408195,5.14166355650266,0.0002668148971650917
nc 019405,caulobacter crescentus,0.05411808340480771,0.3506976959807149,9.365119425763737,0.00014371146446618145,0.001363061045662545,0.014551944740623986,5.68697535633982,0.00013443975708126653,19.0,0.0,0.0,0.0,0.14797250354925154,0.4452095194668831,10.442667369798647,0.00034769063877724155
nc 019406,caulobacter crescentus,0.028919243298851233,0.22247264856215196,8.999248901686114,0.00011072733572171006,0.0006679811965079229,0.006640068293763193,5.236441962829949,0.00011072733572171006,19.0,0.0,0.0,0.0,0.08471513475368242,0.30579386022001603,9.941216769346136,0.00036432995435159985
nc 019407,caulobacter crescentus,0.053715157550453606,0.3512371590789708,9.372459221452617,0.0001415984177518739,0.0013612900278653327,0.015630638243448788,5.700443573390687,0.0001187599632757652,19.0,0.0,0.0,0.0,0.15025512790186868,0.4482969167472585,10.479342202122597,0.0003836877877658408
nc 019408,caulobacter crescentus,0.05207751279586956,0.34336670838548183,9.36314729221994,0.00015644555694618273,0.0012963732839817435,0.014974074736277489,5.673323267171493,0.00014303593777936706,19.0,0.0,0.0,0.0,0.14950852960080568,0.44656362646403064,10.505642716590316,0.00046933876872326443
nc 019410,caulobacter crescentus,0.05413118257270764,0.35033900138846313,9.393328373313297,0.0001397479127973024,0.001361531768323197,0.01547595434300449,5.713732805509369,0.00011720792686225363,19.0,0.0,0.0,0.0,0.15236378817878563,0.45264614459039404,10.51490936053568,0.00037867517784209243
nc 019411,caulobacter crescentus,0.053913987618669626,0.34856032406393694,9.377463685012241,0.00014597474636887818,0.001313886595163255,0.014424129625574775,5.666426688112432,0.00013228961389679585,19.0,0.0,0.0,0.0,0.1497138754566379,0.44566789740479534,10.475906740307126,0.0003831837092183052
nc 019453,caulobacter crescentus,0.0024019215372297837,0.030303030303030304,2.302585092994046,0.004518872939925572,0.0,0.0,0.0,0.0,19.0,0.0,0.0,0.0,0.019791666666666666,0.1005050505050505,3.6635616461296463,0.007974481658692184
nc 025422,caulobacter crescentus,0.0011796232898667795,0.013013070764181362,5.220355825078324,0.00015384911248293238,3.84669632896947e-05,0.00040385392026769747,1.9459101490553132,0.00014743873279614352,19.0,0.0,0.0,0.0,0.010013912983733832,0.05089875122632568,6.369900982828227,0.00023077366872439854
nc 021788,cellulophaga baltica,0.0016798080219403496,0.016871764988173995,5.5053315359323625,0.00016453570081925066,6.170892585329731e-05,0.0005827306070681795,2.302585092994046,0.00016453570081925066,0.0,0.0,0.0,0.0,0.00035036376002143405,0.0021520082057882987,2.8903717578961645,0.0001645379568499208
nc 021789,cellulophaga baltica,0.0015004145882414877,0.018146169434429035,4.74493212836325,0.00025001973840040005,0.0,0.0,0.0,0.0,0.0,0.0,0.0,0.0,0.0006738544474393531,0.00412553979025293,2.8903717578961645,0.00031581856223599544
nc 021790,cellulophaga baltica,0.0013784653086230663,0.013626272678557759,4.007333185232471,0.0004848299267651637,0.0,0.0,0.0,0.0,0.0,0.0,0.0,0.0,0.00045829514207149406,0.0026749888542131075,1.9459101490553132,0.0006124167495981015
nc 021791,cellulophaga baltica,0.0014310172999770015,0.01573515888423419,4.04305126783455,0.0004853376928578727,0.0,0.0,0.0,0.0,0.0,0.0,0.0,0.0,0.000898069151324652,0.005679335954565312,2.5649493574615367,0.0006130737987585256
nc 021792,cellulophaga baltica,0.0016724700463356455,0.01898274420580858,4.812184355372417,0.00026041309740820436,0.0,0.0,0.0,0.0,0.0,0.0,0.0,0.0,0.0005930193154862759,0.003547269427487213,2.70805020110221,0.0003289473684210526
nc 021793,cellulophaga baltica,0.0023102592624283393,0.02922577337207315,3.332204510175204,0.0015381985985301657,0.0,0.0,0.0,0.0,0.0,0.0,0.0,0.0,0.0003354579000335458,0.0022705157314304248,0.6931471805599453,0.0017948717948717949
nc 021794,cellulophaga baltica,0.0013720109760878088,0.017188527917360693,4.59511985013459,0.000265946278851672,0.0,0.0,0.0,0.0,0.0,0.0,0.0,0.0,0.0005924170616113745,0.0032940788931894917,2.70805020110221,0.0003359368438733518
nc 021795,cellulophaga baltica,0.0012125590155052759,0.013977718176191459,3.871201010907891,0.0004899938106044977,0.0,0.0,0.0,0.0,0.0,0.0,0.0,0.0,0.0005984888157402558,0.0036329288672527793,2.1972245773362196,0.0006189555125725338
nc 021796,cellulophaga baltica,0.000827369379059281,0.009995312543083244,4.110873864173311,0.00024815948382827364,0.0,0.0,0.0,0.0,0.0,0.0,0.0,0.0,0.0007487209350692566,0.004380805581470815,2.9444389791664403,0.00033087931177103153
nc 021797,cellulophaga baltica,0.0010872941907424667,0.015031768169843484,2.0794415416798357,0.002634433596776693,0.0,0.0,0.0,0.0,0.0,0.0,0.0,0.0,0.0004714757190004715,0.0031832651205093224,0.6931471805599453,0.0032543003254300326
nc 021798,cellulophaga baltica,0.0017546515468457558,0.01752406376640086,5.545177444479562,0.00016512663148552045,6.193058269797143e-05,0.0005848234865112183,2.302585092994046,0.00016512663148552045,0.0,0.0,0.0,0.0,0.00047923655533098575,0.0029083365535194938,3.1780538303479458,0.00016512890375049022
nc 021799,cellulophaga baltica,0.0012710683939267308,0.014152175048305394,4.30406509320417,0.0003481469876581893,1.7413108588145156e-05,0.0003481469876581893,0.6931471805599453,0.0003481469876581893,0.0,0.0,0.0,0.0,0.0003169371196754564,0.0017872550228029088,1.791759469228055,0.00041777638518982716
nc 021800,cellulophaga baltica,0.001234603347784892,0.010991849385834003,3.784189633918261,0.0006026862587533004,8.614501076812635e-05,0.0011766731718516818,1.3862943611198906,0.0006026862587533004,0.0,0.0,0.0,0.0,0.0008983380745620602,0.006104651162790698,2.5649493574615367,0.0006027208541415533
nc 021802,cellulophaga baltica,0.001509813789632612,0.017236881335718546,4.406719247264253,0.0003726893261776983,3.728213253798117e-05,0.0007453786523553966,1.0986122886681098,0.0003726893261776983,0.0,0.0,0.0,0.0,0.000938790837401427,0.004918032786885246,2.772588722239781,0.0005031305903398927
nc 021803,cellulophaga baltica,0.001644691378500152,0.019303845569235447,4.787491742782046,0.00026254335419862096,0.0,0.0,0.0,0.0,0.0,0.0,0.0,0.0,0.0006643690570111697,0.003792616501916482,2.833213344056216,0.0003316337105666791
nc 021804,cellulophaga baltica,0.0022612628283179685,0.025382475660639777,4.189654742026425,0.0006954102920723226,3.479350057409276e-05,0.0006954102920723226,0.6931471805599453,0.0006954102920723226,0.0,0.0,0.0,0.0,9.113278046113187e-05,0.000618319936401378,0.6931471805599453,0.0007302315877321093
nc 021805,cellulophaga baltica,0.0017019959771004177,0.015591231861685706,2.4849066497880004,0.002624266748996604,0.0,0.0,0.0,0.0,0.0,0.0,0.0,0.0,0.0,0.0,0.0,0.0
nc 021806,cellulophaga baltica,0.0017031363604673166,0.01794498994204226,5.147494476813453,0.0001991674799338764,1.9920517136624866e-05,0.0003983349598677528,1.0986122886681098,0.0001991674799338764,0.0,0.0,0.0,0.0,0.0007107979479572285,0.004690147664003873,3.1780538303479458,0.0002390057361376673
nc 001741,chlamydia psittaci,0.004113533525298231,0.05023580069714989,3.044522437723423,0.0036907935206069303,0.0,0.0,0.0,0.0,0.0,0.0,0.0,0.0,0.001177856301531213,0.008018327605956471,1.0986122886681098,0.0043076923076923075
nc 001998,chlamydia psittaci,0.0024368630926007973,0.028924707440936188,2.4849066497880004,0.003753587988518437,0.0,0.0,0.0,0.0,0.0,0.0,0.0,0.0,0.0,0.0,0.0,0.0
nc 002194,chlamydia psittaci,0.0010993843447669306,0.014245014245014245,1.791759469228055,0.003725619110234495,0.0,0.0,0.0,0.0,0.0,0.0,0.0,0.0,0.0,0.0,0.0,0.0
nc 002194,chlamydia trachomatis,0.0013192612137203166,0.01775147928994083,1.9459101490553132,0.003725619110234495,0.0,0.0,0.0,0.0,0.0,0.0,0.0,0.0,0.0,0.0,0.0,0.0
nc 007461,chlamydophila abortus,0.0015503875968992248,0.018101545253863136,2.0794415416798357,0.0037527593818984547,0.0,0.0,0.0,0.0,0.0,0.0,0.0,0.0,0.0006830601092896175,0.004648074369189907,0.6931471805599453,0.004635761589403974
nc 002180,chlamydophila pneumoniae,0.006641576267434138,0.03640776699029126,3.4339872044851463,0.00529567519858782,0.0022158209616662972,0.014783759929390997,2.3978952727983707,0.00529567519858782,0.0,0.0,0.0,0.0,0.010079193664506839,0.03929824561403509,2.70805020110221,0.006622516556291391
nc 027293,citrobacter freundii,0.0035460992907801418,0.03894362435936772,5.746203190540153,0.00022727530994670394,2.2732439190725165e-05,0.0004545506198934079,1.0986122886681098,0.00022727530994670394,24.0,0.0,0.0,0.0,0.008560835861139197,0.04762371706870628,5.541263545158426,0.00047727815088807827
nc 027331,citrobacter freundii,0.0035696253067646747,0.042191838723501685,6.411818267709897,0.0001232821223310888,2.3484928547104895e-05,0.0003581052124855437,1.6094379124341003,0.0001232821223310888,24.0,0.0,0.0,0.0,0.008862506443191833,0.04475734262350607,6.280395838960195,0.00038746037337090527
nc 027350,citrobacter freundii,0.005321178289592578,0.05704994379315882,5.583496308781699,0.0004616990525132488,0.00016065224812739724,0.0020676088003854184,2.1972245773362196,0.0004616990525132488,24.0,0.0,0.0,0.0,0.007481711372201286,0.0450837269214255,4.912654885736052,0.0007828967178560675
nc 028247,citrobacter freundii,0.003222759348780352,0.037144444444444445,5.673323267171493,0.00022222222222222223,3.334037185628077e-05,0.0006666666666666666,1.3862943611198906,0.00022222222222222223,24.0,0.0,0.0,0.0,0.007610142306248507,0.04233837598066801,5.4116460518550396,0.00046666666666666666
nc 028695,citrobacter freundii,0.007140033600158118,0.07416462917685411,5.66988092298052,0.0004939369242547727,2.470844040324175e-05,0.0004939369242547727,0.6931471805599453,0.0004939369242547727,24.0,0.0,0.0,0.0,0.011174242424242425,0.06564130733315024,5.4680601411351315,0.0006668148477439431
nc 028795,citrobacter freundii,0.003967372329958422,0.04672926844743354,4.836281906951478,0.000602753632383732,0.0,0.0,0.0,0.0,24.0,0.0,0.0,0.0,0.009384487993375655,0.05496715377396434,4.919980925828125,0.0010469211002189017
nc 028857,citrobacter freundii,0.004290230317627578,0.047969988363543735,6.60934924316738,0.00012736419792396358,8.105886031242401e-05,0.0010710171189060574,2.70805020110221,0.00012736419792396358,24.0,0.0,0.0,0.0,0.009132494690410064,0.046608557844690965,6.327936783729195,0.0003820970179064557
nc 028880,citrobacter freundii,0.0042217042217042216,0.04885436893203884,5.099866427824199,0.0004919093851132686,0.0,0.0,0.0,0.0,24.0,0.0,0.0,0.0,0.009644761277182052,0.05728104422819183,5.087596335232384,0.000854368932038835
nc 028908,citrobacter freundii,0.004903172641120725,0.056409200137315485,5.8805329864007,0.00026089941640920013,0.0,0.0,0.0,0.0,24.0,0.0,0.0,0.0,0.01023095623987034,0.06207600605940855,6.408528791059498,0.0003707518022657055
nc 029013,citrobacter freundii,0.005358157964350239,0.05849579037413894,6.859614903654202,0.00012381252532528926,2.8142219520569148e-05,0.00045585520687947413,1.791759469228055,0.00011818468326504885,24.0,0.0,0.0,0.0,0.009869907484481652,0.04888142919550272,6.7226297948554485,0.000759762953958365
nc 029033,citrobacter freundii,0.005418609815678437,0.06144966144966145,5.501258210544727,0.000444000444000444,2.2209390130147026e-05,0.000444000444000444,0.6931471805599453,0.000444000444000444,24.0,0.0,0.0,0.0,0.011238132144933152,0.06501406940908482,6.008813185442595,0.000666000666000666
nc 029102,citrobacter freundii,0.004495504495504496,0.05275859199467421,5.093750200806762,0.0005270311503148317,0.0,0.0,0.0,0.0,24.0,0.0,0.0,0.0,0.008653050836673665,0.04947674778624064,4.919980925828125,0.0009153698926520762
nc 029106,citrobacter freundii,0.008086166706856362,0.08804243008678882,6.222576268071369,0.00035358405657344905,0.00012861529557402614,0.00196078431372549,2.1972245773362196,0.00035358405657344905,24.0,0.0,0.0,0.0,0.012798520013454422,0.07502527476111275,6.635946555686647,0.000819672131147541
nc 031018,citrobacter freundii,0.004100970478106931,0.04618831797117686,5.087596335232384,0.0005092427560217955,2.5474461851993377e-05,0.0005092427560217955,0.6931471805599453,0.0005092427560217955,24.0,0.0,0.0,0.0,0.008752378363685785,0.05436330081729502,5.087596335232384,0.0006874952257275991
nc 031066,citrobacter freundii,0.004185798726502448,0.04955114875488158,5.111987788356544,0.0004818177207485926,0.0,0.0,0.0,0.0,24.0,0.0,0.0,0.0,0.009161420863309353,0.05584033155196859,5.099866427824199,0.0008368837492391966
nc 031092,citrobacter freundii,0.0039598395626293335,0.045431329485673425,5.049856007249537,0.0004852137494254048,0.0,0.0,0.0,0.0,24.0,0.0,0.0,0.0,0.009334889148191364,0.05694192377495463,5.081404364984463,0.0006895494943303708
nc 031123,citrobacter freundii,0.003778944431763423,0.04312442957103742,5.0106352940962555,0.0004816955684007707,0.0,0.0,0.0,0.0,24.0,0.0,0.0,0.0,0.008679443117609367,0.05385702175755863,5.0106352940962555,0.0006845147550958321
nc 023548,citrobacter rodentium,0.0038348975678675953,0.044059418425764794,5.030437921392435,0.0004791808529419182,0.0,0.0,0.0,0.0,500.0,0.0,0.0,0.0,0.010217728561493607,0.05860691872828173,5.2574953720277815,0.0008322614814254369
nc 023576,citrobacter rodentium,0.003674219228413962,0.04091106180018874,4.976733742420574,0.000510112990027291,0.0,0.0,0.0,0.0,500.0,0.0,0.0,0.0,0.00980706364976604,0.057441903931219236,5.0369526024136295,0.0006886525365368429
nc 013698,clavibacter michiganensis,0.011630881525316779,0.08906772147582351,6.52649485957079,0.0004091932073927573,0.0002046629031432811,0.002796153583850508,2.5649493574615367,0.00039214349041805904,84.0,0.0,0.0,0.0,0.0652893152119582,0.2209139203826783,7.917171988845776,0.001125319693094629
nc 023549,clavibacter michiganensis,0.015271074787754958,0.1292503829967071,6.7661917146603505,0.00040500801211502225,0.00014091949973577594,0.002148303368610118,2.1972245773362196,0.00036978992410502035,84.0,0.0,0.0,0.0,0.09290601368383147,0.3090858980248048,8.497602541651233,0.0017961857467378097
nc 007581,clostridium botulinum,0.06301031949501261,0.37256507057727417,9.367344120785848,0.0001777222470554655,0.0015835056876938986,0.01698055287775402,5.68697535633982,0.0001669512017793767,138.0,0.0,0.0,0.0,0.016596503993208948,0.07687236955529639,6.8658910748834385,0.00033928975344944584
nc 003524,clostridium perfringens,0.04595127194553923,0.3296923031008446,7.3395376954076745,0.0009251798131733668,0.002120162446249403,0.014593965440057302,4.276666119016055,0.0009251798131733668,0.0,0.0,0.0,0.0,0.03924292411877062,0.1162221471978393,6.115892125483034,0.0022383382576775003
nc 008265,clostridium perfringens,0.04588071539249416,0.3201459624068046,7.466227556215481,0.0007875669431901712,0.0009455519659601293,0.007429381497427281,3.6109179126442243,0.0007875669431901712,0.0,0.0,0.0,0.0,0.011642251349267541,0.0572370392568175,5.0238805208462765,0.0012601401905962038
nc 011318,clostridium perfringens,0.03208735608446486,0.24679379660929476,7.126087273299125,0.0009805692462519031,0.0008261475706098001,0.005728588754419013,3.4965075614664802,0.0009805692462519031,0.0,0.0,0.0,0.0,0.008881839809674861,0.04548959136468774,4.727387818712341,0.0019354339242858248
nc 017978,clostridium perfringens,0.08626540453652438,0.3794519325180755,7.972121128921655,0.008807164747537862,0.03322417386126823,0.06629176708619715,7.018401799069201,0.008807164747537862,0.0,0.0,0.0,0.0,0.07983041674183655,0.15122208545806226,6.786716950605081,0.011068463804338124
nc 017980,clostridium perfringens,0.01642911543901643,0.12018263847366419,5.713732805509369,0.0014676305919443387,0.0009250190445097399,0.00608794912213948,2.8903717578961645,0.0014676305919443387,0.0,0.0,0.0,0.0,0.007120527961097603,0.041258031788975316,3.7376696182833684,0.001304631441617743
nc 018083,clostridium perfringens,0.016038313749512725,0.12341419986645893,5.666426688112432,0.00150233696861785,0.0008355149557177073,0.005063432005341643,2.772588722239781,0.00150233696861785,0.0,0.0,0.0,0.0,0.006004945249028612,0.03461935928349983,3.5553480614894135,0.001335559265442404
nc 018084,clostridium perfringens,0.015501301002048386,0.13104325699745548,5.638354669333745,0.001216948777519637,0.0006644886206323716,0.005918796327027326,2.5649493574615367,0.001216948777519637,0.0,0.0,0.0,0.0,0.005790866975512905,0.03200385976198134,3.58351893845611,0.001327580484566877
nc 019496,clostridium perfringens,0.03224159497613152,0.24293150964580995,7.142036574706803,0.000969684597325712,0.0011488677270290282,0.00793610288863938,3.828641396489095,0.000969684597325712,0.0,0.0,0.0,0.0,0.008686725104635553,0.04307763188205482,4.709530201312334,0.0019139488592864798
nc 019506,clostridium perfringens,0.03351517840829005,0.2531962636330428,7.158513997329321,0.0009132181808693837,0.0008353564622653823,0.0052966654490424255,3.4965075614664802,0.0009132181808693837,0.0,0.0,0.0,0.0,0.008391386953768207,0.04459625422167639,4.672828834461906,0.0011741682974559687
nc 019508,clostridium perfringens,0.03266830312842743,0.24842726252316688,7.132497551660044,0.000913623430525464,0.0008879603029511622,0.005847189955362969,3.5553480614894135,0.000913623430525464,0.0,0.0,0.0,0.0,0.00925099407611783,0.050964946829460414,4.74493212836325,0.001174720025060694
nc 019523,clostridium perfringens,0.040414727041895894,0.28183307785823775,6.639875833826536,0.001532850573497542,0.0008994708994708994,0.008985675775675247,2.8903717578961645,0.0013214229081875363,0.0,0.0,0.0,0.0,0.004611837048424289,0.03125469571750564,3.4339872044851463,0.0011100539169045353
nc 021325,clostridium perfringens,0.043255825851175406,0.3091183389587808,7.433666540166168,0.00122737035900583,0.0019698636445035687,0.010228086325048583,4.356708826689592,0.00122737035900583,0.0,0.0,0.0,0.0,0.008404519151281344,0.05025462342535513,4.812184355372417,0.0008438171218165081
nc 031053,clostridium perfringens,0.0018067911781456823,0.01820002355990105,4.532599493153256,0.00041229826834727297,5.8921732298929585e-05,0.0008049632858208662,1.3862943611198906,0.00041229826834727297,0.0,0.0,0.0,0.0,0.0025781990521327016,0.015384615384615385,4.23410650459726,0.0004711980209683119
nc 031095,clostridium perfringens,0.007466976407910254,0.07271951551926427,7.13966033596492,0.00014814112516147384,5.926312233686344e-05,0.0008473672359236303,2.3978952727983707,0.00013036419014209697,0.0,0.0,0.0,0.0,0.0036407766990291263,0.022415426458454298,5.44673737166631,0.00017777145701486168
nc 019924,clostridium sporogenes,0.005506515342580917,0.057590082991910915,5.572154032177765,0.00042021220716461814,4.203800235412813e-05,0.0008404244143292363,1.0986122886681098,0.00042021220716461814,0.0,0.0,0.0,0.0,0.003445247584948997,0.01977271234316495,3.9512437185814275,0.0006303183107469272
nc 028991,clostridium tetani,0.13235887335975133,0.35699036956212343,8.626764827845529,0.015987475686702404,0.09191010702674482,0.13677119407941554,8.262042843966942,0.015987475686702404,500.0,0.0,0.0,0.0,0.1227278587082635,0.17720726361928615,7.552237287560802,0.028821520068317678
nc 029004,clostridium tetani,0.12153582036678748,0.3767432991937241,8.403128235128264,0.007327304423621704,0.07445561823781102,0.12472760950098061,7.913155185928068,0.007327304423621704,500.0,13.0,0.7083333333333334,1.0,0.08816281103426346,0.14496106099159534,7.01211529430638,0.01135899321729182
nc 029006,clostridium tetani,0.10981282223716655,0.3552642635072683,8.273846932784508,0.004649469232277399,0.06106378208720995,0.12382712937288183,7.687080155783135,0.004649469232277399,500.0,8.0,0.75,1.0,0.08149576590928147,0.1672502239231333,6.880384082186005,0.005461725905386102
nc 029022,clostridium tetani,0.22858361774744027,0.46919714255251094,9.279586544712997,0.01810427550911611,0.1808814745285434,0.25137008209830475,9.045465728785949,0.01810427550911611,500.0,0.0,0.0,0.0,0.19850234009360374,0.26211067432718477,8.065265208897733,0.00972426588190135
nc 030947,clostridium tetani,0.14031599874437586,0.3835996130010721,8.587651655064798,0.009831864654969536,0.09651004604437002,0.14431399210312998,8.213381737034572,0.009831864654969536,500.0,19.0,0.7083333333333334,1.0,0.11774344569288389,0.17391961317618615,7.31986492980897,0.0214168039538715
nc 030949,clostridium tetani,0.5992766726943942,0.7899617184176946,10.246012860870419,0.01786473840918758,0.5513499712772069,0.6908124202467035,10.162577230623807,0.01786473840918758,500.0,0.0,0.0,0.0,0.6376776824806574,0.7199743843511672,9.271717651651086,0.022267593951381358
nc 030950,clostridium tetani,0.6001276459951069,0.7902169289663973,10.247431803996042,0.01786473840918758,0.5522648454288207,0.6905146746065504,10.164235126247704,0.01786473840918758,500.0,0.0,0.0,0.0,0.63938741325676,0.7217189314750291,9.276970454273945,0.022267593951381358
nc 030951,clostridium tetani,0.1392434864497227,0.382475224224041,8.579980179515003,0.009387338859399106,0.09551590623691922,0.143320346207149,8.20303024171486,0.009387338859399106,500.0,19.0,0.7083333333333334,1.0,0.11636988441112152,0.1721869328493648,7.307202314764738,0.0214168039538715
nc 009799,corynebacterium glutamicum,0.0026305375142584445,0.028297496043935586,4.736198448394496,0.0004886903099692823,4.6562521826182104e-05,0.0004886903099692823,1.0986122886681098,0.0004886903099692823,0.0,0.0,0.0,0.0,0.011469399266710539,0.0648333636860317,5.501258210544727,0.0007679419156660151
nc 009816,corynebacterium glutamicum,0.0020407006405532566,0.023902293883449752,4.976733742420574,0.0002833704076283314,1.417233560090703e-05,0.0002833704076283314,0.6931471805599453,0.0002833704076283314,0.0,0.0,0.0,0.0,0.013184800854570427,0.06290107940263197,6.07073772800249,0.0009351355946612259
nc 018276,croceibacter atlanticus,0.005203121873123874,0.05599270916688895,5.459585514144159,0.0004223348448475149,0.0,0.0,0.0,0.0,0.0,0.0,0.0,0.0,0.0030124944441700823,0.018141783543152552,4.127134385045092,0.0005334755934915977
nc 023614,croceibacter atlanticus,0.005053549075061431,0.0503557110745487,5.389071729816501,0.0004866405580145065,0.00011591783743682478,0.001436748314138067,1.791759469228055,0.0004866405580145065,0.0,0.0,0.0,0.0,0.003098373353989156,0.019795589026358258,4.04305126783455,0.0006256952169076752
nc 019401,cronobacter dublinensis,0.0023532823269612545,0.02693614897550068,6.739336627357174,6.412704962597201e-05,2.5094522702178206e-05,0.00028996578961309083,2.302585092994046,6.412704962597201e-05,386.0,0.0,0.0,0.0,0.008549962557911801,0.04586320155354703,6.946975992135418,0.00012546631647623668
nc 021531,cronobacter dublinensis,0.004643396108476877,0.050957859537745155,6.947937068614969,0.0001071481188808379,4.4648836897798814e-05,0.0004687730201036658,2.3978952727983707,0.0001071481188808379,386.0,0.0,0.0,0.0,0.012594523225706889,0.0678332972576966,7.293017679772782,0.0006696757430052369
nc 019401,cronobacter malonaticus,0.0022947290937074794,0.02665733571625732,6.714170529909472,5.855078444110488e-05,1.1153121200968092e-05,0.0001700760881384475,1.6094379124341003,5.855078444110488e-05,396.0,0.0,0.0,0.0,0.008278404555591215,0.04484828142856001,6.914730892718563,0.00012546631647623668
nc 021531,cronobacter malonaticus,0.004384437479350281,0.049439927853599956,6.890609120147166,0.0001071481188808379,3.125418582845917e-05,0.0002857283170155677,2.0794415416798357,0.0001071481188808379,396.0,0.0,0.0,0.0,0.011634287282017867,0.0638289015801129,7.213768308118642,0.00037501841608293267
nc 023558,cronobacter malonaticus,0.0033375266360298837,0.03559513421957604,4.875197323201151,0.0005389313760714469,5.135183711197268e-05,0.0005389313760714469,1.0986122886681098,0.0005389313760714469,396.0,0.0,0.0,0.0,0.011579774692166624,0.06628373913485487,5.402677381872279,0.0006929473360024638
nc 016073,cronobacter sakazakii,0.0032734985911925794,0.03644824311490978,6.249975242259483,0.00015827793605571383,8.231442845293197e-05,0.0006837606837606838,2.6390573296152584,0.00015827793605571383,421.0,0.0,0.0,0.0,0.008986106201908699,0.05085773011146539,6.495265555937008,0.0004368471035137702
nc 017974,cronobacter sakazakii,0.004616167977595841,0.048039498100795185,6.536691597591305,0.0001607792433996771,0.00010719980704034733,0.0009981711361063286,2.833213344056216,0.0001607792433996771,421.0,0.0,0.0,0.0,0.011775956587974958,0.06470216209842532,6.966024187106113,0.0005225395421749703
nc 019398,cronobacter sakazakii,0.00432152117545376,0.04821177038379734,6.647688373563329,0.00011223785446117411,2.244996464130569e-05,0.00044895141784469646,1.6094379124341003,0.00011223785446117411,421.0,0.0,0.0,0.0,0.00998904059546098,0.04911276600446379,6.775366090936392,0.0010269878950115326
nc 019400,cronobacter sakazakii,0.003427412540138584,0.037177234013789376,6.230481447578482,0.00016222793024199,8.788474929185174e-05,0.000730025686088955,2.6390573296152584,0.00016222793024199,421.0,0.0,0.0,0.0,0.008730950007121492,0.049857040743388134,6.419994928147142,0.00022306491188935982
nc 019401,cronobacter sakazakii,0.002303093841315161,0.026431496976270202,6.717804695023691,5.855078444110488e-05,1.1153121200968092e-05,0.0001700760881384475,1.6094379124341003,5.855078444110488e-05,421.0,0.0,0.0,0.0,0.008327778737831321,0.045895167541735594,6.920671504248683,0.00013383073757465246
nc 019402,cronobacter sakazakii,0.00293672339981205,0.03375918362020592,5.420534999272286,0.0002609909827615456,2.6105570928836212e-05,0.0005219819655230912,1.0986122886681098,0.0002609909827615456,421.0,0.0,0.0,0.0,0.012733073793285133,0.05987362216995835,6.077642243349034,0.000822143052891203
nc 019509,cronobacter sakazakii,0.008289036883159202,0.08205065559084616,6.0112671744041615,0.00044791921166218747,0.00010183921624539178,0.0012623177783207102,1.791759469228055,0.00044791921166218747,421.0,0.0,0.0,0.0,0.015202177293934681,0.07864704557399205,5.971261839790462,0.0006718788174932812
nc 019927,cronobacter sakazakii,0.031179090679889065,0.10470269475541366,7.3031700512368,0.007246224611959421,0.022713901496049755,0.03387872550461028,6.9865664594064265,0.007246224611959421,421.0,0.0,0.0,0.0,0.041097526980207875,0.10743484435573639,6.940222469119639,0.007498424700693132
nc 019934,cronobacter sakazakii,0.2454291355745314,0.3765508048805496,9.166597449028265,0.030272736593868553,0.21662862565075783,0.3077770942274172,9.041685005946043,0.030272736593868553,421.0,0.0,0.0,0.0,0.347577869196541,0.4515043386586651,9.0217190130337,0.01891725622885266
nc 020078,cronobacter sakazakii,0.0069409540221631845,0.0707244712412671,5.673323267171493,0.0004785146904009953,0.0,0.0,0.0,0.0,421.0,0.0,0.0,0.0,0.016560509554140127,0.09218106995884774,6.150602768446279,0.000717772035601493
nc 021531,cronobacter sakazakii,0.004563029637368623,0.04971672716070878,6.930494765951626,0.0001071481188808379,4.91137205875787e-05,0.00047323752505703403,2.4849066497880004,0.0001071481188808379,421.0,0.0,0.0,0.0,0.011042713352423739,0.06019913751477714,7.161622002939187,0.0006562822281451321
nc 021783,cronobacter sakazakii,0.009470112594743329,0.09457589361055793,6.331501849893691,0.0004050359469402909,0.00010129146619397316,0.0007425659027238667,1.9459101490553132,0.0004050359469402909,421.0,0.0,0.0,0.0,0.01554503276414598,0.08796745712568761,6.478509642208569,0.0006075641739658751
nc 023717,cronobacter sakazakii,0.004680433680690413,0.04911008135646771,6.568077911411976,0.00015797372370395725,0.00015141042098680096,0.0014020167978726205,3.1780538303479458,0.00015797372370395725,421.0,0.0,0.0,0.0,0.01142843842375998,0.06227993451299648,6.890609120147166,0.0005134179814774589
nc 024354,cronobacter sakazakii,0.004834156905603197,0.04861157667502447,6.582025138892826,0.00016089888845684559,0.00012068953956940654,0.0013944570332926616,2.9444389791664403,0.00016089888845684559,421.0,0.0,0.0,0.0,0.012099233678233578,0.06589259176102041,6.9957661563048505,0.0005229283990345938
nc 027352,cronobacter sakazakii,0.0014986487079641578,0.017311213101597573,5.480638923341991,0.00011912823213703509,0.0,0.0,0.0,0.0,421.0,0.0,0.0,0.0,0.008208080162029634,0.04813203508045025,6.137727054086234,0.0003385749755473629
nc 028773,cronobacter sakazakii,0.002717838906275737,0.030843558703230942,6.206575926724928,0.00012078289275028137,4.392563390180425e-05,0.0005654835433308628,2.1972245773362196,0.00012078289275028137,421.0,0.0,0.0,0.0,0.008205072473611998,0.041956936853888196,6.405228458030842,0.000395289467182739
nc 029010,cronobacter sakazakii,0.0017004707100081327,0.019905400078833266,4.248495242049359,0.0004927079227433977,2.4646932689226827e-05,0.0004927079227433977,0.6931471805599453,0.0004927079227433977,421.0,0.0,0.0,0.0,0.007340090877315624,0.043924661725708844,4.663439094112067,0.0006651884700665188
nc 031053,cronobacter sakazakii,0.0072468037471277915,0.0695213413436997,5.91350300563827,0.0004711980209683119,0.00017676519689678876,0.0016688263242627714,2.302585092994046,0.0004711980209683119,421.0,0.0,0.0,0.0,0.012398104265402844,0.06910286862780925,5.793013608384144,0.0009423960419366238
nc 031095,cronobacter sakazakii,0.003217911261504181,0.03391839201697105,6.298949246855942,0.0001362898351485559,7.704205903792247e-05,0.0008651441709430071,2.6390573296152584,0.0001362898351485559,421.0,0.0,0.0,0.0,0.01019732694489976,0.049277266754270695,6.473890696352274,0.0006755315366564744
nc 021531,cronobacter turicensis,0.004924678757355764,0.05252936528133078,7.00669522683704,0.00012054163374094264,0.00010715720855471715,0.0010402296541348012,3.2188758248682006,0.00012054163374094264,500.0,0.0,0.0,0.0,0.01150568425384523,0.0621638721923442,7.202661196523238,0.0006562822281451321
nc 023558,cronobacter turicensis,0.004133398372313933,0.04306318328799466,5.087596335232384,0.000564594774931992,0.0001283795927799317,0.001103526151003439,1.791759469228055,0.000564594774931992,500.0,0.0,0.0,0.0,0.012103746397694525,0.0691811111675901,5.44673737166631,0.0008469356328919002
nc 019401,cronobacter universalis,0.0027018134772813455,0.030599755201958383,6.877296071497429,5.855078444110488e-05,1.951796210169416e-05,0.0002843895244282237,2.0794415416798357,5.855078444110488e-05,426.0,0.0,0.0,0.0,0.00875568831724558,0.04802889725332247,6.970730078143525,0.00012546631647623668
nc 013697,delftia acidovorans,0.016663385639260564,0.14584153512058215,7.872836175025724,0.00017144381087842728,0.0001714644973232487,0.0023621147276583314,3.332204510175204,0.00014604472778532694,500.0,0.0,0.0,0.0,0.055101203831029406,0.22616240613205713,8.832441791585824,0.00038098866558719876
nc 028758,delftia acidovorans,0.0029189705015577197,0.031281562114240824,4.653960350157523,0.0005330490405117271,0.0,0.0,0.0,0.0,500.0,0.0,0.0,0.0,0.015876331731773552,0.08405855764690008,5.43372200355424,0.0008416799932665601
nc 027348,delftia tsuruhatensis,0.031719170942369396,0.23989605045883977,7.759614150696903,0.00043312308816761865,0.0005144659707837483,0.005427573698600471,3.6635616461296463,0.00043312308816761865,500.0,0.0,0.0,0.0,0.07735360818747455,0.29969462195328844,8.579604451537634,0.0007309051041539773
nc 019925,dickeya chrysanthemi,0.004527202582473821,0.050509424183379587,6.53813982376767,0.00013777086736601783,1.3122670725946145e-05,0.00013777086736601783,1.0986122886681098,0.00013777086736601783,500.0,0.0,0.0,0.0,0.010540000928634443,0.057538343903206945,6.812345094177479,0.0003542679446554744
nc 019925,dickeya dadantii,0.0009907356376138363,0.012583072552762961,5.0238805208462765,0.00013777086736601783,1.3122670725946145e-05,0.00013777086736601783,1.0986122886681098,0.00013777086736601783,315.0,0.0,0.0,0.0,0.00225193852439987,0.014055682993748032,5.272999558563747,0.00015745241984687752
nc 019925,dickeya dianthicola,0.005655722646510773,0.0559546537030841,6.760414691083428,0.0002427391472639362,0.0007611149021048764,0.0026307675149415785,4.762173934797756,0.0002427391472639362,500.0,42.0,0.72,1.0,0.011329340205228211,0.064363783564971,6.884486652042782,0.00029522328721289534
nc 019925,dickeya dieffenbachiae,0.0009907356376138363,0.012583072552762961,5.0238805208462765,0.00013777086736601783,1.3122670725946145e-05,0.00013777086736601783,1.0986122886681098,0.00013777086736601783,315.0,0.0,0.0,0.0,0.00225193852439987,0.014055682993748032,5.272999558563747,0.00015745241984687752
nc 019925,dickeya solani,0.004973361677558198,0.05590873008062876,6.63200177739563,0.00013121034987239794,1.3122670725946145e-05,0.0002624206997447959,1.0986122886681098,0.00013121034987239794,82.0,0.0,0.0,0.0,0.011549890885452942,0.06710745288535061,6.903747257584598,0.00029522328721289534
nc 019925,dickeya zeae,0.004592814214103877,0.05147382025494171,6.55250788703459,0.00015745241984687752,6.561335362973072e-05,0.0006888543368300891,2.3978952727983707,0.00015745241984687752,500.0,0.0,0.0,0.0,0.008891674792218043,0.0521184725408177,6.642486801367256,0.00029522328721289534
nc 024367,dinoroseobacter shibae,0.0010131577193286498,0.011782267953297435,4.343805421853684,0.0002532387908514155,0.0,0.0,0.0,0.0,0.0,0.0,0.0,0.0,0.005537337757967287,0.025303392259913998,5.645446897643238,0.0009596545243712263
nc 021342,edwardsiella ictaluri,0.0033669257200839423,0.03513301673659459,4.990432586778736,0.0004841163723546498,4.6126525058234736e-05,0.0004841163723546498,1.0986122886681098,0.0004841163723546498,259.0,0.0,0.0,0.0,0.013047614732931636,0.06578659789308039,5.666426688112432,0.0017981879798049658
nc 023555,edwardsiella ictaluri,0.006325287195944375,0.06648534300392868,5.60947179518496,0.0005811655856986773,0.00018605516535652821,0.0011390845479694075,2.1972245773362196,0.0005579189622707301,259.0,0.0,0.0,0.0,0.016140068424230228,0.08294769589733618,5.996452088619021,0.000767138573122254
nc 028683,edwardsiella ictaluri,0.0018352962370797397,0.022162426889885893,5.7899601708972535,0.00011821462145989428,1.1259739674818718e-05,0.00011821462145989428,1.0986122886681098,0.00011821462145989428,259.0,0.0,0.0,0.0,0.007114735658042745,0.03693174089289115,6.2285110035911835,0.0002870942682473739
nc 019452,enterobacter aerogenes,0.0046547860011621,0.04998467706923411,6.593044534142437,0.00015322930765891156,7.662394881520219e-05,0.0005618407947493424,2.5649493574615367,0.00015322930765891156,500.0,0.0,0.0,0.0,0.008498780912574016,0.049065262873726125,6.415096959171596,0.0004405370721523109
nc 021531,enterobacter aerogenes,0.00600516131336673,0.06505230167552871,7.204892510204673,0.00011607712878757439,0.00010715720855471715,0.0008705784659068079,3.2188758248682006,0.00011607712878757439,500.0,0.0,0.0,0.0,0.010836948507347519,0.06027406383722673,7.142827401161621,0.00048216653496377057
nc 028695,enterobacter aerogenes,0.0065717956319794445,0.07255933417302611,5.58724865840025,0.00046924007804203404,0.0,0.0,0.0,0.0,500.0,0.0,0.0,0.0,0.016003787878787878,0.08729286825963563,5.82600010738045,0.000740905386382159
nc 028772,enterobacter aerogenes,0.0035277877192085483,0.04190836378504076,4.9344739331306915,0.0005110776071346434,0.0,0.0,0.0,0.0,500.0,0.0,0.0,0.0,0.010690042225666791,0.06297007106177706,5.303304908059076,0.0006899724011039559
nc 028908,enterobacter aerogenes,0.005411344595522593,0.06052866460693443,5.978885764901122,0.00028836251287332645,4.120539515973958e-05,0.0005629934775145897,1.3862943611198906,0.00028836251287332645,500.0,0.0,0.0,0.0,0.013016612641815235,0.07615425146545478,6.648984550024776,0.00041194644696189496
nc 029033,enterobacter aerogenes,0.007239618032422829,0.07745587745587745,5.7899601708972535,0.000444000444000444,4.441878026029405e-05,0.000888000888000888,1.0986122886681098,0.000444000444000444,500.0,0.0,0.0,0.0,0.017355440529244055,0.09553798740452901,6.4425401664681985,0.0007326007326007326
nc 029106,enterobacter aerogenes,0.010722610722610723,0.10523947283831565,6.504288173536645,0.00036965605914496947,0.0001446922075207794,0.001366120218579235,2.302585092994046,0.00036965605914496947,500.0,0.0,0.0,0.0,0.019021190716448033,0.10378958353716206,7.0317412587631285,0.000626808100289296
nc 021531,enterobacter agglomerans,0.004286211792440194,0.04701123715896763,6.8679744089702925,0.0001071481188808379,6.697325534669822e-05,0.0006607467330985003,2.772588722239781,0.0001071481188808379,196.0,0.0,0.0,0.0,0.008822167732642877,0.04949299855142443,6.937314081223682,0.00026787029720209477
nc 019524,enterobacter cancerogenus,0.005948731544847471,0.06445894904247565,5.886104031450156,0.0003313233052812935,1.6571381224625074e-05,0.0003313233052812935,0.6931471805599453,0.0003313233052812935,376.0,0.0,0.0,0.0,0.01090612577718887,0.06435692429177771,5.7745515455444085,0.0004969931911932807
nc 019485,enterobacter cloacae,0.003589266062812156,0.03865944482058226,5.3612921657094255,0.00033852403520649965,1.693164694129798e-05,0.00033852403520649965,0.6931471805599453,0.00033852403520649965,0.0,0.0,0.0,0.0,0.008091972171510337,0.050898925145804214,5.10594547390058,0.0004062357182755294
nc 021531,enterobacter cloacae,0.005545286506469501,0.06068601583113457,7.1252830915107115,0.0001071481188808379,4.4648836897798814e-05,0.0004687730201036658,2.3978952727983707,0.0001071481188808379,0.0,0.0,0.0,0.0,0.010459712958041118,0.058550758420886126,7.107425474110705,0.0005893146538446084
nc 023561,enterobacter cloacae,0.0034918417878229955,0.0385858399316697,6.406879986069314,0.00012696507306262842,4.61741805525895e-05,0.0004847757335118539,2.1972245773362196,0.00012696507306262842,0.0,0.0,0.0,0.0,0.010238281070657914,0.05192726626061441,6.507277712385012,0.0003982132345302815
nc 028695,enterobacter cloacae,0.00696709160984287,0.07463386925489615,5.645446897643238,0.0005680274628929886,9.8833761612967e-05,0.0005680274628929886,1.6094379124341003,0.0005680274628929886,0.0,0.0,0.0,0.0,0.01268939393939394,0.07204980316762793,5.594711379601839,0.0006668148477439431
nc 028908,enterobacter cloacae,0.005878313418486472,0.06418125643666324,6.061456918928017,0.00028836251287332645,6.867565859956597e-05,0.0008513559903879162,1.791759469228055,0.00028836251287332645,0.0,0.0,0.0,0.0,0.011446515397082658,0.06907396430218007,6.520621127558696,0.0003707518022657055
nc 029033,enterobacter cloacae,0.006195869420386409,0.07286047286047286,5.634789603169249,0.0004218004218004218,0.0,0.0,0.0,0.0,0.0,0.0,0.0,0.0,0.014421346915049685,0.07991424360176873,6.257667587882639,0.0007326007326007326
nc 029106,enterobacter cloacae,0.008809581223374326,0.09649630343940856,6.3080984415095305,0.0004018000642880103,4.82307358402598e-05,0.0006589521054323369,1.3862943611198906,0.0003375120540019286,0.0,0.0,0.0,0.0,0.01797847292297343,0.10263183641522355,6.975413927455952,0.000819672131147541
nc 028695,enterobacter sakazakii,0.008054155548967289,0.08098095873156998,5.7899601708972535,0.0005186337704675113,4.94168808064835e-05,0.0005186337704675113,1.0986122886681098,0.0005186337704675113,421.0,0.0,0.0,0.0,0.015056818181818182,0.08125057218712808,5.765191102784844,0.0006668148477439431
nc 028908,enterobacter sakazakii,0.004353797555280868,0.04970820460006866,5.762051382780177,0.0003020940611053896,4.120539515973958e-05,0.0003020940611053896,1.3862943611198906,0.0003020940611053896,421.0,0.0,0.0,0.0,0.011699756888168558,0.06979845880260818,6.542471960506805,0.00041194644696189496
nc 029033,enterobacter sakazakii,0.0072618254497002,0.08214008214008214,5.793013608384144,0.000444000444000444,2.2209390130147026e-05,0.000444000444000444,0.6931471805599453,0.000444000444000444,421.0,0.0,0.0,0.0,0.016331275777119608,0.08969583277502345,6.3818160174060985,0.000666000666000666
nc 009904,enterococcus faecalis,0.008862639644649683,0.08295793682076694,7.138866999945524,0.00043639844585843796,0.0006828437273412037,0.0029562475364603865,4.584967478670572,0.00043639844585843796,263.0,0.0,0.0,0.0,0.009601102189309626,0.03855079129471285,6.102558594613569,0.0009713453132588635
nc 012419,enterococcus faecalis,0.00928909952606635,0.08932038834951456,5.2832037287379885,0.0012313521193464362,0.0003318164580963216,0.0012313521193464362,2.0794415416798357,0.0012313521193464362,263.0,0.0,0.0,0.0,0.009341429238673517,0.033007056681083544,4.394449154672439,0.003694231315714692
nc 013643,enterococcus faecalis,0.13054751068818093,0.2684587813620072,8.46252579007393,0.010504549214226633,0.10664533392182285,0.16057347670250896,8.260234291607297,0.010504549214226633,263.0,0.0,0.0,0.0,0.14481744670423916,0.19933475885008314,7.480992162869525,0.02456575682382134
nc 013644,enterococcus faecalis,0.016648608651991227,0.1165469146238377,6.447305862541213,0.0017962806424344886,0.004677960726273225,0.012811707523245985,5.181783550292085,0.0016113693998309382,263.0,0.0,0.0,0.0,0.013693667584408056,0.0417664459783068,5.247024072160486,0.0032493263591694406
nc 013646,enterococcus faecalis,0.129345273426411,0.2715664018161181,8.519789817263504,0.009828707047776287,0.10512324170860757,0.15821380662470333,8.31238059678675,0.009828707047776287,263.0,0.0,0.0,0.0,0.14852703638181677,0.21221864951768488,7.566311014772463,0.022985837009519387
nc 013648,enterococcus faecalis,0.5168726776370668,0.6477410551849606,9.925689260519814,0.06167879522943198,0.48911697044770835,0.5777744087325651,9.87039601753593,0.06167879522943198,263.0,0.0,0.0,0.0,0.6358850955030831,0.6876918579155095,9.042749779782222,0.050560946027895695
nc 013696,enterococcus faecalis,0.08047749199897213,0.20377376115081033,8.144969417087875,0.010461912101256363,0.0616779197719786,0.09714632665452337,7.878912912297133,0.010461912101256363,263.0,0.0,0.0,0.0,0.09779797273680531,0.15978785612293467,7.24422751560335,0.011349306431273645
nc 015252,enterococcus faecalis,0.008717310087173101,0.08543284713013828,5.777652323222656,0.000676535058046708,0.0003519792061515135,0.0018942981625307824,2.6390573296152584,0.000676535058046708,263.0,0.0,0.0,0.0,0.017969451931716084,0.05334788937409025,5.484796933490655,0.0028416010392140942
nc 015253,enterococcus faecalis,0.003637279755625187,0.038019911069137845,6.137727054086234,0.00018100971943493487,3.936821882430751e-05,0.00048793924369417227,1.791759469228055,0.00016526974383189707,263.0,0.0,0.0,0.0,0.005659106220525488,0.029170663643498736,5.53338948872752,0.0007082989021367017
nc 015254,enterococcus faecalis,0.008987302122738116,0.08666120718724409,5.924255797414532,0.0005539765884676526,0.0003855514590713029,0.004046437689676767,2.833213344056216,0.0005539765884676526,263.0,0.0,0.0,0.0,0.023895431955885355,0.06872806727140303,5.863631175598097,0.0016619697955054557
nc 015270,enterococcus faecalis,0.010277613703484938,0.09955739156093243,5.1647859739235145,0.0012983180879315433,5.9080704241994565e-05,0.0011802891708468574,0.6931471805599453,0.0011802891708468574,263.0,0.0,0.0,0.0,0.003145313482910463,0.020101522842639594,2.772588722239781,0.00141643059490085
nc 016073,enterococcus faecalis,0.0038053629657770604,0.041810699588477364,6.400257445308821,0.00013928458372902818,3.799127467058399e-05,0.0005191516302627413,1.9459101490553132,0.00013295346628679962,263.0,0.0,0.0,0.0,0.0032219473068870823,0.020132282800600806,5.472270673671475,0.00020892687559354226
nc 016563,enterococcus faecalis,0.006686554225468824,0.06990573433526454,6.956545443151569,0.00013384577142966405,6.374380091536099e-05,0.0010325245224574084,2.3978952727983707,0.00013384577142966405,263.0,0.0,0.0,0.0,0.004006890353505093,0.023969371461750617,5.3706380281276624,0.00017208742040956807
nc 017732,enterococcus faecalis,0.0217120367333552,0.15236846418619898,6.4967749901858625,0.0019341091624323881,0.005838745653742702,0.016980822815931815,5.187385805840755,0.0019341091624323881,263.0,0.0,0.0,0.0,0.030656039239730228,0.06591224935477467,5.707110264748875,0.007081038552321007
nc 018086,enterococcus faecalis,0.005149960171171338,0.05513371360841544,5.631211781821365,0.00042595747833172826,9.263204698297422e-05,0.0007963552855767094,1.791759469228055,0.00042595747833172826,263.0,0.0,0.0,0.0,0.0045001800072002884,0.026965637740244613,4.330733340286331,0.00055561729081009
nc 018856,enterococcus faecalis,0.0057227487382021085,0.059904391992829396,6.782192056006791,0.000142892402021278,1.2991821648272413e-05,0.0002598043673114145,1.0986122886681098,0.00012990218365570725,263.0,0.0,0.0,0.0,0.0043365470244317965,0.02531740665614905,5.41610040220442,0.00021434138737334372
nc 018863,enterococcus faecalis,0.005640265467674575,0.05911584540825113,6.822197390620491,0.00014145489433934415,7.381117870301457e-05,0.0007749268124677114,2.5649493574615367,0.00014145489433934415,263.0,0.0,0.0,0.0,0.003954403683350661,0.0242386015498288,5.365976015021851,0.00018450865345584708
nc 019452,enterococcus faecalis,0.003799173759521879,0.042304058022831166,6.39024066706535,0.0001404601986873356,3.8311974407601095e-05,0.0005235334678346145,1.9459101490553132,0.00013407564420154762,263.0,0.0,0.0,0.0,0.0032323232323232323,0.02044948370115408,5.4510384535657,0.00017238407171177384
nc 021531,enterococcus faecalis,0.0023038388384366043,0.02595216729392961,6.248042874508429,9.375460402073317e-05,1.3394651069339643e-05,0.00026787029720209477,1.3862943611198906,8.929009906736491e-05,263.0,0.0,0.0,0.0,0.003403693478969118,0.020046953828735076,5.986452005284438,0.0003616249012228279
nc 021783,enterococcus faecalis,0.0011985347490673375,0.015290106996995984,4.276666119016055,0.0003037769602052182,0.0,0.0,0.0,0.0,263.0,0.0,0.0,0.0,0.002702444157459224,0.016779919567327693,4.736198448394496,0.00045567313047440637
nc 021801,enterococcus faecalis,0.009699909063352531,0.10258263018041117,6.0330862217988015,0.0004894876695725141,4.663852808805354e-05,0.0009323574658524078,1.0986122886681098,0.0004661787329262039,263.0,0.0,0.0,0.0,0.005125875940825331,0.02614957049014654,4.382026634673881,0.0008391608391608392
nc 023007,enterococcus faecalis,0.008859357696566999,0.0889350766242687,7.311218384419629,0.00014803761339681187,0.0001065990749569162,0.0012316729434614746,2.9444389791664403,0.00014803761339681187,263.0,0.0,0.0,0.0,0.003953634648216371,0.024360025825815347,5.3981627015177525,0.0001598806224685568
nc 023595,enterococcus faecalis,0.010726626991745057,0.10775541535730564,6.104793232414985,0.0005037541679660326,0.00011999616012287607,0.0019430517907261257,1.791759469228055,0.0005037541679660326,263.0,0.0,0.0,0.0,0.0060901339829476245,0.03264879916463627,4.454347296253507,0.0011514933429291113
nc 024212,enterococcus faecalis,0.005043887203604315,0.05652657646341026,5.641907070938114,0.00041273373290743996,7.180426158292495e-05,0.00041273373290743996,1.6094379124341003,0.00041273373290743996,263.0,0.0,0.0,0.0,0.00419849553909849,0.024034383306000114,4.290459441148391,0.0005383580080753701
nc 025423,enterococcus faecalis,0.0031591930353497832,0.03525220326270392,6.0844994130751715,0.0001442397842172828,0.0,0.0,0.0,0.0,263.0,0.0,0.0,0.0,0.004708664357277687,0.027543269327637968,5.429345628954441,0.0002596334840649949
nc 025453,enterococcus faecalis,0.05378560254277272,0.17390656803852456,7.681099001536359,0.00392195800029787,0.03700300494201207,0.06012014099190786,7.307202314764738,0.00392195800029787,263.0,0.0,0.0,0.0,0.060950125383115075,0.10550210055563085,6.775366090936392,0.010277033065236819
nc 025465,enterococcus faecalis,0.011146963919037842,0.10119003983090194,6.124683390894205,0.0006353395401119175,0.00036671230197535693,0.003152261564401437,2.772588722239781,0.0006353395401119175,263.0,0.0,0.0,0.0,0.007312352139938347,0.03093861054978747,4.634728988229636,0.0019060186203357526
nc 027335,enterococcus faecalis,0.008886414713098699,0.08311686526752704,7.165493475060845,0.00042606412952349537,0.0006872899470099451,0.0030374249233771767,4.61512051684126,0.00042606412952349537,263.0,0.0,0.0,0.0,0.009187070673016141,0.03745448594689686,6.07993319509559,0.0009483362882942316
nc 028671,enterococcus faecalis,0.06961516929143441,0.21339237919120152,7.95892649305011,0.005182733952990413,0.04642274641544342,0.091683293590929,7.553810852008231,0.005182733952990413,263.0,0.0,0.041666666666666664,0.0,0.09068303675499262,0.15196559269599336,7.0630481633881725,0.0089057595444923
nc 028693,enterococcus faecalis,0.009896729776247849,0.10560541731606385,5.220355825078324,0.0010748642983823293,5.379814934366258e-05,0.0010748642983823293,0.6931471805599453,0.0010748642983823293,263.0,0.0,0.0,0.0,0.0036231884057971015,0.021761133603238867,3.091042453358316,0.0012899064817800709
nc 028758,enterococcus faecalis,0.0057818069550085605,0.05425878128156211,5.332718793265369,0.0006172146784872629,8.421052631578948e-05,0.001683312759510717,1.3862943611198906,0.000561104253170239,263.0,0.0,0.0,0.0,0.005152844509435276,0.02880658436213992,4.31748811353631,0.0008416799932665601
nc 028795,enterococcus faecalis,0.0017456438251817056,0.021128101008819237,4.02535169073515,0.0005710297569951145,0.0,0.0,0.0,0.0,263.0,0.0,0.0,0.0,0.004278222467568314,0.02748357688698217,4.143134726391533,0.0007613971637955648
nc 028990,enterococcus faecalis,0.010419078490391294,0.10633647070925269,6.0063531596017325,0.000540040117265854,0.00012864383667378495,0.00208301188088258,1.791759469228055,0.000540040117265854,263.0,0.0,0.0,0.0,0.007768700945058465,0.030991412958626074,4.584967478670572,0.0020058632927017436
nc 029009,enterococcus faecalis,0.007298033528941412,0.0732439409441083,6.982862751468942,0.0002439206173901849,0.00023039913261503015,0.0015177282859833727,3.5553480614894135,0.0002439206173901849,263.0,0.0,0.0,0.0,0.00745393634840871,0.03481064316030036,5.877735781779639,0.0004878445402065209
nc 029010,enterococcus faecalis,0.008970599107868989,0.09617658651951123,5.8998973535824915,0.0005173433188805676,9.858773075690731e-05,0.001502759164367363,1.6094379124341003,0.0005173433188805676,263.0,0.0,0.0,0.0,0.005592450192240475,0.027673896783844427,4.394449154672439,0.0008869179600886918
nc 029016,enterococcus faecalis,0.005449685263430197,0.056293103448275865,5.75890177387728,0.000396551724137931,0.0001034821751953226,0.001086206896551724,1.9459101490553132,0.000396551724137931,263.0,0.0,0.0,0.0,0.003971924479024974,0.023552347331260867,4.30406509320417,0.000517250297418921
nc 029026,enterococcus faecalis,0.00813386897215391,0.07940495918258253,6.97166860472579,0.00037419147912546105,0.0005117238218895593,0.0019625961252090506,4.219507705176107,0.00037419147912546105,263.0,0.0,0.0,0.0,0.006802258349772125,0.03219409003768097,5.707110264748875,0.0010538614859446952
nc 029102,enterococcus faecalis,0.0014985014985014985,0.019222767745693602,4.007333185232471,0.0004992926687193143,0.0,0.0,0.0,0.0,263.0,0.0,0.0,0.0,0.0041356492969396195,0.02681280574648585,4.189654742026425,0.000665723558292419
nc 031051,enterococcus faecalis,0.010997415475499763,0.10344554873065669,6.035481432524756,0.0007908681095615955,0.0007121379965184365,0.004270687791632616,3.332204510175204,0.0007645058392428756,263.0,0.0,0.0,0.0,0.008712645550036643,0.034335104274046464,4.68213122712422,0.002056311293894337
nc 031053,enterococcus faecalis,0.00233704511086235,0.02621038991636235,4.787491742782046,0.00039266501747359326,1.964057743297653e-05,0.00039266501747359326,0.6931471805599453,0.00039266501747359326,263.0,0.0,0.0,0.0,0.0033364928909952606,0.019842864973506305,4.48863636973214,0.0004711980209683119
nc 031095,enterococcus faecalis,0.00561208464943731,0.06107562308157243,6.854354502255021,0.00013036419014209697,8.296837127160882e-05,0.0009836570710721863,2.70805020110221,0.00013036419014209697,263.0,0.0,0.0,0.0,0.004034800151305006,0.022507105094276197,5.54907608489522,0.00024888003982080636
nc 024356,enterococcus faecium,0.011154948100136208,0.08228278986783107,6.16541785423142,0.0017606873723501656,0.002747897975480295,0.006761039509824636,4.770684624465665,0.0017606873723501656,192.0,0.0,0.0,0.0,0.02445575346338705,0.06239703459637562,5.849324779946859,0.003380519754912318
nc 025467,enterococcus faecium,0.008186222642980454,0.08084798575561986,4.997212273764115,0.0011684843089249945,0.00016710299114354148,0.0022813265079011796,1.3862943611198906,0.0011684843089249945,192.0,0.0,0.0,0.0,0.004384292794510103,0.028950317519611506,3.1780538303479458,0.001335559265442404
nc 028795,enterococcus faecium,0.0012060811883073603,0.01595710932047459,3.6635616461296463,0.000539305881606497,0.0,0.0,0.0,0.0,192.0,0.0,0.0,0.0,0.0037951973502622135,0.02359565625418957,4.02535169073515,0.0007613971637955648
nc 028826,enterococcus faecium,0.013940828402366864,0.08986158760203478,6.380122536899765,0.0017745179226310187,0.004828859536997586,0.011569856855554242,5.3230099791384085,0.0017745179226310187,192.0,0.0,0.0,0.0,0.03241931926780857,0.07538120123129788,6.091309882077698,0.0034071550255536627
nc 029102,enterococcus faecium,0.0014152514152514153,0.016864996810074615,3.9512437185814275,0.0005270311503148317,0.0,0.0,0.0,0.0,192.0,0.0,0.0,0.0,0.003054017942355411,0.019815468450058826,3.8918202981106265,0.000665723558292419
nc 031260,enterococcus faecium,0.008455837686793827,0.0812727714355113,5.855071922202427,0.0005100801554529998,7.290223809870963e-05,0.0009958707796939518,1.3862943611198906,0.0005100801554529998,192.0,0.0,0.0,0.0,0.007660840461137969,0.03835278764590735,4.6443908991413725,0.0010201850907236027
nc 009014,erwinia amylovora,0.002971604666519921,0.030366376939157225,4.912654885736052,0.0004180877984376719,0.0,0.0,0.0,0.0,500.0,0.0,0.0,0.0,0.007373713191285612,0.0461073669532884,5.043425116919247,0.0005941378399788751
nc 011811,erwinia amylovora,0.0027317557739383403,0.03203036322360953,5.44673737166631,0.00022465001891789634,0.0,0.0,0.0,0.0,500.0,0.0,0.0,0.0,0.006416131989000917,0.034553834702699605,5.384495062789089,0.0005320658342792281
nc 019504,erwinia amylovora,0.0029855492350634207,0.03156072835167164,5.135798437050262,0.0003708871266844457,5.300166071870252e-05,0.000724112961622013,1.3862943611198906,0.0003708871266844457,500.0,0.0,0.0,0.0,0.005357766820670109,0.03127698719633537,4.9344739331306915,0.0004768717215069146
nc 019510,erwinia amylovora,0.0030305345455471514,0.03342497836159055,4.787491742782046,0.000509139045873428,0.0,0.0,0.0,0.0,500.0,0.0,0.0,0.0,0.007020960385384103,0.04342647277780535,4.927253685157205,0.0006873377119291278
nc 019514,erwinia amylovora,0.0049561979264339485,0.05536434129290602,5.916202062607435,0.00026784877258299964,0.0,0.0,0.0,0.0,500.0,0.0,0.0,0.0,0.00885065758396937,0.05114608691460387,5.877735781779639,0.000602675880911246
nc 019929,erwinia amylovora,0.004184582467545827,0.04378522937667147,6.925595197110468,0.00011931701296029623,0.00013578514675082604,0.0008023040526640609,3.5263605246161616,0.00011931701296029623,500.0,0.0,0.0,0.0,0.007073597202352567,0.041614176534811455,6.887552571664617,0.00016046213093709883
nc 019932,erwinia amylovora,0.01130325899353616,0.11168989311324584,5.814130531825066,0.0011500473548910837,0.000507700118463361,0.0011500473548910837,2.772588722239781,0.0011500473548910837,500.0,0.0,0.0,0.0,0.0149585388325836,0.08713214079630698,5.6240175061873385,0.0010148163182463973
nc 023557,erwinia amylovora,0.004319933301115214,0.04722890321819067,7.066466970136958,9.591123046730903e-05,5.1648128677623445e-05,0.0005422673414882472,2.70805020110221,9.591123046730903e-05,500.0,0.0,0.0,0.0,0.008440222184400674,0.0460177920460853,6.9957661563048505,0.0005090691780746118
nc 023579,erwinia amylovora,0.0041295514407104945,0.04137994918484014,5.746203190540153,0.00035729409273766675,0.0002382559663264901,0.0017467711200508153,2.9444389791664403,0.00035729409273766675,500.0,0.0,0.0,0.0,0.0073596808109128165,0.042795856440305535,5.6131281063880705,0.000476398427885188
nc 023610,erwinia amylovora,0.0037879481870980746,0.04318513870632365,6.71901315438526,0.00010076074361428788,3.664345914254306e-05,0.0003847228392545537,2.1972245773362196,0.00010076074361428788,500.0,0.0,0.0,0.0,0.00741664118666259,0.04155560112090766,6.853299093186078,0.00039846659063740914
nc 027340,erwinia amylovora,0.004458971907860249,0.0502096694622595,6.584791392385716,0.00012950172668968918,6.784218673870274e-05,0.0011223482979773065,2.4849066497880004,0.00012950172668968918,500.0,0.0,0.0,0.0,0.0068736475462004,0.04071557311898978,6.38856140554563,0.00022200432908441714
nc 031007,erwinia amylovora,0.004059485530546624,0.043901132024917945,6.813444599510896,0.00010717395672851497,5.359152539345112e-05,0.0004778172237479626,2.5649493574615367,0.00010717395672851497,500.0,0.0,0.0,0.0,0.007702864985417739,0.043059372137563494,6.80128303447162,0.00026793489182128745
nc 031010,erwinia amylovora,0.00432673769660071,0.04785908519014571,6.9726062513017535,9.334794431592191e-05,5.276595053800975e-05,0.000823897073744876,2.6390573296152584,9.334794431592191e-05,500.0,0.0,0.0,0.0,0.00801960670572539,0.047048747613164105,7.009408932708637,0.00026786801412394983
nc 031043,erwinia amylovora,0.0033945425864758635,0.037851686920754156,6.659293919683638,9.586014875752176e-05,3.92187622558632e-05,0.0006187336874349131,2.302585092994046,9.586014875752176e-05,500.0,0.0,0.0,0.0,0.007303319690768531,0.04169538249483115,6.6895992691789665,0.0002091503267973856
nc 031107,erwinia amylovora,0.00403233993478411,0.045531690283811765,6.901737206656574,9.744610012586789e-05,8.1217944292612e-05,0.0005440740590360956,3.044522437723423,9.744610012586789e-05,500.0,0.0,0.0,0.0,0.007586335958080816,0.04365422725877132,6.961296045910167,0.0002557980900409277
nc 031120,erwinia amylovora,0.004565963870411227,0.050666191161407775,7.004881989712859,8.708381194872836e-05,3.7324574499850704e-05,0.0006676425582735841,2.302585092994046,8.708381194872836e-05,500.0,0.0,0.0,0.0,0.007285628973899603,0.04342500153120598,6.945051063725834,0.00022393073076061804
nc 031126,erwinia amylovora,0.0036760951700194017,0.041063551707237377,6.803505257608338,9.393889887273321e-05,4.901540309042117e-05,0.0005146217938245385,2.5649493574615367,9.393889887273321e-05,500.0,0.0,0.0,0.0,0.006622093348350867,0.03815853686876903,6.721425700790643,0.0003430825971352603
nc 031127,erwinia amylovora,0.003995912704676298,0.04253595889699744,6.870053411798126,0.00011214440877052347,8.723031294913227e-05,0.0007600898816668812,3.091042453358316,0.00011214440877052347,500.0,0.0,0.0,0.0,0.007475027124097422,0.04350853272024427,6.907755278982137,0.00024921186746912886
nc 019504,erwinia billingiae,0.004628484612938558,0.0495575846417407,5.572154032177765,0.0003532258349375673,3.5334440479135016e-05,0.0007064516698751346,1.0986122886681098,0.0003532258349375673,14.0,0.0,0.0,0.0,0.00943432853204954,0.05474411444448617,5.497168225293202,0.0004768717215069146
nc 019510,erwinia billingiae,0.004991468663254132,0.052390407820375746,5.2832037287379885,0.000509139045873428,5.0938542648294835e-05,0.001018278091746856,1.0986122886681098,0.000509139045873428,14.0,0.0,0.0,0.0,0.010659560293137908,0.06228596952702367,5.342334251964811,0.0006873377119291278
nc 019514,erwinia billingiae,0.006670774506389477,0.07426107219863665,6.212606095751519,0.00026784877258299964,4.0187541862022774e-05,0.0008035463177489989,1.3862943611198906,0.00026784877258299964,14.0,0.0,0.0,0.0,0.011510827138701737,0.06633083467907157,6.139884552226255,0.000602675880911246
nc 019504,erwinia persicina,0.004010175599759743,0.042563713109976864,5.429345628954441,0.000335564543190689,0.0,0.0,0.0,0.0,82.0,0.0,0.0,0.0,0.007803703847497768,0.04490669470206135,5.308267697401205,0.0004768717215069146
nc 019510,erwinia persicina,0.004151068327093998,0.04223308385520085,5.099866427824199,0.000509139045873428,5.0938542648294835e-05,0.001018278091746856,1.0986122886681098,0.000509139045873428,82.0,0.0,0.0,0.0,0.010505816635063803,0.06451933098416796,5.327876168789581,0.0006109668550481136
nc 019514,erwinia persicina,0.006175154713746082,0.06558277196694746,6.135564891081739,0.00032141852709959955,4.0187541862022774e-05,0.0002946336498412996,1.3862943611198906,0.0002946336498412996,82.0,0.0,0.0,0.0,0.011212490366208389,0.06384824893345224,6.113682179832232,0.000602675880911246
nc 016767,erwinia pyrifoliae,0.00944002372361983,0.09081925091412195,6.352629396319567,0.0005600026353065191,0.00014828239558447977,0.001712949237408176,2.302585092994046,0.0003788253121191159,445.0,0.0,0.0,0.0,0.016502423117804962,0.08916397872896871,6.821107472256465,0.0007905919557268505
nc 029078,erysipelothrix rhusiopathiae,0.05542850608884569,0.14401234391519274,7.570443252057374,0.005571906163385433,0.040940019440791356,0.07512072463354001,7.267525427828172,0.005571906163385433,0.0,0.0,0.0,0.0,0.08620539219963354,0.11781194258048076,6.8966943316227125,0.010715816545220747
nc 015466,erythrobacter litoralis,0.0003830622635787592,0.0046913895449033,3.2188758248682006,0.00027127082402502074,0.0,0.0,0.0,0.0,0.0,0.0,0.0,0.0,0.004414752305047663,0.025612010109011353,5.424950017481403,0.0004787208578677773
nc 015466,erythrobacter longus,0.002968732542735384,0.03194612880577009,5.231108616854587,0.0003191421459117891,1.596194671902185e-05,0.0003191421459117891,0.6931471805599453,0.0003191421459117891,0.0,0.0,0.0,0.0,0.011603375527426161,0.06587831466183848,6.38856140554563,0.000526592943654555
nc 000866,escherichia coli,0.005702104982680522,0.0535287152161042,6.871091294610546,0.0008111308466548253,0.0008704353953375454,0.0016577856719952634,4.997212273764115,0.0008111308466548253,500.0,0.0,0.0,0.0,0.010375354107648725,0.0456610006193655,6.375024819828097,0.0008348134991119006
nc 000902,escherichia coli,0.012752966665025359,0.09108660693774409,6.656726524178391,0.0017885858685307342,0.0037260148055742494,0.010272061960552657,5.429345628954441,0.0017885858685307342,500.0,0.0,0.0,0.0,0.0161965931304105,0.07250936329588015,6.259581464064923,0.0016737225558727971
nc 000924,escherichia coli,0.012261779255534832,0.08728717366628831,6.6293632534374485,0.001767472028538998,0.0038442198828891666,0.010621047510945354,5.472270673671475,0.001767472028538998,500.0,0.0,0.0,0.0,0.015556938394523958,0.06944862004690036,6.2166061010848646,0.0016540182914964
nc 000929,escherichia coli,0.009863222712658711,0.10183293842089496,5.8944028342648505,0.000735354195604216,0.0005449888277290315,0.003649535637443146,3.044522437723423,0.0007081188550262821,500.0,0.0,0.0,0.0,0.015536115493092403,0.07125352568548574,5.786897381366708,0.0017158264564098374
nc 001330,escherichia coli,0.005764163372859025,0.06242812551338919,3.58351893845611,0.0031214062756694597,0.0,0.0,0.0,0.0,500.0,0.0,0.0,0.0,0.008319467554076539,0.050026752273943285,3.4339872044851463,0.003942828979793002
nc 001332,escherichia coli,0.004606925248922574,0.054567022538552785,3.4657359027997265,0.0026690391459074734,0.0,0.0,0.0,0.0,500.0,0.0,0.0,0.0,0.011953833470733718,0.06485188150520416,3.4011973816621555,0.00400355871886121
nc 001416,escherichia coli,0.3472270917978015,0.43932208981072945,9.7313341246578,0.026184487237639685,0.3285068993255368,0.3921075419570327,9.675833845744032,0.026184487237639685,500.0,0.0,0.0,0.0,0.49442143363558344,0.5715162676488643,9.491828300264636,0.030370507824580936
nc 001418,escherichia coli,0.0067033344792024755,0.08006171781244642,3.6888794541139363,0.0030858906223212757,0.0,0.0,0.0,0.0,500.0,0.0,0.0,0.0,0.011375755421258443,0.0686106346483705,3.4965075614664802,0.00411522633744856
nc 001426,escherichia coli,0.0011590843233845263,0.009809578765147143,1.6094379124341003,0.0051933064050779,0.0,0.0,0.0,0.0,500.0,0.0,0.0,0.0,0.006933744221879815,0.04292168674698795,2.302585092994046,0.006926406926406926
nc 001604,escherichia coli,0.003481789489504534,0.038385457094924504,4.941642422609304,0.0005508676164959811,0.00012525677639160278,0.0010766957958785086,1.791759469228055,0.0005508676164959811,500.0,0.0,0.0,0.0,0.008434970933546107,0.053150260214815635,5.003946305945459,0.0006009615384615385
nc 001609,escherichia coli,0.048582995951417005,0.15493805918788714,6.336825731146441,0.01049552649690296,0.03110728134424817,0.06951135581555402,5.8916442118257715,0.01049552649690296,500.0,0.0,0.0,0.0,0.06961398878258,0.13552295918367346,6.0473721790462776,0.03329891584925142
nc 001890,escherichia coli,0.0030952380952380953,0.03155397390272835,2.6390573296152584,0.004270462633451958,0.0,0.0,0.0,0.0,500.0,0.0,0.0,0.0,0.011111111111111112,0.06460674157303371,3.1780538303479458,0.0056939501779359435
nc 001895,escherichia coli,0.012508189886235034,0.11231506563867473,6.042632833682381,0.0009525794064239574,0.001102043247751236,0.006757360164319948,3.6375861597263857,0.0009525794064239574,500.0,0.0,0.0,0.0,0.03111762789182144,0.1044689800210305,6.352629396319567,0.0034830758238813967
nc 001954,escherichia coli,0.047754473278824504,0.11391057487579843,6.0014148779611505,0.0198722498225692,0.03722584469472436,0.05961674946770759,5.752572638825633,0.0198722498225692,500.0,0.0,0.0,0.0,0.05807743658210948,0.10012961762799741,5.1647859739235145,0.020227111426543647
nc 002014,escherichia coli,0.003931275480489225,0.0479442103733837,3.332204510175204,0.00246985326165916,0.0,0.0,0.0,0.0,500.0,0.0,0.0,0.0,0.011376564277588168,0.06114180478821363,3.4339872044851463,0.003923278116826504
nc 002167,escherichia coli,0.008837525492861998,0.0674267592872244,5.863631175598097,0.0011577569717104602,0.002417344446402941,0.007248565388100272,4.574710978503383,0.0009564079331521192,500.0,0.0,0.0,0.0,0.013737003717071594,0.06646211451453533,5.545177444479562,0.0029447296889157353
nc 002730,escherichia coli,0.0176323076119325,0.07624618116301538,6.516193076042964,0.003916755881661749,0.010658864099482732,0.019583779408308744,6.013715156042802,0.003916755881661749,500.0,0.0,0.0,0.0,0.02229240200631618,0.07346156150757985,5.8888779583328805,0.0038386212299255777
nc 003287,escherichia coli,0.0025031289111389237,0.035742157015764005,2.833213344056216,0.0026533479007335727,0.0,0.0,0.0,0.0,500.0,0.0,0.0,0.0,0.006765327695560253,0.044727123512515385,2.833213344056216,0.003278688524590164
nc 003298,escherichia coli,0.00400596968030791,0.04574958123953099,5.0369526024136295,0.0004972780569514238,0.0,0.0,0.0,0.0,500.0,0.0,0.0,0.0,0.00796582775340568,0.04992147184204622,4.9344739331306915,0.0007066582914572865
nc 003356,escherichia coli,0.011959586466165413,0.10024662360540224,6.234410725718371,0.000916030534351145,0.002420340257543002,0.009630064591896652,4.6443908991413725,0.000916030534351145,500.0,0.0,0.0,0.0,0.017132867132867134,0.06744657487963511,5.973809611869261,0.0047213022338101615
nc 004813,escherichia coli,0.036156436156436156,0.11551872950112205,7.647308832356238,0.007405489383738995,0.025176564037920256,0.044277576385292595,7.285506548522785,0.005972725703435181,500.0,0.0,0.0,0.0,0.04744081594460559,0.11752117430750218,7.3277805384216315,0.00807871569135163
nc 004913,escherichia coli,0.012965531068820904,0.09279056559649884,6.655440350367647,0.0018207329703003375,0.003993516801176333,0.010974509738415796,5.480638923341991,0.0018207329703003375,500.0,0.0,0.0,0.0,0.016261179560948153,0.07218734910671173,6.255750041753367,0.00170383362565773
nc 004914,escherichia coli,0.014707055239189038,0.0936911938251523,6.827629234502852,0.0017382706599049533,0.005439724344760477,0.013316110101106752,5.834810737062605,0.0017382706599049533,500.0,0.0,0.0,0.0,0.01638500212005573,0.07397989009704198,6.295266001439646,0.0016266385991771121
nc 004928,escherichia coli,0.005073263899250948,0.04921819049892576,6.7464121285733745,0.0008653616614943901,0.0008475537331160731,0.0016412031511100502,4.962844630259907,0.0008653616614943901,500.0,0.0,0.0,0.0,0.010002742687511092,0.04723226442555989,6.431331081933479,0.0010384401912162282
nc 005056,escherichia coli,0.011142061281337047,0.10056908579121282,5.8998973535824915,0.0008260922775670052,0.0005816623297106995,0.0052319177579243665,2.995732273553991,0.0008260922775670052,500.0,0.0,0.0,0.0,0.03248657922408545,0.10896921017402945,6.376726947898627,0.003396364971543969
nc 005066,escherichia coli,0.004725523313597922,0.05402455828018876,6.654152520183219,0.00012193783609116072,0.0,0.0,0.0,0.0,500.0,0.0,0.0,0.0,0.009518655290971604,0.04688463911165947,6.395261598115449,0.0004572724612232953
nc 005833,escherichia coli,0.004629155486368571,0.0538537144729298,5.424950017481403,0.000470964042919158,2.0484667226580904e-05,0.0004095339503644852,0.6931471805599453,0.0004095339503644852,500.0,0.0,0.0,0.0,0.009147013445007714,0.05354852501068833,5.117993812416755,0.0005528934758569849
nc 005856,escherichia coli,0.014295510893073798,0.07742616033755274,7.212294468500341,0.004145569620253165,0.00779692132389403,0.01080168776371308,6.606650186198215,0.004145569620253165,500.0,0.0,0.0,0.0,0.02668848881614839,0.07740095087163233,7.1098794630722715,0.005506329113924051
nc 005859,escherichia coli,0.004378362837310552,0.04812320328542095,6.280395838960195,0.00028747433264887065,0.00022180052739236513,0.0013141683778234085,3.332204510175204,0.00028747433264887065,500.0,0.0,0.0,0.0,0.011036248158612863,0.05458336261625319,6.126869184114185,0.0006899440652489959
nc 007291,escherichia coli,0.004602991944764097,0.052656711234589336,5.3612921657094255,0.00043410314290675465,2.1714112001389702e-05,0.00043410314290675465,0.6931471805599453,0.00043410314290675465,500.0,0.0,0.0,0.0,0.009918954880851578,0.05246552932928254,5.10594547390058,0.0009767532721234617
nc 007456,escherichia coli,0.003980951901030512,0.04661998791053798,5.0689042022202315,0.0005289139633286319,5.039687539372559e-05,0.0005289139633286319,1.0986122886681098,0.0005289139633286319,500.0,0.0,0.0,0.0,0.008960353504357432,0.05289837786259542,4.990432586778736,0.0006800664953906605
nc 007603,escherichia coli,0.00491299454592676,0.05168869945260607,5.429345628954441,0.0006274475864904044,0.0003246753246753247,0.001968887254159545,2.772588722239781,0.0006274475864904044,500.0,0.0,0.0,0.0,0.0110912343470483,0.06299121590383726,5.231108616854587,0.0009736466311826562
nc 007637,escherichia coli,0.0031390927579803695,0.04028640251044176,4.962844630259907,0.0003977812645024419,0.0,0.0,0.0,0.0,500.0,0.0,0.0,0.0,0.009662921348314606,0.05612691466083151,5.153291594497779,0.0006629980773055758
nc 007804,escherichia coli,0.00862135127529484,0.08201207037643207,5.823045895483019,0.0006648936170212766,0.0006652168351029806,0.004066080196399345,3.295836866004329,0.0006648936170212766,500.0,0.0,0.0,0.0,0.011367050575863796,0.06241519674355495,5.429345628954441,0.001304281110940617
nc 007817,escherichia coli,0.005483458234326449,0.04921618665694495,3.4339872044851463,0.003827925628873496,0.0003658313517468447,0.003827925628873496,1.0986122886681098,0.003827925628873496,500.0,0.0,0.0,0.0,0.008437123342707915,0.05025321386832879,3.091042453358316,0.00437636761487965
nc 007821,escherichia coli,0.004130183380142078,0.05009887936717205,3.258096538021482,0.003131179960448253,0.0,0.0,0.0,0.0,500.0,0.0,0.0,0.0,0.0070365358592692825,0.04180820486020381,3.295836866004329,0.003956478733926805
nc 007856,escherichia coli,0.007494059586912813,0.07200145825738243,3.7376696182833684,0.0034633612832664965,0.0,0.0,0.0,0.0,500.0,0.0,0.0,0.0,0.011180992313067784,0.0625422582826234,3.4965075614664802,0.005470459518599562
nc 008152,escherichia coli,0.003606040117196304,0.04287484510532838,5.081404364984463,0.00042807254703165483,0.0,0.0,0.0,0.0,500.0,0.0,0.0,0.0,0.009927055339220095,0.057500133596964674,5.204006687076795,0.0006759040216289286
nc 008464,escherichia coli,0.010062600667519054,0.08853215578206448,6.408528791059498,0.0012118596234934758,0.001826666002424484,0.005611076064942395,4.709530201312334,0.0012118596234934758,500.0,0.0,0.0,0.0,0.015780864098534176,0.07089078233927189,6.20050917404269,0.0013944917575576473
nc 008720,escherichia coli,0.004377085174940831,0.047724259832081305,5.730099782973574,0.0002850911578977378,1.4258419596771894e-05,0.0002850911578977378,0.6931471805599453,0.0002850911578977378,500.0,0.0,0.0,0.0,0.007671396119614196,0.04568103291507547,5.332718793265369,0.0003848785494355115
nc 008721,escherichia coli,0.0037773580713254084,0.04600349815375219,4.919980925828125,0.0004997362503123352,0.0,0.0,0.0,0.0,500.0,0.0,0.0,0.0,0.006593696426216537,0.0385449904275686,4.61512051684126,0.0007496251874062968
nc 009514,escherichia coli,0.5341233034080756,0.652049084451628,10.130941799437423,0.02050147806299313,0.5044040679120038,0.6162140320282427,10.073610001873085,0.02050147806299313,500.0,0.0,0.0,0.0,0.6227267324378938,0.6907588856868396,9.662561831426121,0.028265169399604415
nc 009540,escherichia coli,0.005773047086415298,0.0652478858562783,5.666426688112432,0.0004208248166406156,4.009381953771826e-05,0.0004208248166406156,1.0986122886681098,0.0004208248166406156,500.0,0.0,0.0,0.0,0.007959984940569032,0.04509242384795626,5.003946305945459,0.0007815318023325718
nc 009821,escherichia coli,0.004718273416334358,0.05350946612284653,6.654152520183219,0.00012175077616119802,1.217648598790875e-05,0.00024350155232239604,1.0986122886681098,0.00012175077616119802,500.0,0.0,0.0,0.0,0.00940742592824103,0.04615105081460844,6.401917196727186,0.00045657096939148223
nc 010105,escherichia coli,0.0042519999061627605,0.04842162054385626,6.587550014824796,0.0001231505427420348,2.9324825224041664e-05,0.0004750092362907057,1.791759469228055,0.0001231505427420348,500.0,0.0,0.0,0.0,0.007934831799668125,0.04402000643481822,6.267200548541362,0.0002463010854840696
nc 010106,escherichia coli,0.003870845921450151,0.04492685228881548,5.327876168789581,0.00037753657385559226,1.8883601480474356e-05,0.00037753657385559226,0.6931471805599453,0.00037753657385559226,500.0,0.0,0.0,0.0,0.013472493658779991,0.057790459349756865,5.783825182329737,0.0016989466530750934
nc 010237,escherichia coli,0.01208583149258441,0.08746746588847701,6.642486801367256,0.0017193784998816941,0.003723807119414289,0.010016562820411704,5.4680601411351315,0.0017193784998816941,500.0,0.0,0.0,0.0,0.01573685323345516,0.06949998540529496,6.257667587882639,0.0016090104585679806
nc 010324,escherichia coli,0.003417634996582365,0.03745777135931093,5.583496308781699,0.0002578848286355314,3.869220352099052e-05,0.0007736544859065941,1.3862943611198906,0.0002578848286355314,500.0,0.0,0.0,0.0,0.00767482582616147,0.047975686529903395,5.332718793265369,0.0003481490077753278
nc 010583,escherichia coli,0.004507618953549975,0.051202169111705664,6.220590170099739,0.0001795622272898673,1.795928629796252e-05,0.0003591244545797346,1.0986122886681098,0.0001795622272898673,500.0,0.0,0.0,0.0,0.00873934307934896,0.04663132031553084,5.793013608384144,0.0007541681256228621
nc 011040,escherichia coli,0.003517499560312555,0.040787623066104076,4.948759890378168,0.0004520795660036166,0.0,0.0,0.0,0.0,500.0,0.0,0.0,0.0,0.009055425448868072,0.0534767459475837,5.1647859739235145,0.000678119349005425
nc 011041,escherichia coli,0.0037192239654322418,0.04344422133138089,6.2422232654551655,0.00015223237910211892,7.250159503509078e-06,0.00014498321819249421,0.6931471805599453,0.00014498321819249421,500.0,0.0,0.0,0.0,0.0069355433427563075,0.03980640230958648,5.981414211254481,0.00028271932495324255
nc 011042,escherichia coli,0.0036700053520911384,0.039692244981147456,4.976733742420574,0.00048405176806277385,0.0,0.0,0.0,0.0,500.0,0.0,0.0,0.0,0.008670686190066034,0.05294805411725405,5.0238805208462765,0.0006878630388260471
nc 011045,escherichia coli,0.0036830989543089683,0.04204320177132412,4.969813299576001,0.0005149198012409567,2.575859048992839e-05,0.0005149198012409567,0.6931471805599453,0.0005149198012409567,500.0,0.0,0.0,0.0,0.00807088836211762,0.05084374315143546,4.969813299576001,0.000617903761489148
nc 011356,escherichia coli,0.0649291350087668,0.15695418526277438,8.176391596633795,0.005264596046998816,0.05153885517947218,0.07896894070498224,7.944846711001996,0.005264596046998816,500.0,0.0,0.0,0.0,0.07479815840395009,0.1493882807469414,7.715569534520208,0.013717346158050061
nc 011357,escherichia coli,0.10073876164877436,0.1935925079651144,8.741935464094144,0.010668425964663856,0.08534131697973506,0.12301676696810736,8.57602797713713,0.010668425964663856,500.0,0.0,0.0,0.0,0.11570352154859863,0.19014105962282546,8.208219383496834,0.012454742939898624
nc 012223,escherichia coli,0.006416540415292754,0.07044700327401501,5.666426688112432,0.0004231720082852625,0.0,0.0,0.0,0.0,500.0,0.0,0.0,0.0,0.010862775039911154,0.06300268096514745,5.749392985908253,0.0007349993318187892
nc 012740,escherichia coli,0.0049878908433141226,0.05655037315674987,6.7226297948554485,0.00012618827290317153,2.403860600123799e-05,0.0003665468879568316,1.6094379124341003,0.00012618827290317153,500.0,0.0,0.0,0.0,0.00889391725199956,0.04481703138562748,6.340359303727752,0.0003785693683299683
nc 012741,escherichia coli,0.004164819524487272,0.04817119760164712,6.5722825426940075,0.000116651404774542,1.1666433337999906e-05,0.000233302809549084,1.0986122886681098,0.000116651404774542,500.0,0.0,0.0,0.0,0.007905892016369157,0.04410865826095609,6.29156913955832,0.00024496937882764654
nc 012749,escherichia coli,0.0038776340779596635,0.043091075525218396,5.840641657373398,0.00023732299659837039,4.522431259044862e-05,0.0006893667996428854,1.6094379124341003,0.00023732299659837039,500.0,0.0,0.0,0.0,0.00644765121277249,0.0385926587892629,5.247024072160486,0.00037294456687574166
nc 012868,escherichia coli,0.003454515545319954,0.04725959960617,3.091042453358316,0.002789629143419757,0.0,0.0,0.0,0.0,500.0,0.0,0.0,0.0,0.008138351983723296,0.04850563449289564,3.4965075614664802,0.003938946331856229
nc 013594,escherichia coli,0.010236432025792585,0.1041224654223177,5.945420608606575,0.0007251242110917148,0.0005642734307824592,0.00413589364844904,3.091042453358316,0.0006982677588290586,500.0,0.0,0.0,0.0,0.016403207331042384,0.07687879190469864,5.883322388488279,0.001692047377326565
nc 014260,escherichia coli,0.004151232596755652,0.0470412706890446,6.573680166960646,0.00012191369671355506,5.225449098319728e-05,0.0007140659378936797,2.302585092994046,0.00012191369671355506,500.0,0.0,0.0,0.0,0.008128057174658036,0.04574755075961948,6.320768294250582,0.000243830224497971
nc 014467,escherichia coli,0.005560803968931907,0.06243070796660407,6.891625897052253,0.0001244428354865715,1.697130152911427e-05,0.00023191619340679232,1.3862943611198906,0.0001187863429644546,500.0,0.0,0.0,0.0,0.009523352603929282,0.04566125290023202,6.678342114654332,0.0010351439868316109
nc 014662,escherichia coli,0.003969188944268238,0.045807659780113565,6.489204931325317,0.00013289839313761025,4.8332235788812294e-05,0.0007369819983085659,2.1972245773362196,0.00013289839313761025,500.0,0.0,0.0,0.0,0.009425878320479864,0.04692735712748624,6.38856140554563,0.0004168176875679594
nc 014792,escherichia coli,0.004862054705500088,0.05468293115160824,6.714170529909472,0.0001299583542546593,2.3631443999385582e-05,0.00024810231266798595,1.6094379124341003,0.0001299583542546593,500.0,0.0,0.0,0.0,0.007964998878169172,0.04178760341787603,6.343880434126331,0.0003367122705040051
nc 015249,escherichia coli,0.003107884345943192,0.03165266106442577,4.812184355372417,0.0005092946269416857,2.5477057909352627e-05,0.0005092946269416857,0.6931471805599453,0.0005092946269416857,500.0,0.0,0.0,0.0,0.009484536082474227,0.05481644493348004,5.220355825078324,0.0006875477463712758
nc 015269,escherichia coli,0.004140751757706868,0.04942924014161266,6.19644412779452,0.00016898885518500055,8.450799445627557e-06,0.00016898885518500055,0.6931471805599453,0.00016898885518500055,500.0,0.0,0.0,0.0,0.008887417555832845,0.04906005286430671,5.857933154483459,0.0007097591888466414
nc 016073,escherichia coli,0.0044891885902428215,0.05000316555872111,6.565264970035361,0.00015827793605571383,0.00015196509868233596,0.0013548591326369105,3.2188758248682006,0.00015827793605571383,500.0,0.0,0.0,0.0,0.007042062046276408,0.04089699333315766,6.251903883165888,0.0004368471035137702
nc 016158,escherichia coli,0.007364661729989306,0.07384621591092463,5.902633333401366,0.0008875262223656609,0.0007062574409266097,0.0026222365660803614,3.58351893845611,0.0008875262223656609,500.0,0.0,0.0,0.0,0.014154130658985027,0.0677710326851185,5.988961416889864,0.001815431164901664
nc 016160,escherichia coli,0.010533209627244447,0.07031995853904695,5.958424693029782,0.0017457243392160608,0.00368429670869494,0.009983361064891847,4.912654885736052,0.0017457243392160608,500.0,0.0,0.0,0.0,0.014951121334100058,0.06839125124902853,5.564520407322694,0.002536824877250409
nc 016165,escherichia coli,0.007741672608739941,0.0863986966372222,5.720311776607412,0.0005091260850749688,2.5468622656886714e-05,0.0005091260850749688,0.6931471805599453,0.0005091260850749688,500.0,0.0,0.0,0.0,0.015331010452961672,0.08987370320252594,6.493753839851686,0.0008400794256911562
nc 016563,escherichia coli,0.0032189798702209303,0.037253739714589826,6.226536669287466,0.00013384577142966405,1.9123140274608294e-05,0.00026131793469601075,1.3862943611198906,0.00013384577142966405,500.0,0.0,0.0,0.0,0.007021420011983224,0.041588038902598344,5.929589143389895,0.00019120824489952007
nc 016570,escherichia coli,0.004558487878999803,0.05021487056908915,6.576469569048224,0.00015892793571682857,0.00017166290491782432,0.001379494482022072,3.332204510175204,0.00015892793571682857,500.0,0.0,0.0,0.0,0.006720393011895234,0.03918134908964522,6.1903154058531475,0.0004386466796353511
nc 017969,escherichia coli,0.003914074128521288,0.04552929179719438,6.056784013228625,0.00018373402662306046,2.7564915375709797e-05,0.0005512020798691813,1.3862943611198906,0.00018373402662306046,500.0,0.0,0.0,0.0,0.008878933448480597,0.04855258336386955,5.799092654460526,0.0007716900011024143
nc 018835,escherichia coli,0.0032673407978510453,0.03700547464104948,5.537334267018537,0.0002582377853527528,1.2915057665732477e-05,0.0002582377853527528,0.6931471805599453,0.0002582377853527528,500.0,0.0,0.0,0.0,0.008091655008129467,0.049759641848005576,5.3706380281276624,0.0003486210102262163
nc 018846,escherichia coli,0.010102005617700685,0.08733208526291589,6.423246963533519,0.0006733011462541466,0.001675564681724846,0.006979341150195421,4.634728988229636,0.0006733011462541466,500.0,0.0,0.0,0.0,0.016132063651171532,0.07316925315227935,6.246106765481563,0.0015765100009853187
nc 018854,escherichia coli,0.003622565864833906,0.04157182735666738,5.537334267018537,0.0003006227184882972,4.29577868148233e-05,0.0005869300694295326,1.3862943611198906,0.0003006227184882972,500.0,0.0,0.0,0.0,0.00758381661576473,0.04759203017054367,5.402677381872279,0.0003435688211294825
nc 018855,escherichia coli,0.004918914764430097,0.047760082289930124,6.725033642166843,0.0007212192151716147,0.000756774014272285,0.0013182941392071317,4.859812404361672,0.0007212192151716147,500.0,0.0,0.0,0.0,0.010887840551084703,0.04793749900955581,6.504288173536645,0.001081828822757422
nc 018856,escherichia coli,0.003007528565025626,0.03611280705628662,6.139884552226255,0.00012990218365570725,6.4959108241362065e-06,0.00012990218365570725,0.6931471805599453,0.00012990218365570725,500.0,0.0,0.0,0.0,0.007008169744840671,0.03955375253549696,5.8944028342648505,0.00021434138737334372
nc 018859,escherichia coli,0.0038939197930142303,0.0424367845825519,5.71042701737487,0.0002586820151328979,3.881184019871662e-05,0.0007760460453986937,1.3862943611198906,0.0002586820151328979,500.0,0.0,0.0,0.0,0.007928433608138923,0.04928739072757577,5.424950017481403,0.000310426448333398
nc 018863,escherichia coli,0.003136897915500581,0.03438583975005535,6.236369590203704,0.00012915446874461856,1.2301863117169096e-05,0.00024600851189451157,1.0986122886681098,0.00012300425594725578,500.0,0.0,0.0,0.0,0.007017674142284272,0.040475761398450175,5.937536205082426,0.00027676298018377063
nc 019399,escherichia coli,0.005968419354645987,0.056512700422949175,6.907755278982137,0.0007646538746445555,0.0008424096500713957,0.0016368372004110015,4.955827057601261,0.0007646538746445555,500.0,0.0,0.0,0.0,0.009659989228069566,0.04497242972530901,6.322565239927284,0.0010932291479981361
nc 019403,escherichia coli,0.0036142373501692744,0.04264709245157897,5.0689042022202315,0.00041160732661041366,0.0,0.0,0.0,0.0,500.0,0.0,0.0,0.0,0.009052399466140544,0.05127480355022895,5.056245805348308,0.0006860122110173561
nc 019404,escherichia coli,0.004843719455244467,0.05224301906457637,5.4116460518550396,0.0004994137317062579,0.00013033561420658195,0.0009554001823945803,1.9459101490553132,0.0004994137317062579,500.0,0.0,0.0,0.0,0.009011847743887068,0.04875214093467091,4.969813299576001,0.001172562048075044
nc 019419,escherichia coli,0.0060310298789190185,0.06965506132498792,5.572154032177765,0.0004602250500494742,2.3021317740227452e-05,0.0004602250500494742,0.6931471805599453,0.0004602250500494742,500.0,0.0,0.0,0.0,0.01055889939810834,0.06211633540166572,5.730099782973574,0.0006213324128408698
nc 019423,escherichia coli,0.003996967817517745,0.043985117817279866,5.673323267171493,0.00028937577511368333,5.513363013604223e-05,0.0008405677277111755,1.6094379124341003,0.00028937577511368333,500.0,0.0,0.0,0.0,0.007594850487024045,0.0462791313559322,5.4116460518550396,0.0005374121537825547
nc 019442,escherichia coli,0.01112249619884974,0.09042843216628389,6.513230110912307,0.001487037985559209,0.002611397593547534,0.007005601176412273,5.0689042022202315,0.001487037985559209,500.0,0.0,0.0,0.0,0.017759434699684207,0.07635803028928992,6.343880434126331,0.0017349063150589867
nc 019445,escherichia coli,0.0786150166528824,0.15052250803858522,8.165647925297504,0.011566630939621294,0.06998323085522638,0.08029653447659879,8.049107721326406,0.011566630939621294,500.0,0.0,0.0,0.0,0.061210686506594524,0.10335965609083687,7.145196134997171,0.017215969989281887
nc 019452,escherichia coli,0.0042205947143595995,0.0465880940827949,6.495265555937008,0.0001468447531731236,8.300927788313571e-05,0.001053451490155017,2.6390573296152584,0.0001468447531731236,500.0,0.0,0.0,0.0,0.006603970741901777,0.03852331781062293,6.163314804034641,0.0004405370721523109
nc 019500,escherichia coli,0.004010782697697668,0.04755982911068534,6.51471269087253,0.00012495388606585664,1.7852573448462595e-05,0.00024395758708095822,1.3862943611198906,0.00012495388606585664,500.0,0.0,0.0,0.0,0.007893431161762715,0.04469347011934774,6.26530121273771,0.00024991074616208497
nc 019501,escherichia coli,0.00878100476899397,0.07019623669474852,5.855071922202427,0.0011854916006658932,0.002195472783708078,0.006507592190889371,4.477336814478207,0.0011854916006658932,500.0,0.0,0.0,0.0,0.015014492753623189,0.0674069089277703,5.560681631015528,0.0022701475595913734
nc 019503,escherichia coli,0.005988563465558252,0.05607841488537469,6.905753276311464,0.0008048096384963273,0.0008769822200864969,0.0016756857398542934,4.990432586778736,0.0008048096384963273,500.0,0.0,0.0,0.0,0.01005553317099662,0.046508857614485304,6.354370040797351,0.0010991189030432982
nc 019505,escherichia coli,0.00579798962970974,0.0549287482277173,6.873163834212518,0.0008050368875111143,0.0008772298762865537,0.0016761588926537381,4.990432586778736,0.0008050368875111143,500.0,0.0,0.0,0.0,0.009683269071638585,0.04434525336480085,6.311734809152915,0.0010994160478696561
nc 019517,escherichia coli,0.0038632313849209826,0.04309696451912053,6.272877006546167,0.00015334399439199107,5.112175741995794e-05,0.0008835534914967104,2.0794415416798357,0.00015334399439199107,500.0,0.0,0.0,0.0,0.0073043047645997665,0.04158256645342274,6.025865973825314,0.00030668798878398214
nc 019704,escherichia coli,0.01686203787195672,0.0924169014084507,6.618738983517219,0.0026816901408450704,0.007236901433853369,0.019222535211267607,5.7745515455444085,0.0026140845070422537,500.0,0.0,0.0,0.0,0.05891851606492216,0.13826469412235107,7.261225091971921,0.004800216347779055
nc 019705,escherichia coli,0.008904604583935577,0.06390773755772852,5.846438775057725,0.0016512293918831756,0.0031233866804336605,0.007611135478211512,4.804021044733257,0.0016512293918831756,500.0,0.0,0.0,0.0,0.01546798547903404,0.07138870566746157,5.68697535633982,0.0023995665299171762
nc 019706,escherichia coli,0.012884368057991348,0.08366058906030856,6.313548046277095,0.001332398316970547,0.004723930684502233,0.011827956989247311,5.313205979041787,0.001332398316970547,500.0,0.0,0.0,0.0,0.038098536669841546,0.11392352104426408,6.78105762593618,0.003155680224403927
nc 019707,escherichia coli,0.002064896755162242,0.02408223201174743,2.0794415416798357,0.00499265785609398,0.0,0.0,0.0,0.0,500.0,0.0,0.0,0.0,0.006720430107526882,0.043137254901960784,2.3978952727983707,0.006167400881057269
nc 019708,escherichia coli,0.010431080361894624,0.07814868998537039,5.973809611869261,0.002207740391009443,0.0032201405152224825,0.007766990291262136,4.804021044733257,0.002207740391009443,500.0,0.0,0.0,0.0,0.015257290845625493,0.0694550201240074,5.605802066295998,0.004069906631553747
nc 019709,escherichia coli,0.008495379283788988,0.07000745783915124,5.869296913133774,0.0014193951933023793,0.0021661692500240686,0.005821926047104674,4.51085950651685,0.0014193951933023793,500.0,0.0,0.0,0.0,0.013749128225565408,0.06281213983864771,5.6240175061873385,0.0021652832912306026
nc 019710,escherichia coli,0.008354834746283327,0.06951608941292066,5.831882477283517,0.0012281994595922379,0.0019414612567889705,0.006140997297961189,4.382026634673881,0.0012281994595922379,500.0,0.0,0.0,0.0,0.013171177234052782,0.06620063885931207,5.616771097666572,0.0022844509948415624
nc 019711,escherichia coli,0.35614409916865863,0.4473227880223312,9.7313341246578,0.026856707832854,0.337388140218748,0.4018144138047708,9.677151410322754,0.026856707832854,500.0,0.0,0.0,0.0,0.5107012487992315,0.5847006734382557,9.494917629474484,0.03115086917903819
nc 019714,escherichia coli,0.009715208530927175,0.06951775739250755,5.940171252720432,0.0016399323527904474,0.003358371574332812,0.008789012453236303,4.882801922586371,0.0016399323527904474,500.0,0.0,0.0,0.0,0.012143476707995307,0.060570246712956126,5.476463551931511,0.0023062730627306273
nc 019715,escherichia coli,0.008265298384854536,0.06622365960887362,5.793013608384144,0.0014907271716610238,0.001971738416036806,0.0058113093132548385,4.3694478524670215,0.0014907271716610238,500.0,0.0,0.0,0.0,0.012671307374374592,0.06488589757072247,5.455321115357702,0.00234990903577926
nc 019716,escherichia coli,0.6204484627667949,0.7439901145809931,10.225136174551182,0.01597393844079982,0.5883782142134035,0.7135250505504381,10.171795655804711,0.01597393844079982,500.0,0.0,0.0,0.0,0.7064383453294313,0.7830781010719755,9.790542793519993,0.045497438662712324
nc 019717,escherichia coli,0.012281978346673723,0.09211744478243619,6.324358962381311,0.0009698893444429749,0.002315478421946325,0.012784904994930124,4.663439094112067,0.0009698893444429749,500.0,0.0,0.0,0.0,0.05653987527361335,0.13269422808068704,7.222566018822171,0.0046951461446898555
nc 019718,escherichia coli,0.004564315352697096,0.0513262744241895,5.3471075307174685,0.00043663355528872393,2.184073734329271e-05,0.00043663355528872393,0.6931471805599453,0.00043663355528872393,500.0,0.0,0.0,0.0,0.009520571234274057,0.050774810418727334,5.1298987149230735,0.0009824469478648154
nc 019719,escherichia coli,0.007298918411100137,0.06768926989019457,5.717027701406222,0.0010836062415719514,0.001108193403840131,0.003467539973030245,3.8501476017100584,0.0008668849932575612,500.0,0.0,0.0,0.0,0.011993033092809156,0.061506698036203004,5.488937726156687,0.0013003901170351106
nc 019720,escherichia coli,0.012923704795374674,0.08481414324569356,6.3473892096560105,0.0012919310970081596,0.004671095893517154,0.01199002719854941,5.332718793265369,0.0012919310970081596,500.0,0.0,0.0,0.0,0.039257577780745095,0.11716363323437029,6.78332520060396,0.0030599755201958386
nc 019721,escherichia coli,0.00949667616334283,0.0781933098503585,5.942799375126701,0.0015988408403907167,0.001799550112471882,0.005121287066876514,4.290459441148391,0.0015988408403907167,500.0,0.0,0.0,0.0,0.012869421335662086,0.06377222936715597,5.638354669333745,0.0018736416098328712
nc 019723,escherichia coli,0.3578120021242698,0.44865151836908046,9.731809155840653,0.026969632618390315,0.33880733360243037,0.4035039286472712,9.677151410322754,0.026969632618390315,500.0,0.0,0.0,0.0,0.5095526739814318,0.5837542712821274,9.494240301132503,0.03128185524974516
nc 019724,escherichia coli,0.005763161505740292,0.0625271484419652,5.53338948872752,0.0005029606090395739,6.861534239055853e-05,0.0005029606090395739,1.3862943611198906,0.0005029606090395739,500.0,0.0,0.0,0.0,0.01086766607261418,0.06410126582278482,5.7430031878094825,0.0006172839506172839
nc 019767,escherichia coli,0.008271051320378675,0.06826049059892915,5.808142489980444,0.0012451749470800647,0.0020928841937412797,0.005877225750217906,4.442651256490317,0.0012451749470800647,500.0,0.0,0.0,0.0,0.013290079531184596,0.06561772741070525,5.541263545158426,0.0023160254015689202
nc 019768,escherichia coli,0.008226183870889924,0.07179029613195717,5.834810737062605,0.0010851741101572296,0.0013510579266086033,0.005064145847400405,4.04305126783455,0.0008681392881257837,500.0,0.0,0.0,0.0,0.012346333192030521,0.06376871027270863,5.455321115357702,0.0013022717407032266
nc 019769,escherichia coli,0.0097563480448792,0.0766091777024946,5.942799375126701,0.0014628888204496458,0.0022852741045063553,0.007725079560620059,4.499809670330265,0.0014628888204496458,500.0,0.0,0.0,0.0,0.013512209246211755,0.06543405365126677,5.638354669333745,0.0023868186017862642
nc 020079,escherichia coli,0.004860481174097291,0.050095778308751365,6.577861357721047,0.00016245084169842354,0.00010831449112498139,0.0010085489755443796,2.833213344056216,0.00016245084169842354,500.0,0.0,0.0,0.0,0.006902356902356902,0.03872602243937749,5.91350300563827,0.0003249060818357194
nc 021190,escherichia coli,0.01931288609515552,0.10151679306608884,6.79346613258001,0.002578548212351029,0.007868895103076022,0.02398699891657638,5.8971538676367405,0.002513542795232936,500.0,0.0,0.0,0.0,0.05719175356204728,0.13988759719762875,7.271008538280992,0.004615484625885718
nc 021344,escherichia coli,0.005260708691803055,0.05928149489011332,6.833031732786201,0.00011916448671315974,3.4050667393080905e-05,0.0005731244360966253,1.9459101490553132,0.00011916448671315974,500.0,0.0,0.0,0.0,0.00852309771334416,0.043217589673632685,6.579251212010101,0.0003404718940451466
nc 021531,escherichia coli,0.005442596015608954,0.0610610342472175,7.106606137727303,0.0001071481188808379,3.571906951823905e-05,0.00037501841608293267,2.1972245773362196,0.0001071481188808379,500.0,0.0,0.0,0.0,0.009225123887583807,0.052523352037163455,6.981934677156389,0.00030805084178240895
nc 021783,escherichia coli,0.006988639241040531,0.07513416815742398,6.028278520230698,0.00038815944915111214,0.00011817337722630202,0.0010800958585074425,2.0794415416798357,0.00038815944915111214,500.0,0.0,0.0,0.0,0.010642368584684555,0.0634447372070448,6.100318952020064,0.000506303478304896
nc 021801,escherichia coli,0.0044768811061627065,0.049857815486457506,5.262690188904886,0.0004428697962798937,0.0,0.0,0.0,0.0,500.0,0.0,0.0,0.0,0.0075914871528678955,0.04705659423951491,4.770684624465665,0.0005594405594405594
nc 022323,escherichia coli,0.00387158040834216,0.04530713607479366,6.274762021241939,0.00015338543568767804,1.4610164291297456e-05,0.00029216273464319626,1.0986122886681098,0.00014608136732159813,500.0,0.0,0.0,0.0,0.0072711059283521685,0.04170466793798192,6.052089168924417,0.0002848628275922517
nc 022750,escherichia coli,0.01130514979323476,0.10297965980730343,5.942799375126701,0.0008029023432853575,0.0007438483739474546,0.005263470917092899,3.258096538021482,0.0008029023432853575,500.0,0.0,0.0,0.0,0.032935977802897955,0.10658587463991259,6.464588303689961,0.0034793469533410653
nc 022968,escherichia coli,0.004981420647315419,0.05373333243587068,6.608000625296087,0.0001615432767707499,6.0586477098311655e-05,0.0005721324385630725,2.302585092994046,0.0001615432767707499,500.0,0.0,0.0,0.0,0.006763133060710916,0.041586126912243886,6.161207321695077,0.0002221235006663705
nc 023007,escherichia coli,0.0034939980220417975,0.041030104929060375,6.3818160174060985,0.00012435159525332195,2.3688683323759156e-05,0.00036121177668822096,1.6094379124341003,0.00012435159525332195,500.0,0.0,0.0,0.0,0.006397699703477401,0.03877362276859721,5.877735781779639,0.0002487031905066439
nc 023558,escherichia coli,0.003414546481476727,0.03936765385207617,4.897839799950911,0.00048760457835035674,0.0,0.0,0.0,0.0,500.0,0.0,0.0,0.0,0.009693476552266178,0.05916738677375082,5.225746673713202,0.0006929473360024638
nc 023593,escherichia coli,0.003544749176174034,0.042042948650635306,5.602118820879701,0.0002625223143967237,1.3129390139828005e-05,0.0002625223143967237,0.6931471805599453,0.0002625223143967237,500.0,0.0,0.0,0.0,0.008239253909263024,0.0510842226905037,5.4638318050256105,0.0003544144286051823
nc 023693,escherichia coli,0.005168341218194176,0.05373051974268565,6.645090969505644,0.000161494361155223,0.00011440646598426574,0.001137189459801362,2.8903717578961645,0.000161494361155223,500.0,0.0,0.0,0.0,0.008670575795443622,0.04666058428137859,6.113682179832232,0.00048448634354119143
nc 023743,escherichia coli,0.004558464963426269,0.048367952522255196,5.375278407684165,0.0005510809665112336,0.0001272237653993766,0.00052988554472234,1.9459101490553132,0.00052988554472234,500.0,0.0,0.0,0.0,0.008114961961115807,0.04499044499044499,4.976733742420574,0.0011446012972148034
nc 024125,escherichia coli,0.00558606155946692,0.052454442927524186,6.848005274576363,0.0007775865139193922,0.0008311022196365709,0.0015076868285154627,4.948759890378168,0.0007775865139193922,500.0,0.0,0.0,0.0,0.009774410075427306,0.04562252234092589,6.338594078203183,0.0010862597051072014
nc 024134,escherichia coli,0.00373367864465307,0.04431736440799885,6.253828811575473,0.00015105740181268882,7.194192847533471e-06,0.00014386419220256078,0.6931471805599453,0.00014386419220256078,500.0,0.0,0.0,0.0,0.006747778065406851,0.039865778534582064,5.971261839790462,0.00019421665947345706
nc 024139,escherichia coli,0.004047276616144854,0.04627453149341371,6.0867747269123065,0.00018436068324069208,2.765894674730786e-05,0.0005530820497220763,1.3862943611198906,0.00018436068324069208,500.0,0.0,0.0,0.0,0.009580577556408372,0.05068272455959644,5.8664680569332965,0.0007743148696109067
nc 024142,escherichia coli,0.00391357071987653,0.044445669096069326,5.652489180268651,0.0002893239463786286,6.890469103136542e-05,0.0008541945083559512,1.791759469228055,0.0002893239463786286,500.0,0.0,0.0,0.0,0.007093629181375021,0.04495152286749584,5.356586274672012,0.000330660494337439
nc 024146,escherichia coli,0.004216134210665585,0.04811117773623505,5.480638923341991,0.0003350851821805227,0.0,0.0,0.0,0.0,500.0,0.0,0.0,0.0,0.010411004724672827,0.05408035026553695,5.521460917862246,0.0007936507936507937
nc 024379,escherichia coli,0.00391524643021649,0.04228378482081191,5.0369526024136295,0.0005371805694114036,5.1184931156267594e-05,0.0005371805694114036,1.0986122886681098,0.0005371805694114036,500.0,0.0,0.0,0.0,0.009150960547845585,0.05366715758468336,5.0238805208462765,0.0007674008134448623
nc 024783,escherichia coli,0.005415529029492068,0.06182892718578002,5.484796933490655,0.0004511413877109086,2.2566741136912418e-05,0.0004511413877109086,0.6931471805599453,0.0004511413877109086,500.0,0.0,0.0,0.0,0.011275878322033283,0.06563233285469128,5.7430031878094825,0.0006767273465520742
nc 024790,escherichia coli,0.0035394283962487632,0.04155869486472178,5.541263545158426,0.0002925687536571094,2.7871068437408546e-05,0.0002925687536571094,1.0986122886681098,0.0002925687536571094,500.0,0.0,0.0,0.0,0.007235842199167382,0.04454013754097307,5.393627546352362,0.00037615982613056927
nc 024794,escherichia coli,0.0049371499614471945,0.04916386760539811,6.717804695023691,0.00038848181307450484,0.0006335961362590332,0.0016555301880251975,4.672828834461906,0.00038848181307450484,500.0,0.0,0.0,0.0,0.010401336133481058,0.04783774669599987,6.4457198193855785,0.001093738793659901
nc 025419,escherichia coli,0.005760539709122438,0.05459555112172065,6.878326468291325,0.0006116316908350258,0.0008611320620252639,0.0017636370114369189,4.983606621708336,0.0006116316908350258,500.0,0.0,0.0,0.0,0.00939448139337003,0.04466559838070338,6.295266001439646,0.0010866854312894145
nc 025423,escherichia coli,0.002106128690233189,0.02529244616250054,5.680172609017068,0.00013702779500641868,0.0,0.0,0.0,0.0,500.0,0.0,0.0,0.0,0.007218569146839802,0.04265479236767343,5.855071922202427,0.0002163612367208291
nc 025425,escherichia coli,0.004950767705573132,0.05537130409242216,6.697034247666484,0.0001285000979048365,1.2239527554236406e-05,0.0002447620912473076,1.0986122886681098,0.0001223810456236538,500.0,0.0,0.0,0.0,0.009473023839397741,0.04679570938041265,6.405228458030842,0.0004589345375775599
nc 025430,escherichia coli,0.008999433106575964,0.08644423980543553,5.945420608606575,0.0007319779934358103,0.0004015874515732779,0.0026445656537035724,2.8903717578961645,0.0007319779934358103,500.0,0.0,0.0,0.0,0.011669454158430896,0.06656880733944955,5.730099782973574,0.0009208755401289225
nc 025441,escherichia coli,0.00480258531695567,0.05600263260238729,5.7745515455444085,0.0002991593621922398,1.4962220393506396e-05,0.0002991593621922398,0.6931471805599453,0.0002991593621922398,500.0,0.0,0.0,0.0,0.0083656330749354,0.05000312519532471,5.560681631015528,0.0004038772213247173
nc 025445,escherichia coli,0.0052238441634526196,0.05727044240013665,5.3706380281276624,0.00048803103877406603,2.4412870465309312e-05,0.00048803103877406603,0.6931471805599453,0.00048803103877406603,500.0,0.0,0.0,0.0,0.010983890294235122,0.0626610824742268,5.802118375377063,0.0007320644216691069
nc 025446,escherichia coli,0.00462194757554373,0.05004831286393572,6.590301048196686,0.0001462099829633585,7.629268416736071e-05,0.0009217585882472601,2.5649493574615367,0.0001462099829633585,500.0,0.0,0.0,0.0,0.006676216990566803,0.03857632798387308,6.20455776256869,0.0004386299488900755
nc 025447,escherichia coli,0.003985458385100296,0.04551662401156852,7.237059026124737,7.172942513169522e-05,3.1562667676672035e-05,0.0003586471256584761,2.4849066497880004,7.172942513169522e-05,500.0,0.0,0.0,0.0,0.006708396287502698,0.03783548551773774,6.656726524178391,0.00012911333568606522
nc 025448,escherichia coli,0.0056858090924504084,0.054510561269895084,6.84587987526405,0.0008112411384013706,0.0007872108513988131,0.0015922120850713469,4.875197323201151,0.0008112411384013706,500.0,0.0,0.0,0.0,0.00979257544734265,0.045109400674565425,6.311734809152915,0.0011079024319366499
nc 025449,escherichia coli,0.005474704228054711,0.052733508412178776,6.81783057145415,0.0007854564641268242,0.0008455112944717953,0.0015289419721552686,4.955827057601261,0.0007854564641268242,500.0,0.0,0.0,0.0,0.009938343842244075,0.04629080118694362,6.345636360828596,0.0010972407094290751
nc 025829,escherichia coli,0.0056429714396547545,0.053260928854114264,6.837332814685591,0.0008121261340977824,0.0008788944114438114,0.0015697064830695944,4.983606621708336,0.0008121261340977824,500.0,0.0,0.0,0.0,0.00929291482390016,0.04588560789295098,6.253828811575473,0.0011091110747468136
nc 025830,escherichia coli,0.005788855625940689,0.05090253603115672,6.55250788703459,0.0011080149168575374,0.0012901305016622836,0.0019183541844100648,5.056245805348308,0.0011080149168575374,500.0,0.0,0.0,0.0,0.009649568308786187,0.0473568281938326,6.124683390894205,0.0015131970629093073
nc 026010,escherichia coli,0.005349942108835389,0.0578538785447724,5.594711379601839,0.0006386078349198747,0.00017967658215212618,0.0006386078349198747,2.302585092994046,0.0005388253607136442,500.0,0.0,0.0,0.0,0.009272282127415743,0.05479106809819043,5.187385805840755,0.0005388253607136442
nc 026014,escherichia coli,0.013072990865666639,0.1036745406824147,6.150602768446279,0.000893505333109957,0.0019555803883223913,0.01097336237225666,4.2626798770413155,0.000893505333109957,500.0,0.0,0.0,0.0,0.043660344661596226,0.13577084303679554,6.811244378601294,0.0020941531244764618
nc 026607,escherichia coli,0.004721730592436475,0.05043335792988731,6.628041376179533,0.0004752554498042698,0.00040026267237874857,0.0009942844278799856,4.174387269895637,0.0004752554498042698,500.0,0.0,0.0,0.0,0.008675335965515993,0.04514096652704938,6.173786103901937,0.00041272699984991747
nc 027330,escherichia coli,0.0026879351370406273,0.0313855912604894,4.812184355372417,0.00044049952646300905,4.406839414771726e-05,0.0008809990529260181,1.0986122886681098,0.00044049952646300905,500.0,0.0,0.0,0.0,0.009085300880489035,0.055631231951179645,5.093750200806762,0.0005286110744020088
nc 027337,escherichia coli,0.0036430284654025433,0.04234019207492958,5.777652323222656,0.00021492483286766288,0.0,0.0,0.0,0.0,500.0,0.0,0.0,0.0,0.006478760352658296,0.03868835461084829,5.272999558563747,0.0003732989445820749
nc 027352,escherichia coli,0.002740207051800573,0.031449853284177265,6.082218910376446,0.0001253981390916159,1.2541307933004334e-05,0.0002507962781832318,1.0986122886681098,0.0001253981390916159,500.0,0.0,0.0,0.0,0.007977116867427069,0.047389683032939715,6.1092475827643655,0.0003385749755473629
nc 027356,escherichia coli,0.004423877834335956,0.05072872808032203,6.171700597410915,0.0001850737981770231,9.255317179719748e-06,0.0001850737981770231,0.6931471805599453,0.0001850737981770231,500.0,0.0,0.0,0.0,0.009807599549815103,0.05237698949339436,5.905361848054571,0.0007773243385802726
nc 027364,escherichia coli,0.004047710702158588,0.04523818415284692,7.251344983372214,8.905154360796638e-05,6.607410641953035e-05,0.0003389703917980656,3.1780538303479458,8.905154360796638e-05,500.0,0.0,0.0,0.0,0.006925315395442417,0.039316768626925874,6.688354713946762,0.000129269112438274
nc 027369,escherichia coli,0.0035725470636678923,0.04212088880642019,5.733341276897746,0.0002203460592846871,0.0,0.0,0.0,0.0,500.0,0.0,0.0,0.0,0.0065815080853472985,0.03922240888675558,5.231108616854587,0.00038271519031382644
nc 027375,escherichia coli,0.005137461816162177,0.060286395077150855,5.407171771460119,0.00046267379184306104,2.3143862247731902e-05,0.00046267379184306104,0.6931471805599453,0.00046267379184306104,500.0,0.0,0.0,0.0,0.011254019292604502,0.06769131769131768,6.091309882077698,0.0006246096189881324
nc 027378,escherichia coli,0.004756787230668945,0.05324432858954488,5.602118820879701,0.0003522615189516697,1.761897210916715e-05,0.0003522615189516697,0.6931471805599453,0.0003522615189516697,500.0,0.0,0.0,0.0,0.009037121089317555,0.050294002352018814,5.4116460518550396,0.0006340819022457067
nc 027381,escherichia coli,0.003672275054864667,0.039801067797849775,5.529429087511423,0.00035105682732392305,8.778860503906593e-05,0.0006436041834271923,1.9459101490553132,0.00035105682732392305,500.0,0.0,0.0,0.0,0.008555343765237821,0.04784398699891658,5.267858159063328,0.0008337721607863788
nc 027383,escherichia coli,0.006098928203058433,0.0671328984825051,5.60947179518496,0.00044829982292156996,2.2424541418128e-05,0.00044829982292156996,0.6931471805599453,0.00044829982292156996,500.0,0.0,0.0,0.0,0.011616782834495012,0.06765774694416915,5.831882477283517,0.0006724497343823549
nc 027387,escherichia coli,0.0044335610259054,0.04712702911620716,5.153291594497779,0.0005668642102550889,0.00012889587790982445,0.001107961865498583,1.791759469228055,0.0005668642102550889,500.0,0.0,0.0,0.0,0.00860136579262889,0.05412228000201949,5.111987788356544,0.0006957328385899814
nc 027388,escherichia coli,0.004258232354350654,0.04598220396988364,5.7430031878094825,0.00031485284052019166,6.846407689885118e-05,0.0005886379192334018,1.791759469228055,0.00031485284052019166,500.0,0.0,0.0,0.0,0.009429635473041148,0.05509342548226786,6.244166900663736,0.00036960985626283366
nc 027395,escherichia coli,0.0034406043046357614,0.039248904005069384,5.58724865840025,0.0002586418715325824,3.880581569824598e-05,0.0007759256145977473,1.3862943611198906,0.0002586418715325824,500.0,0.0,0.0,0.0,0.008538290075182288,0.053237937993028804,5.424950017481403,0.0003491755577109602
nc 027979,escherichia coli,0.005695247823453257,0.0536160711634729,6.866933284461882,0.0007957197403815892,0.0008670760532598496,0.001656759757958682,4.990432586778736,0.0007957197403815892,500.0,0.0,0.0,0.0,0.009582608695652174,0.04365897340587301,6.313548046277095,0.001086704790408494
nc 027983,escherichia coli,0.005781865965834429,0.05378803714874429,6.876264611890766,0.001045181712306268,0.0009676494480814259,0.001534924000358348,5.093750200806762,0.001045181712306268,500.0,0.0,0.0,0.0,0.009952439668839175,0.045048437339540615,6.338594078203183,0.0010929745032341295
nc 027984,escherichia coli,0.009625056362942665,0.0846611300865163,6.320768294250582,0.0006761794129375661,0.0011793679975025148,0.006120290583768227,4.23410650459726,0.0006761794129375661,500.0,0.0,0.0,0.0,0.01548542739779618,0.07003657921291624,6.16541785423142,0.0017685305591677502
nc 027993,escherichia coli,0.00509501514734233,0.05811365774198729,5.407171771460119,0.00043590978961617,0.0,0.0,0.0,0.0,500.0,0.0,0.0,0.0,0.01015509601181684,0.06140664048554088,5.3981627015177525,0.0006194507536650836
nc 027994,escherichia coli,0.005862988682509551,0.064445618754804,5.501258210544727,0.0005284396617986165,4.8061903732006825e-05,0.0005044196771714066,1.0986122886681098,0.0005044196771714066,500.0,0.0,0.0,0.0,0.011547234366090097,0.0690399632521819,5.497168225293202,0.000648555163219716
nc 027995,escherichia coli,0.008763294998919594,0.08942543080689291,5.902633333401366,0.0005520088321413143,0.00024011333349340888,0.0016080257284116547,2.3978952727983707,0.0005520088321413143,500.0,0.0,0.0,0.0,0.011097314915412075,0.05979481803205032,5.659482215759621,0.0009360599078341013
nc 028248,escherichia coli,0.003945032546518509,0.04523872136512389,6.293419278846481,0.00015340112201963534,1.4611658642430795e-05,0.00029219261337073396,1.0986122886681098,0.00014609630668536698,500.0,0.0,0.0,0.0,0.0071487976217861375,0.040798150209814164,6.003887067106539,0.0003068022440392707
nc 028448,escherichia coli,0.005774789193321071,0.054398777072497864,6.875232087276577,0.000800157642998322,0.0008539964645740767,0.0016480858915487828,4.969813299576001,0.000800157642998322,500.0,0.0,0.0,0.0,0.010905861456483127,0.048243495065221895,6.421622267806518,0.001092759127225825
nc 028449,escherichia coli,0.016930484312553104,0.09786216552093001,6.981934677156389,0.0016045556796551778,0.0075216365066876475,0.01558935959351256,6.171700597410915,0.0016045556796551778,500.0,0.0,0.0,0.0,0.023345179278264135,0.08043763431856876,6.695798917058491,0.004483458398225494
nc 028656,escherichia coli,0.02858530072221885,0.1097263285573497,7.541683099882111,0.0021681449473125616,0.01871073477192024,0.03018724888181336,7.1180162044653335,0.0021681449473125616,500.0,0.0,0.0,0.0,0.03997417398871515,0.09893954598464919,7.261927092702751,0.007641573800318399
nc 028660,escherichia coli,0.010104667237179909,0.08705839942321557,6.421622267806518,0.0006718227698761225,0.0016801739474204388,0.006964016517008586,4.634728988229636,0.0006718227698761225,500.0,0.0,0.0,0.0,0.01598047192839707,0.07118442096020572,6.198478716492308,0.0015730999901681251
nc 028695,escherichia coli,0.005880027670718451,0.06542194561754464,5.476463551931511,0.00046924007804203404,0.0,0.0,0.0,0.0,500.0,0.0,0.0,0.0,0.010037878787878788,0.059415911379657606,5.3612921657094255,0.0006668148477439431
nc 028776,escherichia coli,0.004609839912832118,0.05081280375398022,5.62040086571715,0.0003351768057650411,1.676417830380044e-05,0.0003351768057650411,0.6931471805599453,0.0003351768057650411,500.0,0.0,0.0,0.0,0.009212308883297852,0.05167309926181287,5.476463551931511,0.0006033182503770739
nc 028795,escherichia coli,0.0041260672231567585,0.048156842839921325,4.875197323201151,0.000602753632383732,0.0,0.0,0.0,0.0,500.0,0.0,0.0,0.0,0.01076455975710737,0.06267596192519105,5.056245805348308,0.0009517464547444561
nc 028808,escherichia coli,0.0036703112600299796,0.04215201172542234,5.811140992976701,0.00024244294325733115,3.306732507385036e-05,0.00024244294325733115,1.3862943611198906,0.00024244294325733115,500.0,0.0,0.0,0.0,0.006845315338697119,0.04012209704827239,5.356586274672012,0.0003967335603530929
nc 028822,escherichia coli,0.004361248591169696,0.04504151460971369,5.187385805840755,0.0005388326924489946,7.351139426611125e-05,0.0005388326924489946,1.3862943611198906,0.0005388326924489946,500.0,0.0,0.0,0.0,0.009657145776914823,0.057771391765347076,5.247024072160486,0.0006613270629730326
nc 028825,escherichia coli,0.0036745767368384905,0.04213020189534405,5.7745515455444085,0.0002174609714782768,0.0,0.0,0.0,0.0,500.0,0.0,0.0,0.0,0.007092440413271047,0.04225538532808312,5.342334251964811,0.00041203131437989287
nc 028831,escherichia coli,0.0043613198301208755,0.04761982526332979,5.5909869805108565,0.00032661059851392176,1.633559853633037e-05,0.00032661059851392176,0.6931471805599453,0.00032661059851392176,500.0,0.0,0.0,0.0,0.009017810175095814,0.05066191446028513,5.484796933490655,0.000587918279359169
nc 028863,escherichia coli,0.003830754782264841,0.041875633075573786,5.049856007249537,0.000543518541393878,7.415097137772504e-05,0.000543518541393878,1.3862943611198906,0.000543518541393878,500.0,0.0,0.0,0.0,0.008839226150767179,0.04882917880651775,5.075173815233827,0.0008894159501927068
nc 028872,escherichia coli,0.003664320419309577,0.04234104716412373,5.75890177387728,0.00023187868107406206,1.159648858325699e-05,0.00023187868107406206,0.6931471805599453,0.00023187868107406206,500.0,0.0,0.0,0.0,0.006441885964912281,0.03875041542040545,5.241747015059643,0.00038260869565217393
nc 028881,escherichia coli,0.004370578089617384,0.04963835915364896,6.61472560020376,0.00012905269456160213,5.280016896054068e-05,0.0007215218832307756,2.302585092994046,0.00012905269456160213,500.0,0.0,0.0,0.0,0.007561001794395963,0.040962994926123764,6.202535517187923,0.0002463747712234267
nc 028894,escherichia coli,0.005061031816393751,0.05543161750892354,6.760414691083428,0.0001350272402780387,4.109983149069089e-05,0.0004872722149164005,2.0794415416798357,0.0001350272402780387,500.0,0.0,0.0,0.0,0.007904482892045768,0.042469340315814785,6.35088571671474,0.0003874740216280954
nc 028896,escherichia coli,0.010012247397428047,0.1023106350420811,5.793013608384144,0.0007039020657995409,0.0002449779519843214,0.002570772762050497,2.1972245773362196,0.0007039020657995409,500.0,0.0,0.0,0.0,0.030726406509287513,0.10822847081974005,6.354370040797351,0.0033973005233679187
nc 028901,escherichia coli,0.005742280961604193,0.06535307517084282,5.53338948872752,0.00043280182232346244,0.0,0.0,0.0,0.0,500.0,0.0,0.0,0.0,0.011104552497602007,0.06567962896896183,5.71042701737487,0.0006833868653044489
nc 028903,escherichia coli,0.003753996712016673,0.041014158879714234,5.673323267171493,0.00025884606424559313,2.5890973112224425e-05,0.0005176921284911863,1.0986122886681098,0.00025884606424559313,500.0,0.0,0.0,0.0,0.007920571173583222,0.048798961263795716,5.365976015021851,0.00034944670937682004
nc 028908,escherichia coli,0.004477406949594836,0.053086165465156196,5.7899601708972535,0.0002746309646412633,1.3735131719913193e-05,0.0002746309646412633,0.6931471805599453,0.0002746309646412633,500.0,0.0,0.0,0.0,0.008390734737979471,0.050747546598169005,6.210600077024653,0.00041194644696189496
nc 028925,escherichia coli,0.004941249480407712,0.05492266804041634,6.739336627357174,0.00012293498495509947,1.7564094307477036e-05,0.000351242814157427,1.3862943611198906,0.00011708093805247567,500.0,0.0,0.0,0.0,0.008436383621874141,0.043676419782614474,6.421622267806518,0.0003863716192483316
nc 028927,escherichia coli,0.0057806232552022625,0.0560556611555428,6.875232087276577,0.0006933735011775395,0.0007592106600350313,0.001440543222274026,4.852030263919617,0.0006933735011775395,500.0,0.0,0.0,0.0,0.009910293231216538,0.04583204107653606,6.327936783729195,0.0010938564716852562
nc 028935,escherichia coli,0.003788775751835188,0.04313513269746781,5.820082930352362,0.00024803265011612437,3.3829880806053295e-05,0.00024803265011612437,1.3862943611198906,0.00024803265011612437,500.0,0.0,0.0,0.0,0.0071496062992125985,0.04041669212439665,5.429345628954441,0.0004058716092809308
nc 028943,escherichia coli,0.015604681404421327,0.1274412559428122,6.124683390894205,0.0015733488388001505,0.0026011362858511878,0.011047645107227144,4.343805421853684,0.0015733488388001505,500.0,0.0,0.0,0.0,0.03791020021324488,0.12844876931883228,6.46302945692067,0.0037968188814776808
nc 028957,escherichia coli,0.0048272565092172615,0.05318262106435196,6.720220155135295,0.000128249223217773,4.081109128858106e-05,0.0005946100349187658,2.0794415416798357,0.000128249223217773,500.0,0.0,0.0,0.0,0.0076175940058276674,0.042900123569548164,6.309918278226516,0.00024484085344526056
nc 028997,escherichia coli,0.003997524545469751,0.04416240259523093,5.480638923341991,0.0003177151265843952,0.0,0.0,0.0,0.0,500.0,0.0,0.0,0.0,0.008259135409532251,0.04721951219512195,5.327876168789581,0.0005016554630279924
nc 029010,escherichia coli,0.00426349902654213,0.04946787544343713,5.159055299214529,0.00046807252660622785,0.0,0.0,0.0,0.0,500.0,0.0,0.0,0.0,0.0082488640335547,0.05045216563541171,4.77912349311153,0.0006651884700665188
nc 029021,escherichia coli,0.004281103866166107,0.04587880883006568,5.564520407322694,0.0007572390406110589,0.00044460545382690026,0.0007572390406110589,3.332204510175204,0.0007572390406110589,500.0,0.0,0.0,0.0,0.011816895483574898,0.06116932647091495,5.736572297479192,0.0009877030964492073
nc 029023,escherichia coli,0.0035691072670672886,0.03931047063115651,5.749392985908253,0.00022801897117840205,1.1403418744939733e-05,0.00022801897117840205,0.6931471805599453,0.00022801897117840205,500.0,0.0,0.0,0.0,0.00650466785750396,0.03784932178460533,5.267858159063328,0.00037623559188699253
nc 029028,escherichia coli,0.0044781771184905905,0.050877308489975966,5.60947179518496,0.0003621160746617507,4.939491232403063e-05,0.0003621160746617507,1.3862943611198906,0.0003621160746617507,500.0,0.0,0.0,0.0,0.00853784449209753,0.04641593600984464,5.375278407684165,0.0005925633302059157
nc 029033,escherichia coli,0.006040417499444815,0.06657786657786657,5.60947179518496,0.000444000444000444,4.441878026029405e-05,0.000888000888000888,1.0986122886681098,0.000444000444000444,500.0,0.0,0.0,0.0,0.011265812273368949,0.0661396221358703,6.0112671744041615,0.000666000666000666
nc 029091,escherichia coli,0.004479840716774514,0.04663123403902329,6.6293632534374485,0.00034958612557844655,0.00038518062008153977,0.0010487583767353397,4.189654742026425,0.00034958612557844655,500.0,0.0,0.0,0.0,0.010361234064422008,0.04720974777471953,6.439350371100098,0.001084309508150097
nc 029101,escherichia coli,0.004488964628621306,0.05032413563829787,5.783825182329737,0.0003185948581560284,0.00011084477574716306,0.0009003767730496454,2.1972245773362196,0.0003185948581560284,500.0,0.0,0.0,0.0,0.00921743601042929,0.05548421615837346,6.220590170099739,0.0004155585106382979
nc 029102,escherichia coli,0.003940503940503941,0.04726637263876175,4.962844630259907,0.0005270311503148317,0.0,0.0,0.0,0.0,500.0,0.0,0.0,0.0,0.00897117770566902,0.05263483807046876,4.955827057601261,0.0008321544478655238
nc 029106,escherichia coli,0.00618921308576481,0.06864352298296368,5.955837369464831,0.0003375120540019286,4.82307358402598e-05,0.0006589521054323369,1.3862943611198906,0.0003375120540019286,500.0,0.0,0.0,0.0,0.01229397914564413,0.07218797899748883,6.595780513961311,0.000819672131147541
nc 031008,escherichia coli,0.003698307744032276,0.04316667599798443,4.204692619390966,0.0010077823190190918,0.0,0.0,0.0,0.0,500.0,0.0,0.0,0.0,0.0052677787532923615,0.032502149613069645,3.4339872044851463,0.0013438602385351924
nc 031030,escherichia coli,0.005598074637091344,0.05488090498161463,6.863803391452954,0.0007319015387497951,0.000685136060994677,0.0013525540436096213,4.770684624465665,0.0007319015387497951,500.0,0.0,0.0,0.0,0.00959666442687066,0.04529867349157759,6.324358962381311,0.0010188129073055911
nc 031047,escherichia coli,0.005680653567977511,0.053709667974468585,6.878326468291325,0.0007495461732154359,0.0008433332747685225,0.001844586285647362,4.976733742420574,0.0007495461732154359,500.0,0.0,0.0,0.0,0.009339104945635503,0.04373139265630169,6.3080984415095305,0.001071623069760905
nc 031050,escherichia coli,0.0065653542394809505,0.06708235203274004,5.831882477283517,0.00048260684915640324,0.00023173628410868432,0.002065557314389406,2.5649493574615367,0.00048260684915640324,500.0,0.0,0.0,0.0,0.011118459122096387,0.06137760395881555,5.598421958998375,0.0008107951583946255
nc 031053,escherichia coli,0.006520159468960506,0.07181843169592021,5.808142489980444,0.0004711980209683119,0.0001964057743297653,0.0009423960419366238,2.3978952727983707,0.0004711980209683119,500.0,0.0,0.0,0.0,0.008872037914691943,0.05024666544856569,5.459585514144159,0.0007067970314524679
nc 031081,escherichia coli,0.005996769268217123,0.0663186302703181,5.605802066295998,0.0005087820200858293,8.852103481089694e-05,0.0005087820200858293,1.6094379124341003,0.0005087820200858293,500.0,0.0,0.0,0.0,0.01021753460777851,0.059640175662275106,5.634789603169249,0.0005972922750199098
nc 031082,escherichia coli,0.004004700674295755,0.045435878715977276,5.863631175598097,0.00023955647829162008,3.422977305660463e-05,0.0004677055052360202,1.3862943611198906,0.00023955647829162008,500.0,0.0,0.0,0.0,0.007105472947211535,0.0417045034137154,5.327876168789581,0.00037645448323066395
nc 031095,escherichia coli,0.004468333501241533,0.0483473376076986,6.626717749249025,0.00017184370518730964,0.00012445255690741322,0.0006873748207492386,3.091042453358316,0.00017184370518730964,500.0,0.0,0.0,0.0,0.010213087882990796,0.04998013629557192,6.47543271670409,0.0006755315366564744
nc 031103,escherichia coli,0.0056837379929526475,0.05495592786770517,6.849066282633458,0.00046455225006183975,0.0007602635580334517,0.0016772146171063825,4.844187086458591,0.00046455225006183975,500.0,0.0,0.0,0.0,0.009856614824205846,0.04571706064968175,6.315358001522335,0.0011040723981900452
nc 031113,escherichia coli,0.00618005303609151,0.06910340799317054,5.62040086571715,0.0004493069440388201,2.247494044140783e-05,0.0004493069440388201,0.6931471805599453,0.0004493069440388201,500.0,0.0,0.0,0.0,0.01017436502377705,0.05802632048218553,5.6240175061873385,0.0006065916290355193
nc 031114,escherichia coli,0.0035696073431922487,0.037415572830381036,4.948759890378168,0.0005352363960749331,7.649938800489595e-05,0.0010449853447177266,1.3862943611198906,0.0005352363960749331,500.0,0.0,0.0,0.0,0.008433869526362823,0.05356755584471915,5.0238805208462765,0.0006117143294081664
nc 031928,escherichia coli,0.004225493023228441,0.04768854156859053,6.577861357721047,0.00013534507108558516,1.7655678949133988e-05,0.0003530740984841352,1.3862943611198906,0.00011769136616137841,500.0,0.0,0.0,0.0,0.008078700253390967,0.04508658822168898,6.297109319933935,0.00024715332332950836
nc 031934,escherichia coli,0.004002036539304025,0.04679480728590118,6.517671272912275,0.0001243125810251644,1.7760937777514652e-05,0.00024270551533484483,1.3862943611198906,0.0001243125810251644,500.0,0.0,0.0,0.0,0.007708747881199794,0.04300061429448992,6.261491684321042,0.0002486281056314266
nc 031937,escherichia coli,0.003567395544605277,0.040868159778342183,4.941642422609304,0.0005387516354960363,5.13347022587269e-05,0.0005387516354960363,1.0986122886681098,0.0005387516354960363,500.0,0.0,0.0,0.0,0.008606680710201625,0.05076734550971582,4.969813299576001,0.0006926806742091896
nc 031943,escherichia coli,0.0042763564454331975,0.0448974549048678,5.159055299214529,0.0004941932295527551,2.4721267706607996e-05,0.0004941932295527551,0.6931471805599453,0.0004941932295527551,500.0,0.0,0.0,0.0,0.00890521511660266,0.05352995192567385,5.081404364984463,0.0008154188287620459
nc 027125,flavobacterium columnare,0.02603603030110128,0.20981290568919436,7.113142108707088,0.0005939501930338128,0.0002758737771364302,0.004306138899495143,2.6390573296152584,0.00044546264477535955,500.0,0.0,0.0,0.0,0.005595150869246653,0.03236036502491748,4.442651256490317,0.000572737686139748
nc 021867,flavobacterium psychrophilum,0.06313524109863417,0.22316829154072118,7.994294986415977,0.008535910426156925,0.04066582834246254,0.05172633998893099,7.554334823725748,0.008535910426156925,500.0,0.0,0.35294117647058826,0.0,0.04091114409240498,0.06250392218387198,6.453624998892692,0.010792515486301807
nc 031904,flavobacterium psychrophilum,0.023290274415763635,0.2037298831725495,7.630461261783627,0.00031666685515884235,0.00021492726408904776,0.004297621605727146,2.995732273553991,0.00022619061082774453,500.0,0.0,0.0,0.0,0.004067321178120617,0.02413698253335167,4.762173934797756,0.0003053642316696638
nc 031905,flavobacterium psychrophilum,0.024628014366341714,0.19695521413750494,6.963189985870238,0.0006994148229314806,0.0004431590241171806,0.005315552654279253,2.995732273553991,0.0005828456857762339,500.0,0.0,0.0,0.0,0.004843494581340437,0.027612948710416543,4.394449154672439,0.0007693921801776596
nc 031911,flavobacterium psychrophilum,0.028822406110757478,0.19740391957241027,7.0326242610280065,0.0032323746500381775,0.006264164396119274,0.013031305675744464,5.5093883366279774,0.0032323746500381775,500.0,0.0,0.35294117647058826,0.0,0.004878420611327083,0.026732011583871687,4.174387269895637,0.0009163103237629811
nc 031912,flavobacterium psychrophilum,0.023097795867529636,0.2009962529326084,7.639161171659173,0.0002668534640915307,0.0001779399007985053,0.0031355282030754864,2.833213344056216,0.0002446156754172365,500.0,0.0,0.0,0.0,0.004110574452779776,0.024104475106590122,4.795790545596741,0.0003002101471029721
nc 031914,flavobacterium psychrophilum,0.022905310480472042,0.1988987526688392,7.620214770574455,0.00026969322395774807,0.00014611502624450664,0.002921676592875604,2.6390573296152584,0.0002247443532981234,500.0,0.0,0.0,0.0,0.004190911609864228,0.024609640190088256,4.804021044733257,0.00030340828641742235
nc 031919,flavobacterium psychrophilum,0.02467139945174668,0.19727843357691588,6.960347729101308,0.0007026419336706015,0.00044520467699229094,0.005340078695896571,2.995732273553991,0.0005855349447255012,500.0,0.0,0.0,0.0,0.0049258050612647,0.02808820892846471,4.394449154672439,0.0007729061270376616
nc 031921,flavobacterium psychrophilum,0.02467139945174668,0.19727843357691588,6.960347729101308,0.0007026419336706015,0.00044520467699229094,0.005340078695896571,2.995732273553991,0.0005855349447255012,500.0,0.0,0.0,0.0,0.0049258050612647,0.02808820892846471,4.394449154672439,0.0007729061270376616
nc 031926,flavobacterium psychrophilum,0.02663230240549828,0.19076757917337628,7.123672785204607,0.002726784755770263,0.00502620500042959,0.009919484702093398,5.459585514144159,0.002726784755770263,500.0,0.0,0.35294117647058826,0.0,0.005078720162519045,0.028804549388057855,4.394449154672439,0.0007729468599033816
nc 031931,flavobacterium psychrophilum,0.02288892634417664,0.19867430625772386,7.61972421378267,0.0002696326255476913,0.0001460821880864357,0.002921020110099989,2.6390573296152584,0.00022469385462307607,500.0,0.0,0.0,0.0,0.004193090064802301,0.024622176940057736,4.804021044733257,0.00030333670374115267
nc 031932,flavobacterium psychrophilum,0.024667931688804556,0.19725071425225985,6.960347729101308,0.000702543206407194,0.0004451420940421245,0.005339328368694675,2.995732273553991,0.000585452672005995,500.0,0.0,0.0,0.0,0.004925198547066429,0.028084852106363908,4.394449154672439,0.0007727975270479134
nc 031938,flavobacterium psychrophilum,0.02476519788794916,0.1976084265595441,6.966967138613983,0.0007006562813835626,0.00044394597878405533,0.005324987738515076,2.995732273553991,0.0005838802344863022,500.0,0.0,0.0,0.0,0.0049255017854943975,0.028086530417114855,4.394449154672439,0.0007707399103139013
nc 031945,flavobacterium psychrophilum,0.024577680935310795,0.19683342701892448,6.956545443151569,0.0007026419336706015,0.00044520467699229094,0.005340078695896571,2.995732273553991,0.0005855349447255012,500.0,0.0,0.0,0.0,0.0049258050612647,0.02808820892846471,4.394449154672439,0.0007729061270376616
nc 029009,fusobacterium nucleatum,0.008382235353110981,0.07985012433175914,7.121252453244542,0.00017616489033735576,6.776445076912652e-05,0.0009689068968554567,2.3978952727983707,0.00014906259951622412,300.0,0.0,0.0,0.0,0.003559463986599665,0.021690336271629123,5.14166355650266,0.00022359541426132207
nc 023612,geobacillus kaustophilus,0.005734326600619512,0.06630329085418905,5.41610040220442,0.0005373867649316751,5.1204587931078625e-05,0.0005373867649316751,1.0986122886681098,0.0005373867649316751,500.0,0.0,0.0,0.0,0.011114522566779245,0.057217629215488015,5.204006687076795,0.0012283126055581146
nc 028758,gluconobacter oxydans,0.0011507479861910242,0.01265290090898889,3.7376696182833684,0.000589159465828751,5.6140350877192984e-05,0.000589159465828751,1.0986122886681098,0.000589159465828751,54.0,0.0,0.0,0.0,0.007729266764152914,0.04567226607299467,4.718498871295094,0.0008416799932665601
nc 031936,gordonia alkanivorans,0.026899367544632135,0.21028832109485984,7.20414929203594,0.0005602352988255067,0.0007005604483586869,0.006402689129434362,3.58351893845611,0.0005602352988255067,36.0,0.0,0.0,0.0,0.11085321875239776,0.3697856904911722,8.662158961666423,0.0018008283810552854
nc 028668,gordonia malaquae,0.004140733501363098,0.0429036115146762,5.777652323222656,0.00034713740212653804,7.716049382716049e-05,0.0005657053960580619,1.9459101490553132,0.0003085665796680338,0.0,0.0,0.0,0.0,0.03008128433300225,0.13492826722665988,7.3031700512368,0.0006171410938825889
nc 028673,gordonia malaquae,0.011511634243365484,0.10523161579427669,6.740519359606223,0.0003132704068429153,0.00017711171662125342,0.001988586060828941,2.6390573296152584,0.0003132704068429153,0.0,0.0,0.0,0.0,0.05269626936726391,0.20984677216779704,8.021256180143997,0.000817227148285866
nc 030902,gordonia malaquae,0.04199844630025248,0.2883005314631009,7.456454555176209,0.001067779746159633,0.005001456734971351,0.022277768340330528,5.332718793265369,0.001067779746159633,0.0,0.0,0.0,0.0,0.13405507990252108,0.4231194113846218,8.735042754269337,0.002184200946487077
nc 030906,gordonia malaquae,0.011643399872762847,0.11367673179396093,6.878326468291325,0.00025202822716144206,7.202448832603084e-05,0.001212135759205031,1.9459101490553132,0.00025202822716144206,0.0,0.0,0.0,0.0,0.06003678223554254,0.23834244680150207,8.391176350832751,0.0007921077266508245
nc 030907,gordonia malaquae,0.04730153302558842,0.33247921649014917,6.7226297948554485,0.0021637626693998407,0.001767086587242775,0.011502106821546522,3.4657359027997265,0.0021637626693998407,0.0,0.0,0.0,0.0,0.15186125211505921,0.4525420254202542,7.96311205897929,0.004270584215920738
nc 030939,gordonia malaquae,0.04413250735907913,0.30449963765728966,7.605890001053122,0.0010760480488394054,0.003031767652357309,0.014735270219821245,4.9344739331306915,0.0010760480488394054,0.0,0.0,0.0,0.0,0.14321695935073112,0.4387800081378001,9.010547069270189,0.0018446537980104092
nc 030912,gordonia neofelifaecis,0.015434985968194575,0.14802266487528476,5.579729825986222,0.0012851217944973422,0.00029239766081871346,0.0025118289619720778,1.791759469228055,0.0012851217944973422,0.0,0.0,0.0,0.0,0.07135016465422613,0.2643872714962762,7.266128779556451,0.0033298282509638976
nc 030932,gordonia sputi,0.008415727753506554,0.08079531088380645,5.905361848054571,0.0005746465923457074,0.00018396725382881847,0.0019308125502815769,2.1972245773362196,0.0005286748649580508,16.0,0.0,0.0,0.0,0.037106707552761097,0.15492572224848833,7.273092595999522,0.0011723329425556857
nc 015720,gordonia terrae,0.01709326595627815,0.15409620030748958,6.658011045870748,0.00048319789150010983,0.00019775438904880138,0.0035361300241598947,2.302585092994046,0.00046123435097737757,0.0,0.0,0.0,0.0,0.08081032398154317,0.29539431272831457,8.09437844497296,0.0015155508697944123
nc 016166,gordonia terrae,0.013236400774027091,0.11614784162512931,6.893656354602635,0.0003224462925393989,0.00021501908294361126,0.0020018540661821014,2.833213344056216,0.0003090110303502573,0.0,0.0,0.0,0.0,0.06486477484678924,0.24735756638308842,8.267705664762426,0.0008061265618702137
nc 016434,gordonia terrae,0.042568060281964026,0.30216133294855635,7.938445551164788,0.00047084554747186315,0.0006988757216651474,0.008490408420541017,3.8501476017100584,0.000364525585139507,0.0,0.0,0.0,0.0,0.159415626206719,0.4592025382866565,9.424322081498007,0.001321425316686412
nc 021063,gordonia terrae,0.013016411997736276,0.1212597435252703,6.432940092739179,0.00044003017349761124,0.00025154595954302483,0.0038345486547648982,2.5649493574615367,0.00044003017349761124,0.0,0.0,0.0,0.0,0.06602070140637319,0.24968697061206452,7.862112211662748,0.0014458134272064371
nc 028653,gordonia terrae,0.047483802254371175,0.33679400150849637,8.074337694089515,0.00042888622683644645,0.00039942010118642566,0.007424168478341245,3.332204510175204,0.0003105727849505302,0.0,0.0,0.0,0.0,0.17959717188521182,0.4931930764523169,9.623442907213558,0.0019078042504103998
nc 028665,gordonia terrae,0.06537117980585251,0.4214664279948054,8.22282213081366,0.0005440314485276052,0.0007899864824535225,0.010424344529851533,3.828641396489095,0.00040363623600435226,0.0,0.0,0.0,0.0,0.19164808905596598,0.513694280997333,9.484481173861296,0.002158576392545014
nc 030694,gordonia terrae,0.027625358370198787,0.21057626603902513,7.283448228756631,0.000493508465568294,0.00047469856641032946,0.006244780198921874,3.258096538021482,0.00045554627590919445,0.0,0.0,0.0,0.0,0.11797825884976308,0.3767230099123483,8.756210091886738,0.001423609133876203
nc 030695,gordonia terrae,0.027299996203060332,0.21023363510410142,7.271703706887368,0.0004934616333580064,0.0004936396430605658,0.006263166884928543,3.295836866004329,0.0004555030461766213,0.0,0.0,0.0,0.0,0.1192451303180238,0.37652338968618615,8.777092882855566,0.0014234470193019415
nc 030696,gordonia terrae,0.026813710751256388,0.21379873092904153,7.823245690685523,0.0005153587648568269,0.0011383161512027492,0.007107656298650404,4.672828834461906,0.0005153587648568269,0.0,0.0,0.0,0.0,0.11188190874766865,0.3591833600280843,9.194109358865765,0.0009340977903755717
nc 030698,gordonia terrae,0.027216541609178024,0.20916786335122062,7.273092595999522,0.0004912705010959111,0.00043474151781495134,0.0061786713022447285,3.1780538303479458,0.0004534804625500718,0.0,0.0,0.0,0.0,0.11719290374441516,0.3712199080335407,8.743531633626967,0.0014738393515106854
nc 030901,gordonia terrae,0.027126550975670335,0.21524973547258633,7.829232537543592,0.0006478222375780086,0.0012311148068553657,0.006823727569155024,4.74493212836325,0.0006478222375780086,0.0,0.0,0.0,0.0,0.11030279644089341,0.3570881058233503,9.181940897454485,0.0009393625291526303
nc 030905,gordonia terrae,0.019379687266908065,0.15872111942726977,7.265429723253953,0.0003254149040026033,0.00027124896586331763,0.00413548107169975,3.044522437723423,0.0002982969953357197,0.0,0.0,0.0,0.0,0.08292682926829269,0.2949195300983268,8.573195381531523,0.0012203058900097624
nc 030911,gordonia terrae,0.03219684575616779,0.26187360983906843,7.29776828253138,0.0005669675956212657,0.000545387115774777,0.006345675781761088,3.258096538021482,0.0005233547036503991,0.0,0.0,0.0,0.0,0.165882076026833,0.4702448639223713,9.042868018032435,0.0020934188146015963
nc 030913,gordonia terrae,0.05654195186386016,0.36581601152500515,8.10076824307173,0.0010290183165260341,0.003122373003482647,0.01766481443369692,5.209486152841421,0.0009947177059751663,0.0,0.0,0.0,0.0,0.19725035622135786,0.5259450107663394,9.639977632055333,0.0016464293064416546
nc 030914,gordonia terrae,0.019112754648958872,0.16096843444382603,7.274479558773871,0.0003047891654077549,0.00018557056320665934,0.003206912088203334,2.70805020110221,0.000278285759720124,0.0,0.0,0.0,0.0,0.08924081032972622,0.3040802931685172,8.75115798136203,0.0010336328218176036
nc 030915,gordonia terrae,0.0031872015874000125,0.03014259144451333,5.552959584921617,0.0002727836329820211,6.201088911212809e-05,0.0007687538747675139,1.791759469228055,0.00026038437693738376,0.0,0.0,0.0,0.0,0.02730951612502793,0.11860906318292068,7.00397413672268,0.0006695681285570807
nc 030917,gordonia terrae,0.02852653855197623,0.21800228688673498,7.8898337513942955,0.0005450057172168375,0.0014002009448684238,0.007085074323818887,4.882801922586371,0.0005450057172168375,0.0,0.0,0.0,0.0,0.10912982298478166,0.3527209214717063,9.130214327496898,0.0011220825852782765
nc 030924,gordonia terrae,0.01759069583030463,0.15010570824524314,7.194436851100335,0.0003039112050739958,0.00019825273258349744,0.0034619450317124735,2.772588722239781,0.0002774841437632135,0.0,0.0,0.0,0.0,0.07965119861958464,0.2823254010854655,8.550821372396221,0.0010306826290335368
nc 030927,gordonia terrae,0.032218659337303404,0.26213528719089363,7.298445101508147,0.0005669675956212657,0.000545387115774777,0.006345675781761088,3.258096538021482,0.0005233547036503991,0.0,0.0,0.0,0.0,0.16584284649484132,0.4702448639223713,9.042631527550073,0.0020934188146015963
nc 030930,gordonia terrae,0.05206744710557405,0.3396177796864934,7.793586803371584,0.000622718488297187,0.0015252089106571288,0.013764225896499893,4.276666119016055,0.000622718488297187,0.0,0.0,0.0,0.0,0.17891217197976297,0.5108269220971111,9.232199706329077,0.001674933968949301
nc 030936,gordonia terrae,0.02685765443151298,0.21322847735046835,7.83241092718792,0.0005114925993414533,0.0011937244201909959,0.007523203648647209,4.727387818712341,0.0005114925993414533,0.0,0.0,0.0,0.0,0.11182141045154743,0.3591660409797713,9.202207388745993,0.000927080336306384
nc 030941,gordonia terrae,0.01672212085435226,0.14165236051502145,6.659293919683638,0.0006008583690987124,0.0001073399025353685,0.002145922746781116,1.791759469228055,0.00042918454935622315,0.0,0.0,0.0,0.0,0.07490262658543893,0.27909893396362934,8.006700845440367,0.0014163394064250305
nc 030942,gordonia terrae,0.037975823740294366,0.27238671565449174,7.653969180478774,0.0008644910309055544,0.0023241149445995856,0.01224695627116202,4.867534450455582,0.0008644910309055544,0.0,0.0,0.0,0.0,0.14402068519715577,0.4321848424212106,9.095266164130717,0.0019991355089690943
nc 030943,gordonia terrae,0.05478854024556617,0.35593744317148573,8.0106915391303,0.0012002182214948171,0.002856051372541886,0.013984360792871431,5.062595033026967,0.0012002182214948171,0.0,0.0,0.0,0.0,0.1856830977823739,0.5050627615062762,9.467228129254554,0.002127659574468085
nc 030944,gordonia terrae,0.018485511355964244,0.15608926329431777,7.222566018822171,0.0003105045023152836,0.00014854025440894482,0.001944028188408732,2.4849066497880004,0.0003105045023152836,0.0,0.0,0.0,0.0,0.08157769445932274,0.28722760290556903,8.609590040682205,0.001134016443238427
nc 031001,gordonia terrae,0.017478527238873207,0.1473180105387999,7.060476365999801,0.000360300851210761,0.00025528592023065834,0.004248547537193556,2.8903717578961645,0.0003302757802765309,0.0,0.0,0.0,0.0,0.08812816443739137,0.30243416911840043,8.671115273688494,0.0018916362653695446
nc 031004,gordonia terrae,0.05291334066249223,0.3611343383424517,7.703007682479236,0.0006450533960866761,0.0008365600650126679,0.010368636070430275,3.58351893845611,0.0006450533960866761,0.0,0.0,0.0,0.0,0.17735376915858617,0.4938814169350256,9.11305824916963,0.002508600917431193
nc 031028,gordonia terrae,0.0236138723216258,0.20711052224798499,6.975413927455952,0.0005078944462846417,0.00017673308885256042,0.002694048802031578,2.1972245773362196,0.00046372971182510767,0.0,0.0,0.0,0.0,0.13634774501806315,0.43333333333333335,8.85666093701725,0.0015236833388539252
nc 031029,gordonia terrae,0.02757523673282019,0.21799415067352645,7.857093864902493,0.0005123497641056294,0.0011957252821164336,0.0075358111137203,4.727387818712341,0.0005123497641056294,0.0,0.0,0.0,0.0,0.11271499113840804,0.3620665540576888,9.221577003902171,0.000928653772255668
nc 031031,gordonia terrae,0.026496974754850824,0.2056771208616178,7.242797922793756,0.0004930031476354811,0.0003793698666514919,0.006503849216883462,3.044522437723423,0.0004171565095377147,0.0,0.0,0.0,0.0,0.12095194508009154,0.3810894323298314,8.796036315200814,0.0014221514306843393
nc 031052,gordonia terrae,0.053747252937410235,0.35056397481143176,8.041412909393047,0.0010379904504878555,0.0023362464307346196,0.012853781745207944,4.912654885736052,0.001003390768804927,0.0,0.0,0.0,0.0,0.18878100003889184,0.5124392479937709,9.58623934448258,0.0015050861532073904
nc 031060,gordonia terrae,0.02652197833469295,0.2069187876948754,7.243512974665482,0.000493115351060198,0.0005122659229324379,0.006998444790046656,3.332204510175204,0.0004551834009786443,0.0,0.0,0.0,0.0,0.11670429729429618,0.3737945567540539,8.749415406663651,0.001422475106685633
nc 031061,gordonia terrae,0.053729219709450354,0.3446501094870019,7.962415680121064,0.0013475323314180907,0.0034261963603684567,0.01907132563493103,5.214935757608986,0.0013475323314180907,0.0,0.0,0.0,0.0,0.18225969752578625,0.5002761074978525,9.352013530292329,0.0021897810218978104
nc 031072,gordonia terrae,0.05845498402355742,0.3800158670508163,7.937374696163295,0.0009394964299135663,0.0023183441592347378,0.014760532798864252,4.718498871295094,0.0009394964299135663,0.0,0.0,0.0,0.0,0.1913946343787478,0.508637327931348,9.36314729221994,0.0015658273831892773
nc 031074,gordonia terrae,0.039204883055150436,0.28701663426225965,8.196987927258897,0.0002808381939943832,0.0007778654076770994,0.008576366385828474,4.290459441148391,0.0002808381939943832,0.0,0.0,0.0,0.0,0.14750197491377814,0.43468942768221547,9.636392113692736,0.0008749189889825016
nc 031097,gordonia terrae,0.05318658522530829,0.35167156326209265,7.926602599181384,0.0009025097451850145,0.0031503323216412462,0.02029686809916086,5.10594547390058,0.0009025097451850145,0.0,0.0,0.0,0.0,0.1807150869764429,0.4972495058304347,9.344783848525674,0.0031107782706377095
nc 031099,gordonia terrae,0.058242177848655693,0.36626549308424644,7.860956364876389,0.0017289383869229387,0.004110789136734281,0.016930123944673973,5.214935757608986,0.0017289383869229387,0.0,0.0,0.0,0.0,0.18359839680825754,0.5037315417205864,9.213634938925614,0.003233411923206467
nc 031109,gordonia terrae,0.010653109711701815,0.09041914638195704,6.727431724850855,0.00030650558095578656,6.387082763818453e-05,0.0010344563357257796,1.791759469228055,0.00026819238333631326,0.0,0.0,0.0,0.0,0.050094258783204795,0.19312984688804932,7.980707820869669,0.000996168582375479
nc 031112,gordonia terrae,0.07318143459915612,0.4332574031890661,8.374938143835367,0.0005568210579600102,0.0013840596833541506,0.01805450097021851,4.418840607796598,0.0004218341348181895,0.0,0.0,0.0,0.0,0.19994197317578172,0.526425439997955,9.626547576616248,0.002277904328018223
nc 031118,gordonia terrae,0.05070911508346875,0.3475732457031034,7.918264686095274,0.0005169198958775639,0.0006648445002585507,0.009083021027562907,3.6109179126442243,0.00042461277161371313,0.0,0.0,0.0,0.0,0.1784124405943572,0.4941889326909038,9.381263883817768,0.001661589587371919
nc 031122,gordonia terrae,0.1563209689629069,0.5040174497540564,8.856803356728378,0.0029602261345678736,0.08309953239812959,0.20835095372699147,8.224967478914584,0.0029602261345678736,0.0,0.0,0.0,0.0,0.3075289292515014,0.6372389091811766,9.728955578017002,0.011818910256410256
nc 031226,gordonia terrae,0.052195448959070426,0.34584954483683006,7.938802248154481,0.0008377236256678519,0.002514060113970725,0.01453915892547983,4.912654885736052,0.0008377236256678519,0.0,0.0,0.0,0.0,0.1742518178339074,0.48896212829762914,9.339964139769688,0.0016755096341803965
nc 031229,gordonia terrae,0.017399326896838496,0.1513017720729616,7.200424892944957,0.0002988099568674323,0.0001559393395968968,0.002624330925531362,2.5649493574615367,0.0002728264823572208,0.0,0.0,0.0,0.0,0.07643799553065785,0.27348983342225386,8.516192691082654,0.0010133686713177691
nc 031230,gordonia terrae,0.016683482638782728,0.143525311812179,7.401231264413015,0.0003770277981576588,0.00044844420436825424,0.003352490421455939,3.8066624897703196,0.0003770277981576588,0.0,0.0,0.0,0.0,0.07981553301511535,0.2884127667719399,8.76748487464946,0.0008559550012227928
nc 031233,gordonia terrae,0.05296934294967316,0.35202399396178446,7.888709524182015,0.0009534024550113217,0.0023049257853637213,0.015512652445080046,4.762173934797756,0.0009136773527191833,0.0,0.0,0.0,0.0,0.17989409288251546,0.5007820480081716,9.300181075975972,0.0023239184840900965
nc 031234,gordonia terrae,0.01744490185821184,0.15406302578327496,6.643789733147672,0.0005002046291664772,0.00018197120305711622,0.0032058569414760586,2.1972245773362196,0.0004774680551134555,0.0,0.0,0.0,0.0,0.08652158652158652,0.31398058252427186,8.146709052203319,0.0017053206002728514
nc 031237,gordonia terrae,0.05873637636743723,0.3792557724303047,7.970740390007095,0.0009130381852858824,0.0018876732904378184,0.013452095929878668,4.543294782270004,0.0009130381852858824,0.0,0.0,0.0,0.0,0.1954690221057751,0.5250087549674924,9.430278792341444,0.002130508887265644
nc 031239,gordonia terrae,0.0627254644145511,0.38510541483391475,8.222016437202196,0.0006404098623118795,0.0018881283927307056,0.01435866322867688,4.727387818712341,0.0006235569711984091,0.0,0.0,0.0,0.0,0.1806014036450387,0.48806679373942924,9.474395513796807,0.002123464280297285
nc 031247,gordonia terrae,0.059619525493372315,0.3801248123864444,8.012680929706839,0.0007504542222924402,0.0012643973368631092,0.01439687179082076,4.174387269895637,0.0006912078363219843,0.0,0.0,0.0,0.0,0.18611738662380786,0.5112457892646475,9.415401415739627,0.0017774617845716318
nc 031249,gordonia terrae,0.05495689655172414,0.3704989327109143,7.9211727215870145,0.0005585812037424941,0.000718448151991698,0.00754084625052367,3.6109179126442243,0.0005186825463323159,0.0,0.0,0.0,0.0,0.18988408193831224,0.5115349076752957,9.406893511016861,0.0017954395834580167
nc 031251,gordonia terrae,0.07711271283819074,0.40307017543859647,8.213923595622743,0.0035505430242272346,0.016652389210421847,0.060881370091896404,6.682108597449809,0.0035505430242272346,0.0,0.0,0.0,0.0,0.22329567721378793,0.5501411380181251,9.480825419599443,0.005952380952380952
nc 031255,gordonia terrae,0.053882252559726965,0.34242456551871203,7.834788107388194,0.0007463482247574368,0.0018772932844099326,0.013221025695703166,4.48863636973214,0.0007463482247574368,0.0,0.0,0.0,0.0,0.18140593539350433,0.5024170157911698,9.245900547374733,0.0019192630030068455
nc 031265,gordonia terrae,0.057178371659415785,0.37353188760171563,7.9561263512135,0.0009019120535535335,0.002285714285714286,0.014991782579067624,4.74493212836325,0.0009019120535535335,0.0,0.0,0.0,0.0,0.19115994506180548,0.5113891076512994,9.413199579987685,0.0015633455594973242
nc 031267,gordonia terrae,0.04108090494367377,0.2911421857186068,7.476472381163905,0.0007678168407827078,0.0015828677839851025,0.01105190907187231,4.23410650459726,0.0007678168407827078,0.0,0.0,0.0,0.0,0.14156159261763654,0.43336283866995073,8.870522545103873,0.0018148820326678765
nc 031269,gordonia terrae,0.05297962173938191,0.34845038933004396,7.918992488165245,0.0008865931693778429,0.002390822327195604,0.015727391874180863,4.8283137373023015,0.0008865931693778429,0.0,0.0,0.0,0.0,0.1775414953790993,0.4980683417687401,9.349145334853365,0.0017347056782699203
nc 001697,haemophilus influenzae,0.5568027210884354,0.7210941121928605,9.798571382586568,0.0411373821665894,0.5167615042058387,0.6754133827847318,9.723822464203383,0.0411373821665894,2.0,0.0,0.0,0.0,0.6882152006831768,0.7741158890918147,8.994668835500674,0.05350023180343069
nc 003315,haemophilus influenzae,0.9974915060489633,0.9998730481147645,10.355040764837048,0.3746667513012568,0.9968242878465496,0.9998413101434557,10.354244649836,0.3746667513012568,2.0,0.0,0.0,0.0,0.9969951923076923,0.9995829858215179,9.359966545931995,0.08845934107788993
nc 019455,haemophilus parasuis,0.022161783713916416,0.09577131167397916,6.714170529909472,0.0030685580468897203,0.012334374663363137,0.025840488815913436,6.129050210060545,0.0030685580468897203,40.0,0.0,0.0,0.0,0.015646926747123212,0.03997824313298885,5.4116460518550396,0.004199305499475087
nc 010342,halomonas aquamarina,0.007494455632312829,0.08266231780654368,5.68697535633982,0.0005096320456630313,2.5493945188017844e-05,0.0005096320456630313,0.6931471805599453,0.0005096320456630313,393.0,0.0,0.0,0.0,0.014162016548008466,0.07934148426177115,5.910796644040527,0.0006880207935173152
nc 016568,helicobacter pylori,0.034267153877385305,0.17938729965510244,6.739336627357174,0.0027591803611280176,0.012710143750507594,0.03797930614729154,5.749392985908253,0.0027591803611280176,17.0,0.0,0.0,0.0,0.04157043879907621,0.07675791733762748,5.937536205082426,0.017285453438831404
nc 019512,helicobacter pylori,0.03254912195667574,0.17700104337457148,6.773080375655535,0.002496646296020271,0.01010553007420666,0.03007154568490088,5.605802066295998,0.0016023252347592786,17.0,0.0,0.0,0.0,0.033890796322959355,0.06903652324699253,5.726847747587197,0.00480715483510341
nc 019928,helicobacter pylori,0.03179389312977099,0.16143429334350562,6.726233402358747,0.0022887659736791914,0.011223087494273936,0.037383177570093455,5.68697535633982,0.0022506198741178715,17.0,0.0,0.0,0.0,0.03572970639032815,0.06740506329113924,5.805134968916488,0.008812085145342183
nc 019931,helicobacter pylori,0.042558825754709845,0.183485197928088,7.026426808699636,0.002570985670535748,0.019901626939084375,0.051230670346704976,6.267200548541362,0.002570985670535748,17.0,0.0,0.0,0.0,0.05686074225400068,0.10029990003332223,6.218600119691729,0.005104355716878403
nc 021300,idiomarina fontislapidosi,0.0009346433537739075,0.01153092384121052,3.7376696182833684,0.0004329793537213436,0.0,0.0,0.0,0.0,119.0,0.0,0.0,0.0,0.0018662934079850695,0.012742994603731878,3.367295829986474,0.0004785670335680591
nc 021300,idiomarina loihiensis,0.0016869172726651012,0.019119456724853014,4.31748811353631,0.0004329793537213436,0.0,0.0,0.0,0.0,0.0,0.0,0.0,0.0,0.0033326667999733386,0.022170209999349846,3.9318256327243257,0.0005469337526492104
nc 028758,janthinobacterium lividum,0.002862836453450841,0.03478846369655482,4.634728988229636,0.0005330490405117271,0.0,0.0,0.0,0.0,0.0,0.0,0.0,0.0,0.013926606782257503,0.07866153949942657,5.303304908059076,0.0008416799932665601
nc 005857,klebsiella oxytoca,0.026441282518512774,0.12895098932191237,7.21890970761906,0.002906920408519215,0.013628785235159552,0.022460805023158465,6.556778356158042,0.002906920408519215,500.0,0.0,0.0,0.0,0.061634349030470915,0.1734204024002824,7.433666540166168,0.0028488372093023254
nc 021531,klebsiella oxytoca,0.006322162393849286,0.06911053667814045,7.256297239690681,0.00011607712878757439,9.82274411751574e-05,0.0009464750501140681,3.1354942159291497,0.00011607712878757439,500.0,0.0,0.0,0.0,0.013503317958126855,0.0755507084700045,7.362645270417825,0.0005491341092642942
nc 031053,klebsiella oxytoca,0.008621536165282115,0.08831036242981113,6.0867747269123065,0.0005104645227156713,0.0003731709712265541,0.001865158832999568,2.995732273553991,0.0005104645227156713,500.0,0.0,0.0,0.0,0.015962085308056873,0.08572994701260735,6.045005314036012,0.0018847920838732477
nc 031095,klebsiella oxytoca,0.004883165523903213,0.05236492492207777,6.715383386334681,0.0001362898351485559,0.0001066736202063542,0.001007359651098022,2.9444389791664403,0.0001362898351485559,500.0,0.0,0.02564102564102564,0.0,0.012372336401462614,0.060691256914097116,6.666956792429207,0.001048851596387684
nc 013647,klebsiella pneumoniae,0.0057901907356948225,0.05809966195675965,5.476463551931511,0.0005350324667428683,0.00014598540145985403,0.0019942119214961455,1.9459101490553132,0.000510712809163647,365.0,0.0,0.0,0.0,0.016164940470428806,0.08988553199474573,5.814130531825066,0.0006566467240624544
nc 013649,klebsiella pneumoniae,0.005662876193085811,0.06247574699262708,5.517452896464707,0.0005250062772489671,2.283626398721169e-05,0.0004565271976077975,0.6931471805599453,0.0004565271976077975,365.0,0.0,0.0,0.0,0.017500210845913806,0.09949313276651406,6.030685260261263,0.0008217489556940355
nc 014036,klebsiella pneumoniae,0.0039788786900659895,0.044944850833543534,6.543911845564792,0.00012038799330413447,4.586708864388219e-05,0.0008083193836134743,2.1972245773362196,0.00012038799330413447,365.0,0.0,0.0,0.0,0.01073134018478148,0.05180027600050182,6.71901315438526,0.0010491013844698598
nc 019452,klebsiella pneumoniae,0.004361068365972174,0.047801159435094616,6.52795791762255,0.0001468447531731236,5.746796161140164e-05,0.0005426871312919784,2.302585092994046,0.0001468447531731236,365.0,0.0,0.0,0.0,0.010546847788227098,0.05959370992778565,6.630683385642372,0.0004405370721523109
nc 020080,klebsiella pneumoniae,0.004145689744148442,0.04718111608653025,6.584791392385716,0.00012040386897765648,4.013899560764705e-05,0.0006937556260141159,2.0794415416798357,0.00012040386897765648,365.0,0.0,0.0,0.0,0.011028739982771672,0.0533220535872118,6.740519359606223,0.0010492457471145743
nc 020204,klebsiella pneumoniae,0.005266501362732843,0.05189085098537305,5.552959584921617,0.00038923259720571965,0.0,0.0,0.0,0.0,365.0,0.0,0.0,0.0,0.016809925053986534,0.08351414418471363,5.986452005284438,0.0007989674881691353
nc 021531,klebsiella pneumoniae,0.005746202684240135,0.0611592533561916,7.160845906664299,0.0001071481188808379,8.036790641603786e-05,0.0009286170303005951,2.9444389791664403,0.0001071481188808379,365.0,0.0,0.0,0.0,0.013589053310241945,0.075417506118983,7.368970402194793,0.00028126381206219946
nc 027388,klebsiella pneumoniae,0.005545286506469501,0.056673511293634495,6.0063531596017325,0.00031485284052019166,0.00017800659993701305,0.0014784394250513346,2.6390573296152584,0.00031485284052019166,365.0,0.0,0.0,0.0,0.016951329138307436,0.09461890596889974,6.829793737512425,0.0004517453798767967
nc 027399,klebsiella pneumoniae,0.0034446417485960125,0.038871674139214434,7.085064293952548,6.347337868794756e-05,4.0429359801087547e-05,0.0005337534116941045,2.70805020110221,6.347337868794756e-05,365.0,0.0,0.0,0.0,0.007579166556376117,0.04213427840126009,6.756932389247553,0.00022504197898454134
nc 028659,klebsiella pneumoniae,0.004707215398819349,0.04818619874534048,6.513230110912307,0.00018882835502528203,0.0002657937440546136,0.0017274297663423949,3.6635616461296463,0.00018882835502528203,365.0,0.0,0.0,0.0,0.010664388221705352,0.06300319293582046,6.51471269087253,0.0002517729008434392
nc 028664,klebsiella pneumoniae,0.005005916082643123,0.05859472738439142,5.3981627015177525,0.0005231672087892091,2.2756235208447114e-05,0.00045492800764279054,0.6931471805599453,0.00045492800764279054,365.0,0.0,0.0,0.0,0.018368846436443792,0.09899082952975169,6.054439346269371,0.0008188890405350075
nc 028670,klebsiella pneumoniae,0.004458223952204218,0.051625455285840324,5.288267030694535,0.00042983507906703167,0.0,0.0,0.0,0.0,365.0,0.0,0.0,0.0,0.017574267402958605,0.09560975609756098,6.07993319509559,0.000814442785394326
nc 028688,klebsiella pneumoniae,0.0059353101074839775,0.05893204367552476,5.476463551931511,0.0004985790497083313,2.4940765681506424e-05,0.0004985790497083313,0.6931471805599453,0.0004985790497083313,365.0,0.0,0.0,0.0,0.015873015873015872,0.09142508678112393,5.796057750765372,0.000747887218607434
nc 028750,klebsiella pneumoniae,0.004072336510172322,0.04595044326190787,6.576469569048224,0.00011926329359783281,3.9758721359521075e-05,0.0006871837393017986,2.0794415416798357,0.00011926329359783281,365.0,0.0,0.0,0.0,0.010769150244693937,0.051821472874104456,6.714170529909472,0.0010393062205032969
nc 028760,klebsiella pneumoniae,0.00799640977520297,0.08110202500152945,5.973809611869261,0.00046903358688337376,8.160267656779142e-05,0.00046903358688337376,1.6094379124341003,0.00046903358688337376,365.0,0.0,0.0,0.0,0.014098905311581547,0.08061926133322353,5.805134968916488,0.0005506271030896299
nc 028774,klebsiella pneumoniae,0.008083875335973245,0.08126512696394142,5.978885764901122,0.000574311851335275,0.00016415307274033036,0.0009435123271936661,2.1972245773362196,0.0005332895762398983,365.0,0.0,0.0,0.0,0.017610605585189832,0.0961873061502383,6.1092475827643655,0.0006153467478924373
nc 028786,klebsiella pneumoniae,0.008271482597528667,0.08388257652339169,6.016157159698354,0.0005660911406736484,0.00018202778957587525,0.0009502244147021956,2.302585092994046,0.0005256560591969593,365.0,0.0,0.0,0.0,0.015750886239123428,0.08767772511848342,5.971261839790462,0.0007885000303269243
nc 028795,klebsiella pneumoniae,0.005332148411464119,0.05358162553137491,5.1298987149230735,0.000666201383160967,3.174300860235533e-05,0.0006344775077723495,0.6931471805599453,0.0006344775077723495,365.0,0.0,0.0,0.0,0.014973778636489098,0.08291996246145596,5.384495062789089,0.0009517464547444561
nc 028800,klebsiella pneumoniae,0.005565818199265888,0.05309607175404096,5.4510384535657,0.00047963931123794906,2.399289810216176e-05,0.00047963931123794906,0.6931471805599453,0.00047963931123794906,365.0,0.0,0.0,0.0,0.015168539325842697,0.08545526602595858,5.697093486505405,0.0006475285991797971
nc 028816,klebsiella pneumoniae,0.005092021738137644,0.053619119359035815,5.4116460518550396,0.0005250062772489671,0.0,0.0,0.0,0.0,365.0,0.0,0.0,0.0,0.01870911287970332,0.10389872192879894,6.1092475827643655,0.0007532698760528659
nc 028870,klebsiella pneumoniae,0.0065396971087654885,0.06434224108269297,5.655991810819852,0.0005275834384677142,4.589682393978337e-05,0.0009175364147264595,1.0986122886681098,0.00045876820736322975,365.0,0.0,0.0,0.0,0.019495085443941434,0.10217795169769556,6.171700597410915,0.0010322758241001996
nc 028908,klebsiella pneumoniae,0.006537563521494301,0.07114315139031926,6.1675164908883415,0.0002746309646412633,1.3735131719913193e-05,0.0002746309646412633,0.6931471805599453,0.0002746309646412633,365.0,0.0,0.0,0.0,0.017304835224203133,0.09665415267075018,6.933423025730715,0.00041194644696189496
nc 028977,klebsiella pneumoniae,0.004702843636540851,0.04688946265893701,5.267858159063328,0.00048716324840454036,2.4369440721335447e-05,0.00048716324840454036,0.6931471805599453,0.00048716324840454036,365.0,0.0,0.0,0.0,0.016173610400245675,0.0897117296222664,5.75890177387728,0.000950014615609471
nc 029009,klebsiella pneumoniae,0.002405572797376232,0.02773241908272297,5.87493073085203,0.0001829404630426387,6.776445076912652e-05,0.0003320030625588628,2.3978952727983707,0.00016938931763207284,365.0,0.0,0.07692307692307693,0.0,0.009066164154103853,0.0540932092719556,6.073044534100405,0.00024392227010326044
nc 029033,klebsiella pneumoniae,0.008194536975349767,0.08697968697968698,5.91350300563827,0.000444000444000444,2.2209390130147026e-05,0.000444000444000444,0.6931471805599453,0.000444000444000444,365.0,0.0,0.0,0.0,0.023223627757632797,0.11960337665818035,6.733401891837359,0.000999000999000999
nc 029099,klebsiella pneumoniae,0.007994857579044634,0.07791634034178765,5.988961416889864,0.0005622828684458903,0.00014062437221262406,0.000522119806414041,2.0794415416798357,0.000522119806414041,365.0,0.0,0.0,0.0,0.017113655270768132,0.09165552797403094,6.07073772800249,0.0006024459304777396
nc 029101,klebsiella pneumoniae,0.0055557864693739,0.058801529255319146,5.996452088619021,0.0003185948581560284,0.0001662671636207446,0.0014821586879432624,2.5649493574615367,0.0003185948581560284,365.0,0.0,0.0,0.0,0.017241379310344827,0.09536293918316391,6.84587987526405,0.00045711436170212767
nc 029102,klebsiella pneumoniae,0.005272505272505273,0.05819533438739563,5.25227342804663,0.0005825081135058667,0.0,0.0,0.0,0.0,365.0,0.0,0.0,0.0,0.01367945536680028,0.07752802031085516,5.375278407684165,0.0008321544478655238
nc 029106,klebsiella pneumoniae,0.013648420544972268,0.13172613307618128,6.745236349484363,0.00036965605914496947,8.038455973376634e-05,0.0013018322082931533,1.791759469228055,0.0003375120540019286,365.0,0.0,0.0,0.0,0.029549276824756138,0.1492841535400972,7.471932078245122,0.0007714561234329798
nc 031025,klebsiella pneumoniae,0.004669795666808894,0.05286604582829791,5.288267030694535,0.00054501078173503,0.0,0.0,0.0,0.0,365.0,0.0,0.0,0.0,0.01941188566728357,0.10487562189054726,6.159095388491933,0.0008530603540200469
nc 031053,klebsiella pneumoniae,0.008287672578016065,0.08075156084344445,6.0473721790462776,0.0005104645227156713,0.0002946086614946479,0.002159657596104763,2.772588722239781,0.0005104645227156713,365.0,0.0,0.0,0.0,0.015924170616113745,0.0868262378951215,6.042632833682381,0.0013546943102838967
nc 031087,klebsiella pneumoniae,0.004178132261956412,0.04222924788437767,6.556778356158042,0.00026148141104877817,0.0003625492561796818,0.001039982884853095,4.127134385045092,0.00026148141104877817,365.0,0.0,0.0,0.0,0.013084227783104953,0.06293842556508183,6.741700694652055,0.0010518809056872882
nc 031095,klebsiella pneumoniae,0.0034549581315965697,0.03832114625677005,6.369900982828227,0.00017776935019376858,0.0001363051813747859,0.0006992261107621564,3.1780538303479458,0.00017776935019376858,365.0,0.0,0.02564102564102564,0.0,0.012971252048921952,0.06199003758824069,6.714170529909472,0.001048851596387684
nc 031246,klebsiella pneumoniae,0.004739665217793397,0.050176809115492174,5.327876168789581,0.0004622460535743176,2.3122456529781724e-05,0.0004622460535743176,0.6931471805599453,0.0004622460535743176,365.0,0.0,0.0,0.0,0.01825277450302858,0.09901262735533614,6.1092475827643655,0.0008320621273055055
nc 031924,klebsiella pneumoniae,0.006372373761803613,0.06603733916407367,5.717027701406222,0.00048355899419729207,0.00012619623514565148,0.0013245311580186696,1.9459101490553132,0.00048355899419729207,365.0,0.0,0.0,0.0,0.013740625171073521,0.06953062848050914,5.529429087511423,0.0019553425003153778
nc 028758,kocuria rosea,0.0,0.0,0.0,0.0,0.0,0.0,0.0,0.0,0.0,0.0,0.0,0.0,0.0011141285425806003,0.006746272684341901,2.833213344056216,0.0006733439946132481
nc 006936,lactobacillus brevis,0.0028915136801331187,0.03397502317718275,4.672828834461906,0.0005180782025413099,0.0,0.0,0.0,0.0,24.0,0.0,0.0,0.0,0.004213811939133828,0.02823529411764706,4.007333185232471,0.0006544502617801048
nc 023574,lactobacillus brevis,0.002785320272930266,0.034423474865028864,5.883322388488279,0.00015558632707357678,7.780466361153688e-06,0.00015558632707357678,0.6931471805599453,0.00015558632707357678,24.0,0.0,0.0,0.0,0.003798547766092147,0.0199884343650215,4.997212273764115,0.00035007468259895443
nc 004112,lactobacillus casei,0.21110240575168218,0.30918430812466885,9.122819774446688,0.009905323535509433,0.18934365781710916,0.2666835594664947,9.013960457931187,0.009905323535509433,0.0,0.0,0.0,0.0,0.2546435324213102,0.31328806983511154,8.429454277108231,0.018935729094678645
nc 005893,lactobacillus casei,0.9764246123981507,0.9975488944492672,10.55134966888039,0.19927998774447225,0.9706490918844356,0.9954807741408365,10.545315122572783,0.19927998774447225,0.0,0.0,0.0,0.0,0.9449779086892489,0.9560439560439561,9.68296556192687,0.06809651474530831
nc 006936,lactobacillus casei,0.0036280313156387247,0.03814691607133119,4.897839799950911,0.0005453454763592736,2.7281407720638384e-05,0.0005453454763592736,0.6931471805599453,0.0005453454763592736,0.0,0.0,0.0,0.0,0.012563402262973079,0.04872865275142315,5.087596335232384,0.001799738219895288
nc 015252,lactobacillus casei,0.0030050354648329634,0.039076664952777854,4.718498871295094,0.00048710524179362976,0.0,0.0,0.0,0.0,0.0,0.0,0.0,0.0,0.006064690026954178,0.029839883551673944,4.406719247264253,0.0012178290168060404
nc 015253,lactobacillus casei,0.0018580043773323467,0.019871719198835243,5.4680601411351315,0.00017313973163341596,6.298915011889202e-05,0.0008106087435564475,2.1972245773362196,0.00017313973163341596,0.0,0.0,0.0,0.0,0.004850662474736133,0.024810325281241826,5.37989735354046,0.0007082989021367017
nc 015254,lactobacillus casei,0.0028913572512830397,0.035334071968784624,4.795790545596741,0.0004576328339515391,0.0,0.0,0.0,0.0,0.0,0.0,0.0,0.0,0.004697392606712506,0.02787525657154208,4.248495242049359,0.0007225955632632415
nc 031036,lactobacillus casei,0.027558268907083558,0.07873274780426599,6.874198495453294,0.0034789551728071177,0.020057633598676138,0.035530968404243184,6.556778356158042,0.0034789551728071177,0.0,0.0,0.0,0.0,0.028552717747216766,0.05896556106239675,6.07993319509559,0.00692959192403114
nc 031125,lactobacillus casei,0.07028543547206635,0.14710401170588952,7.966239776559467,0.003706865016461407,0.05504318547796808,0.10501158395317645,7.721791776817535,0.003706865016461407,0.0,0.0,0.0,0.0,0.0891463703003074,0.1443706333753293,7.319202458767849,0.011194029850746268
nc 006936,lactobacillus coryniformis,0.004746446984369459,0.05180782025413099,5.1647859739235145,0.0005453454763592736,0.0,0.0,0.0,0.0,190.0,0.0,0.0,0.0,0.004291845493562232,0.027703984819734344,4.02535169073515,0.0006544502617801048
nc 028758,lactobacillus crispatus,0.003536445030733391,0.03851980698013691,4.844187086458591,0.000561104253170239,2.8070175438596492e-05,0.000561104253170239,0.6931471805599453,0.000561104253170239,32.0,0.0,0.0,0.0,0.0018104588816934754,0.009444781758078662,3.295836866004329,0.0008416799932665601
nc 006936,lactobacillus curvatus,0.002864235249188467,0.03163003762883787,4.663439094112067,0.0005453454763592736,2.7281407720638384e-05,0.0005453454763592736,0.6931471805599453,0.0005453454763592736,217.0,0.0,0.0,0.0,0.0026531408505657433,0.01806451612903226,3.5553480614894135,0.0005726439790575916
nc 009554,lactobacillus delbrueckii,0.0036947234730400646,0.0362964886465276,4.859812404361672,0.0008944285755503621,0.0003464203233256351,0.0008944285755503621,2.5649493574615367,0.0008944285755503621,454.0,0.0,0.0,0.0,0.004066312167657179,0.01827613245672236,4.189654742026425,0.0014714792694538216
nc 019449,lactobacillus delbrueckii,0.002387984666624772,0.027731541094814863,4.343805421853684,0.000596714927294997,0.0,0.0,0.0,0.0,454.0,0.0,0.0,0.0,0.0025182573659027953,0.015621186233829631,3.4339872044851463,0.0008480165834354094
nc 019456,lactobacillus delbrueckii,0.0025496782548868834,0.029474237857301803,4.844187086458591,0.0004248174296522566,4.047435949326102e-05,0.0004248174296522566,1.0986122886681098,0.0004248174296522566,454.0,0.0,0.0,0.0,0.002819819301375381,0.017492874308388754,3.912023005428146,0.00048552527765976817
nc 022762,lactobacillus delbrueckii,0.002413113210323416,0.026826685492410872,4.418840607796598,0.0005883045064125191,2.9431674367954792e-05,0.0005883045064125191,0.6931471805599453,0.0005883045064125191,454.0,0.0,0.0,0.0,0.002607452266801245,0.017192210543469404,3.4657359027997265,0.0007059654076950229
nc 022989,lactobacillus delbrueckii,0.00302591340737164,0.030534105534105533,4.553876891600541,0.0006113256113256114,0.0,0.0,0.0,0.0,454.0,0.0,0.0,0.0,0.002601596842199695,0.016598592161293127,3.4011973816621555,0.0007722007722007722
nc 025415,lactobacillus delbrueckii,0.0029587603709126404,0.03247050214945578,4.584967478670572,0.0005792859538400561,0.0,0.0,0.0,0.0,454.0,0.0,0.0,0.0,0.002553870710295291,0.016857407980204145,3.4965075614664802,0.0007317296259032287
nc 025420,lactobacillus delbrueckii,0.0020024271844660195,0.023684609552691433,4.204692619390966,0.0005761940864291129,0.0,0.0,0.0,0.0,454.0,0.0,0.0,0.0,0.0032525613920962758,0.020639672286119428,3.713572066704308,0.0008188517878264034
nc 025421,lactobacillus delbrueckii,0.002331317363246275,0.025192489531271105,4.248495242049359,0.0006078616776982304,0.0,0.0,0.0,0.0,454.0,0.0,0.0,0.0,0.0029207740051113546,0.018194665253488784,3.4965075614664802,0.000911854103343465
nc 026609,lactobacillus delbrueckii,0.002527075812274368,0.02733774480315487,5.247024072160486,0.0002807298977341087,1.3371486641884844e-05,0.0002673618073658178,0.6931471805599453,0.0002673618073658178,454.0,0.0,0.0,0.0,0.003425331705972676,0.019371949110197177,4.477336814478207,0.0005213555243633447
nc 027982,lactobacillus fermentum,0.18372319688109162,0.2473894115139891,8.704999678440762,0.02578622096386276,0.1707079322529548,0.21804122142052546,8.63141433550626,0.02578622096386276,0.0,0.0,0.0,0.0,0.21692319961719436,0.25817928687446823,7.908754738783246,0.025573111699698604
nc 029058,lactobacillus fermentum,0.0025363958663347664,0.021410187515909156,5.598421958998375,0.0002734017780543221,0.0004997548372496512,0.00211179304428166,3.9889840465642745,0.0002734017780543221,0.0,0.0,0.0,0.0,0.009408641793245834,0.030497823643019804,5.768320995793772,0.0009899029895070284
nc 029068,lactobacillus fermentum,0.002745518808381722,0.0274106551430464,4.477336814478207,0.0006939406365328203,0.00022093170054286076,0.0026180487651010944,2.0794415416798357,0.0006939406365328203,0.0,0.0,0.0,0.0,0.01589811886132845,0.049895042790247056,5.2574953720277815,0.003974638024037097
nc 006936,lactobacillus fructivorans,0.0012820862543986469,0.014860664230790206,3.871201010907891,0.0004908109287233462,0.0,0.0,0.0,0.0,118.0,0.0,0.0,0.0,0.0006242684354272337,0.004250474383301708,2.1972245773362196,0.0005726439790575916
nc 006936,lactobacillus fructosus,0.000872909790228866,0.008098380323935212,3.4965075614664802,0.0005998800239952009,8.184422316191516e-05,0.0005998800239952009,1.3862943611198906,0.0005998800239952009,32.0,0.0,0.0,0.0,0.0019508388607101053,0.010853889943074005,3.258096538021482,0.0007362565445026178
nc 000896,lactobacillus gasseri,0.011788896504455106,0.08384149822998743,6.248042874508429,0.0013474934338243692,0.00308458620847233,0.007856571885348863,4.912654885736052,0.0013474934338243692,167.0,0.0,0.0,0.0,0.01453887884267631,0.04250969333803313,5.308267697401205,0.0015758821514217198
nc 006936,lactobacillus gasseri,0.004610054829646199,0.0517260184326771,5.135798437050262,0.0005453454763592736,0.0,0.0,0.0,0.0,167.0,0.0,0.0,0.0,0.0034334763948497852,0.020569259962049335,3.8066624897703196,0.0007362565445026178
nc 007924,lactobacillus gasseri,0.056849100041858516,0.16022908548863726,7.684324067681155,0.0051779596746776855,0.040293040293040296,0.07759094118570047,7.340186835320115,0.0051779596746776855,167.0,0.0,0.0,0.0,0.056612251010933055,0.0849440488301119,6.6293632534374485,0.005727286991997489
nc 024206,lactobacillus gasseri,0.05385057771736289,0.14959889205362042,7.630946580890459,0.006820141628994748,0.03819607843137255,0.07677232224515927,7.2875606403097235,0.006820141628994748,167.0,0.0,0.0,0.0,0.08211143695014662,0.11732933233308328,6.970730078143525,0.00799623706491063
nc 006936,lactobacillus jensenii,0.003409803868081508,0.03861045972623657,4.836281906951478,0.0005180782025413099,0.0,0.0,0.0,0.0,468.0,0.0,0.0,0.0,0.0016387046429964885,0.010246679316888045,3.091042453358316,0.0006544502617801048
nc 011801,lactobacillus jensenii,0.49823993422235924,0.6650742281810244,9.87261588886904,0.09192479580829095,0.4611589361428755,0.6002979401037654,9.795178249029277,0.09192479580829095,468.0,0.0,0.4583333333333333,0.0,0.7095729456955637,0.8129443670746903,9.150802659259986,0.07227615965480043
nc 005354,lactobacillus johnsonii,0.0531418593135083,0.16587640683618174,7.620705086838262,0.003933930804501876,0.035683565750032585,0.07622967903293039,7.222566018822171,0.003933930804501876,401.0,0.0,0.0,0.0,0.07526104417670683,0.11525821596244132,6.843749949006225,0.005862122870095357
nc 005355,lactobacillus johnsonii,0.40450528935905417,0.5747698432445882,9.695971257107617,0.009554615576013933,0.36416818102611337,0.5174172679771087,9.59082949401417,0.009554615576013933,401.0,0.0,0.0,0.0,0.5660433363015732,0.6701373825018077,8.93971205409023,0.016198865332935204
nc 010179,lactobacillus johnsonii,0.2067733568247443,0.41405542917247623,9.042040056544483,0.007534062278320002,0.16161715040869268,0.32235023605097723,8.795582216956426,0.007534062278320002,401.0,0.0,0.0,0.0,0.4779869552327305,0.6069214131218457,8.771835409789817,0.015117047038966757
nc 006936,lactobacillus mali,0.0006274039117269975,0.005944265692316082,3.1780538303479458,0.0005180782025413099,0.0,0.0,0.0,0.0,0.0,0.0,0.0,0.0,0.0003901677721420211,0.0022011385199240986,1.791759469228055,0.0006544502617801048
nc 006936,lactobacillus paracasei,0.003491639160915464,0.03929214157168566,4.859812404361672,0.0005180782025413099,0.0,0.0,0.0,0.0,274.0,0.0,0.0,0.0,0.009676160749122123,0.04341555977229602,4.8283137373023015,0.0015543193717277486
nc 022756,lactobacillus paracasei,0.16157493401114478,0.2566270064254477,8.796641458940915,0.021133126481151204,0.1422809933515839,0.20769099215753342,8.669399124305569,0.021133126481151204,274.0,0.0,0.0,0.0,0.20707564462910913,0.26027315914489313,8.128585200374497,0.023015465806640767
nc 022757,lactobacillus paracasei,0.16253698700630387,0.2607253086419753,8.75115798136203,0.022247942386831275,0.1426623092560665,0.21046810699588478,8.620651899784468,0.022247942386831275,274.0,0.0,0.0,0.0,0.2083934508500094,0.26150283381071365,8.108623268354595,0.024228395061728396
nc 028783,lactobacillus paracasei,0.3804844606946984,0.545191502322394,9.614871710924255,0.02195487195106475,0.3415693245302184,0.4988197669991624,9.50688307286016,0.02195487195106475,274.0,0.0,0.0,0.0,0.48962475149105367,0.5811770369478878,8.97233695775495,0.023909236275032362
nc 028830,lactobacillus paracasei,0.006033977738722906,0.04356609574000878,5.332718793265369,0.0029278290147855364,0.002431450667916569,0.004098960620699751,4.430816798843313,0.0029278290147855364,274.0,0.0,0.0,0.0,0.006968872370080308,0.026415579407416928,4.663439094112067,0.002898550724637681
nc 028835,lactobacillus paracasei,0.22387443205287072,0.3882996567830508,9.067970030684457,0.0060127480581146295,0.18529897758959,0.33516554411499055,8.878776071707552,0.0060127480581146295,274.0,0.0,0.0,0.0,0.306848466067555,0.3973382890713986,8.507546814364431,0.014554463110629403
nc 028888,lactobacillus paracasei,0.22816087584581465,0.39864214419617977,9.105424202026622,0.005902619445711101,0.18841718413382336,0.3422252621979024,8.913953858894255,0.005902619445711101,274.0,0.0,0.0,0.0,0.341412213740458,0.45278599605522685,8.588210678651517,0.014287885696914424
nc 028911,lactobacillus paracasei,0.25997482509294223,0.4442883895131086,9.091782035852047,0.006817649812734083,0.21650027812747022,0.3896008895131086,8.908694592507015,0.006817649812734083,274.0,0.0,0.0,0.0,0.38124557678697807,0.49574234308474113,8.591929537530255,0.016502808988764044
nc 006936,lactobacillus paraplantarum,0.006219482255380671,0.06031520968533566,5.43372200355424,0.0008180182145389104,0.0007365980084572364,0.003326607405791569,3.332204510175204,0.0008180182145389104,293.0,0.0,0.0,0.0,0.009129925868123293,0.04470588235294118,4.770684624465665,0.0013089005235602095
nc 006936,lactobacillus reuteri,0.003818980332251289,0.042400610786933524,4.948759890378168,0.0005180782025413099,0.0,0.0,0.0,0.0,0.0,0.0,0.0,0.0,0.0030433086227077645,0.019582542694497152,3.6888794541139363,0.0006544502617801048
nc 007501,lactobacillus rhamnosus,0.004828399769553647,0.04472659463609938,5.176149732573829,0.001096912192179016,0.0007682388125222927,0.002851971699665442,3.367295829986474,0.001096912192179016,500.0,0.0,0.08333333333333333,0.0,0.004652644996813257,0.02557449962935508,4.30406509320417,0.0009049773755656109
nc 011104,lactobacillus rhamnosus,0.0048031220293190575,0.04163645002375653,5.262690188904886,0.0007502063067343519,0.0010507880910683013,0.004376203455950386,3.7612001156935624,0.0007502063067343519,500.0,0.0,0.4583333333333333,0.0,0.005179839366779187,0.02987598647125141,4.499809670330265,0.0007502438292445045
nc 006936,lactobacillus salivarius,0.0046373332605908505,0.05123520750395375,5.14166355650266,0.0005453454763592736,0.0,0.0,0.0,0.0,194.0,0.0,0.0,0.0,0.005618415918845103,0.028007590132827324,4.290459441148391,0.0011452879581151832
nc 024149,lactococcus garvieae,0.0069900444821012495,0.0677284512408064,4.890349128221754,0.00111116990316948,0.0,0.0,0.0,0.0,0.0,0.0,0.0,0.0,0.0025286581254214432,0.0162936142198815,2.772588722239781,0.0012700428639466582
nc 029118,lactococcus garvieae,0.004590850515463918,0.04213788384915684,4.74493212836325,0.0008854187628285104,0.00020138553246334782,0.001730591218255725,1.791759469228055,0.0008854187628285104,0.0,0.0,0.0,0.0,0.004571703561116458,0.02503493246390312,3.6635616461296463,0.0016904129437333977
nc 031016,lactococcus garvieae,0.04125888022256446,0.1271819829662553,7.415776975415394,0.0028058500732500683,0.026904158592934865,0.05733369751446379,6.988413181999592,0.0028058500732500683,0.0,0.0,0.0,0.0,0.03164097182984906,0.06516801127907887,5.973809611869261,0.0042461263408820026
nc 001706,lactococcus lactis,0.008214108408178003,0.0713963557640267,5.209486152841421,0.001037344398340249,0.000270843678057148,0.001984484935955259,1.9459101490553132,0.001037344398340249,500.0,0.0,0.0,0.0,0.004151674508718516,0.023783929051330286,3.4339872044851463,0.0012178619756427606
nc 001835,lactococcus lactis,0.01132367421578281,0.10846718920248849,5.777652323222656,0.0008084074373484236,0.00021102982554867754,0.002214333415345682,1.9459101490553132,0.0008084074373484236,500.0,0.0,0.0,0.0,0.0030127462340672076,0.019788621542613,3.295836866004329,0.000843614889802805
nc 001909,lactococcus lactis,0.012256214751567473,0.11378094098381307,5.966146739123692,0.0007243181961327707,0.00015755475027572083,0.002550859734206714,1.791759469228055,0.0006613340051647037,500.0,0.0,0.0,0.0,0.004131843365574232,0.02362991911296919,3.8066624897703196,0.000944822373393802
nc 002666,lactococcus lactis,0.050868451425836785,0.17069052844842142,7.4999765409521215,0.003095278293657493,0.031166417973478983,0.06761776126962687,7.010311867307229,0.003095278293657493,500.0,0.0,0.0,0.0,0.045491536458333336,0.08676447389178103,6.327936783729195,0.010045585007597502
nc 002667,lactococcus lactis,0.20524163657667568,0.39532437730076014,9.057655284310535,0.00478080030597122,0.1653234485232572,0.29519051489219295,8.84130362048157,0.00478080030597122,500.0,0.0,0.0,0.0,0.3119633241158492,0.4023371104815864,8.363575702750637,0.018861158921399886
nc 002668,lactococcus lactis,0.06879839714084583,0.20384854799859264,7.8407064517494,0.0026523045278627295,0.0454643920931492,0.0952123196838886,7.426549072397305,0.0026523045278627295,500.0,0.0,0.0,0.0,0.09387167767056036,0.15339597757995385,7.01211529430638,0.008931471256901592
nc 002669,lactococcus lactis,0.021081515192076027,0.11853981413385037,5.755742213586912,0.002941766397004747,0.006426563127594056,0.025473022664972922,4.574710978503383,0.002941766397004747,500.0,0.0,0.0,0.0,0.028556593977154723,0.06706706706706707,4.709530201312334,0.007422266800401204
nc 002670,lactococcus lactis,0.02649189375646775,0.16595451412818746,5.953243334287785,0.002618883528600965,0.006762818301014423,0.02556857339765679,4.59511985013459,0.002618883528600965,500.0,0.0,0.0,0.0,0.0051692943913155855,0.029036295369211516,3.044522437723423,0.0018610421836228288
nc 002671,lactococcus lactis,0.041281983645476125,0.17346333750576454,6.440946540632921,0.004348112523881679,0.019986807387862796,0.04921272811120627,5.717027701406222,0.004348112523881679,500.0,0.0,0.0,0.0,0.008569202804466372,0.03078848560700876,3.5263605246161616,0.0027673453251630758
nc 002703,lactococcus lactis,0.028514035270792028,0.12720682191566485,6.9975959829819265,0.001877591467389887,0.014636819035691922,0.03382272407228727,6.331501849893691,0.001877591467389887,500.0,0.0,0.0,0.0,0.013979429233666522,0.05075214396176016,5.267858159063328,0.0014082303238929744
nc 002747,lactococcus lactis,0.03497822160841389,0.14598985849682747,7.183870715062453,0.0024690046990734596,0.01872609434764131,0.04210582207237104,6.559615237493242,0.0024690046990734596,500.0,0.0,0.0,0.0,0.02234504540071062,0.0574015808456757,5.648974238161206,0.003106332138590203
nc 002796,lactococcus lactis,0.2026858057417225,0.39647026473014524,9.000359807188254,0.008824338174636901,0.16264005602240897,0.2843036772242082,8.780172651227646,0.008799340049496288,500.0,0.0,0.0,0.0,0.31031523096129837,0.4076782449725777,8.288534459413917,0.019724013799310033
nc 004066,lactococcus lactis,0.062093902074327814,0.1826186205772053,7.734121303328305,0.004429588564595902,0.04238831942140896,0.08071090820153269,7.352441100243583,0.004429588564595902,500.0,0.0,0.0,0.0,0.032615529707639104,0.07208098645151469,6.030685260261263,0.0060329365726398175
nc 004302,lactococcus lactis,0.031138443077846106,0.14557721139430285,6.946013991099227,0.002638680659670165,0.01536107527526927,0.03289355322338831,6.240275845170769,0.002638680659670165,500.0,0.0,0.0,0.0,0.015599128540305011,0.04539690590920619,5.19295685089021,0.0026088521050737674
nc 004746,lactococcus lactis,0.17492687460703643,0.35309869931140014,8.764053269347762,0.005383101978358291,0.13934986466905433,0.25071046015958026,8.53660358493606,0.005355776587605203,500.0,0.0,0.0,0.0,0.272495164410058,0.37039270370091204,8.167068178341237,0.015166420724708968
nc 005822,lactococcus lactis,0.02814317255962932,0.14313688922044013,6.80903930604298,0.0027663807037175184,0.012316113581936367,0.02931120228770359,5.983936280687191,0.0027663807037175184,500.0,0.0,0.0,0.0,0.010433617306403752,0.041104807960569145,4.700480365792417,0.0016784781797836627
nc 006936,lactococcus lactis,0.007146948907498841,0.06623220810383378,5.572154032177765,0.0006271472978131646,0.00016368844632383032,0.0017178382505317119,1.9459101490553132,0.0006271472978131646,500.0,0.0,0.0,0.0,0.00351150994927819,0.02178368121442125,3.828641396489095,0.0006544502617801048
nc 008363,lactococcus lactis,0.01185008589559303,0.11598570327282921,5.82600010738045,0.0007008199593524423,3.506434306953259e-05,0.0007008199593524423,0.6931471805599453,0.0007008199593524423,500.0,0.0,0.0,0.0,0.0028325525656389583,0.017911705826572543,3.295836866004329,0.0009461732548359966
nc 008364,lactococcus lactis,0.009803182263781011,0.0879903530919094,5.564520407322694,0.0009797641029505972,0.0002639716419036126,0.0009797641029505972,2.0794415416798357,0.0009797641029505972,500.0,0.0,0.0,0.0,0.009244464734078977,0.03662314671387475,4.406719247264253,0.0018089315997738835
nc 008370,lactococcus lactis,0.011739629447450401,0.1089806620780072,5.883322388488279,0.0006555227794165847,0.00013118625168082385,0.002622091117666339,1.6094379124341003,0.0006555227794165847,500.0,0.0,0.0,0.0,0.0032982232152356634,0.020530279583204376,3.4657359027997265,0.0008849557522123894
nc 008371,lactococcus lactis,0.011516874407755668,0.11160893162860161,5.75890177387728,0.000837795505044986,7.290223809870963e-05,0.0014570356609478017,1.0986122886681098,0.0007285178304739008,500.0,0.0,0.0,0.0,0.0029189189189189188,0.019162303664921467,3.332204510175204,0.000874221396568681
nc 009817,lactococcus lactis,0.008142191701276242,0.07293770193861067,6.470799503782602,0.000820375605815832,0.001338164190221302,0.0027766558966074314,4.672828834461906,0.000820375605815832,500.0,0.0,0.0,0.0,0.0037820052191672024,0.020447942333860467,4.61512051684126,0.0004922377887163953
nc 010363,lactococcus lactis,0.013175441403957967,0.12237501332480545,5.5134287461649825,0.0011725828802899478,0.0003201195112842128,0.004370536190171624,1.9459101490553132,0.0011725828802899478,500.0,0.0,0.0,0.0,0.0027036160865157146,0.016479894528675015,2.833213344056216,0.0012791813239526704
nc 010576,lactococcus lactis,0.010885014663284216,0.09673357795524858,6.406879986069314,0.0008993452766386071,0.0014934235385141335,0.004568674005324124,4.430816798843313,0.0008993452766386071,500.0,0.0,0.0,0.0,0.008027243979567016,0.0253224358671517,5.111987788356544,0.002428232246924239
nc 012663,lactococcus lactis,0.008808005461296392,0.08641009421713221,6.272877006546167,0.0003495688650664181,0.00013321122304554159,0.002030828644671572,2.1972245773362196,0.0003495688650664181,500.0,0.0,0.0,0.0,0.005193218267908966,0.023480457720315054,4.634728988229636,0.0007491010787055533
nc 013152,lactococcus lactis,0.010120907485396007,0.09464000814691605,5.700443573390687,0.000780746121728504,0.0002377717391304348,0.002817475134933297,2.0794415416798357,0.000780746121728504,500.0,0.0,0.0,0.0,0.003913687328115084,0.025590955806783146,3.6375861597263857,0.0008147469192382117
nc 013155,lactococcus lactis,0.010476575372275934,0.09812938909949662,5.823045895483019,0.0006525386862221117,0.00015545813512421106,0.0025169349325710024,1.791759469228055,0.0006525386862221117,500.0,0.0,0.0,0.0,0.0029007205015439317,0.018375329755298826,3.4657359027997265,0.0007457816724154004
nc 015263,lactococcus lactis,0.01379484632210051,0.11595566708490171,7.367708572374371,0.0006534922626516102,0.0019782307471089074,0.005620033458803848,5.429345628954441,0.0006534922626516102,500.0,0.0,0.0,0.0,0.006336201010514816,0.027110437119216752,5.4510384535657,0.0006534922626516102
nc 016563,lactococcus lactis,0.005392588059815658,0.05857983262904963,6.741700694652055,0.0001402193795929814,4.4620660640752684e-05,0.0006501080326583682,2.0794415416798357,0.0001402193795929814,500.0,0.0,0.0,0.0,0.0035949670461354103,0.02251778197125853,5.262690188904886,0.00022944989387942407
nc 017688,lactococcus lactis,0.012191734312787432,0.11337693589189857,5.981414211254481,0.0007095699389152835,0.0001852137675567217,0.0019436046152896897,1.9459101490553132,0.0007095699389152835,500.0,0.0,0.0,0.0,0.0038682801031541363,0.02519230769230769,3.6888794541139363,0.0007404664938911515
nc 018856,lactococcus lactis,0.005027704339805258,0.05049297878697341,6.652863029353347,0.000142892402021278,5.8463197417225856e-05,0.0007988984294825996,2.302585092994046,0.000142892402021278,500.0,0.0,0.0,0.0,0.003949355325821815,0.023702201186988205,5.3230099791384085,0.0002338269680436477
nc 021861,lactococcus lactis,0.047548146949344554,0.1594306049822064,7.293017679772782,0.004335166612746684,0.029814509080314654,0.06360401164671628,6.826545223556594,0.004335166612746684,500.0,0.0,0.0,0.0,0.03496877787689563,0.0730822391154112,5.973809611869261,0.00815296515577987
nc 023007,lactococcus lactis,0.008284920733621144,0.0839017977687771,7.24422751560335,0.00013027309978919444,5.32995374784581e-05,0.0010658708164570454,2.302585092994046,0.00011843009071744949,500.0,0.0,0.0,0.0,0.004295084913289604,0.025040570959917637,5.480638923341991,0.00026646770411426136
nc 023574,lactococcus lactis,0.015257019707307964,0.11835451900486985,7.581719640125308,0.0009412972787951394,0.002388603172874182,0.007289219423397072,5.730099782973574,0.0009412972787951394,500.0,0.0,0.0,0.0,0.00863071397193726,0.03351519875292284,5.814130531825066,0.0009335324869305452
nc 024203,lactococcus lactis,0.008392837115406183,0.0840356548875974,6.1092475827643655,0.0004111150561545793,0.00011216211163868845,0.0011772840244426588,1.9459101490553132,0.0004111150561545793,500.0,0.0,0.0,0.0,0.0029461065677858487,0.019165225981723884,4.07753744390572,0.0004485059146717497
nc 024208,lactococcus lactis,0.008604453635658628,0.08648219592786074,6.1463292576688975,0.0004061063629483322,0.0001107951397865347,0.0011629409484429512,1.9459101490553132,0.0004061063629483322,500.0,0.0,0.0,0.0,0.002993265153404839,0.019494689879249308,4.110873864173311,0.0004984216647283602
nc 024214,lactococcus lactis,0.009213770267595242,0.09241868163500287,6.240275845170769,0.0003778065630397237,8.99847026005579e-05,0.0014572538860103627,1.791759469228055,0.0003778065630397237,500.0,0.0,0.0,0.0,0.0030548878205128205,0.019129672897196262,4.127134385045092,0.00048575129533678756
nc 024215,lactococcus lactis,0.008725682899498504,0.08774700653786821,6.16541785423142,0.0004040255637993095,0.00012859846049271582,0.0015242782634246675,2.0794415416798357,0.0004040255637993095,500.0,0.0,0.0,0.0,0.00300105036762867,0.019792831785245345,4.110873864173311,0.00044077134986225897
nc 025423,lactococcus lactis,0.002834618408430285,0.032252015750984436,5.976350909297934,0.0001442397842172828,7.21297758927863e-06,0.0001442397842172828,0.6931471805599453,0.0001442397842172828,500.0,0.0,0.0,0.0,0.00410711692837437,0.023755314218935744,5.293304824724492,0.00028126960773707785
nc 027120,lactococcus lactis,0.0019253193047156765,0.02076330911850808,4.276666119016055,0.00048791065813726553,0.0,0.0,0.0,0.0,500.0,0.0,0.0,0.0,0.005037783375314861,0.021982396390817817,4.709530201312334,0.0026022607139952834
nc 027341,lactococcus lactis,0.016077788804012522,0.12395391052858286,7.645397699428633,0.0009307119561873116,0.002769465108586111,0.00846870961786967,5.8888779583328805,0.0009307119561873116,500.0,0.0,0.0,0.0,0.009902008693192048,0.03428929242329368,5.955837369464831,0.0009230201218386561
nc 028900,lactococcus lactis,0.010416296348963704,0.0992040932347925,5.683579767338681,0.0007816941444002274,7.11111111111111e-05,0.0014212620807276862,1.0986122886681098,0.0007106310403638431,500.0,0.0,0.0,0.0,0.00287292817679558,0.01820518312272435,3.295836866004329,0.0008527875493017802
nc 031002,lactococcus lactis,0.009593210958398673,0.08807669263031756,5.342334251964811,0.001060054385398903,0.0004612971676353907,0.004839378715951514,2.3978952727983707,0.001060054385398903,500.0,0.0,0.0,0.0,0.003998815165876777,0.024583093732029902,3.332204510175204,0.0011061946902654867
nc 031009,lactococcus lactis,0.00957628230355503,0.08914525432616675,5.393627546352362,0.0010924663520363574,0.0005248195932648152,0.0038454815591679775,2.5649493574615367,0.0010924663520363574,500.0,0.0,0.0,0.0,0.003671071953010279,0.02240296803652968,3.258096538021482,0.001048767697954903
nc 031013,lactococcus lactis,0.0482243099386289,0.16844981974648215,7.413970290190444,0.0025584370275613445,0.028623789161357886,0.06710082567740434,6.892641641172089,0.0025584370275613445,500.0,0.0,0.0,0.0,0.058872791223515616,0.09864304867148777,6.556778356158042,0.008809419973833405
nc 031017,lactococcus lactis,0.035253441995431255,0.1507605911938042,7.04141166379481,0.002591872627973711,0.01926520531028095,0.03924835693788763,6.437751649736401,0.002591872627973711,500.0,0.0,0.0,0.0,0.011814836335463878,0.03604366647844909,4.812184355372417,0.003980375821531056
nc 031040,lactococcus lactis,0.023395471037157514,0.13492981523744021,6.618738983517219,0.002094600931628474,0.007945445445445445,0.023259449151217682,5.541263545158426,0.002094600931628474,500.0,0.0,0.0,0.0,0.008278457196613359,0.036790213620595216,4.48863636973214,0.0016882386043894203
nc 031044,lactococcus lactis,0.00888828731275943,0.07998557193741827,5.288267030694535,0.0010370169980612291,0.0004061371841155235,0.0038324541232697597,2.302585092994046,0.0010370169980612291,500.0,0.0,0.0,0.0,0.003178731397196937,0.019087719298245615,3.1354942159291497,0.0010821046936291085
nc 031064,lactococcus lactis,0.04888495868682123,0.1680017678581294,7.478734825567875,0.004668250372907574,0.03059447806981179,0.063891497707309,7.010311867307229,0.004668250372907574,500.0,0.0,0.0,0.0,0.057131345688960514,0.09537979639780736,6.565264970035361,0.008535675810060496
nc 031071,lactococcus lactis,0.010784743533537922,0.09366922234392114,5.5093883366279774,0.001095290251916758,0.0005261773217574323,0.0038554216867469878,2.5649493574615367,0.001095290251916758,500.0,0.0,0.0,0.0,0.003347025711242964,0.020121319721852344,3.1354942159291497,0.0010515247108307045
nc 031075,lactococcus lactis,0.009043869516310461,0.08534172661870504,5.308267697401205,0.0010341726618705036,0.0004050222762251924,0.0038219424460431656,2.302585092994046,0.0010341726618705036,500.0,0.0,0.0,0.0,0.0036568213783403658,0.022386022386022386,3.295836866004329,0.0010791852151625524
nc 009551,leptolyngbya foveolarum,0.00018503955220428367,0.0012254618603898355,2.1972245773362196,0.00041619459409466115,0.0,0.0,0.0,0.0,0.0,0.0,0.0,0.0,0.0005039370078740158,0.0027091927836955854,2.1972245773362196,0.0005549389567147614
nc 006936,leuconostoc fallax,0.003873537194140593,0.04360037083492392,4.962844630259907,0.0005180782025413099,0.0,0.0,0.0,0.0,80.0,0.0,0.0,0.0,0.0014046039797112758,0.009411764705882352,2.9444389791664403,0.0005726439790575916
nc 006936,leuconostoc lactis,0.002536894077852642,0.026940066532148116,4.543294782270004,0.0005726127501772373,8.184422316191516e-05,0.001117958226536511,1.3862943611198906,0.0005726127501772373,0.0,0.0,0.0,0.0,0.002575107296137339,0.015787476280834916,3.5263605246161616,0.0006544502617801048
nc 006936,leuconostoc mesenteroides,0.004119043072642462,0.04490919997818618,5.0238805208462765,0.0005180782025413099,0.0,0.0,0.0,0.0,86.0,0.0,0.0,0.0,0.011158798283261802,0.038178368121442124,4.969813299576001,0.001717931937172775
nc 018273,leuconostoc mesenteroides,0.0038952111815473917,0.04633410938513797,4.634728988229636,0.0007633296439067211,3.819417920708884e-05,0.0007633296439067211,0.6931471805599453,0.0007633296439067211,86.0,0.0,0.0,0.0,0.00268685881778212,0.01699144486692015,3.1354942159291497,0.0009160654986831558
nc 020870,leuconostoc mesenteroides,0.0046421663442940036,0.05292866808428378,4.795790545596741,0.0007732456988208003,7.73814129846011e-05,0.0015464913976416005,1.0986122886681098,0.0007732456988208003,86.0,0.0,0.0,0.0,0.00314504969178513,0.020085731781996324,3.258096538021482,0.0009279665932026447
nc 020880,leuconostoc mesenteroides,0.005083352022127533,0.054241846912473385,4.919980925828125,0.0008592028092196197,0.00018691588785046728,0.0016063356868018977,1.791759469228055,0.0008592028092196197,86.0,0.0,0.0,0.0,0.002532256119618956,0.015277941003643202,3.091042453358316,0.0008965594530987336
nc 024378,leuconostoc mesenteroides,0.00425,0.046153846153846156,4.787491742782046,0.0007139032661074424,7.143877696813831e-05,0.0014278065322148848,1.0986122886681098,0.0007139032661074424,86.0,0.0,0.0,0.0,0.003337999353935609,0.02028652096622399,3.4657359027997265,0.0008567144998929107
nc 024380,leuconostoc mesenteroides,0.004003887269193392,0.04770784770784771,4.6443908991413725,0.000777000777000777,3.887873721861514e-05,0.000777000777000777,0.6931471805599453,0.000777000777000777,86.0,0.0,0.0,0.0,0.0027455384999376014,0.017364905889496053,3.1354942159291497,0.0009324009324009324
nc 024385,leuconostoc mesenteroides,0.00489743771736816,0.05210513247969354,4.9344739331306915,0.0007448657468165857,0.00014197487044793073,0.002163657645514844,1.6094379124341003,0.0007448657468165857,86.0,0.0,0.0,0.0,0.0021826912583215105,0.013692813926334785,3.044522437723423,0.0008513355326167926
nc 024386,leuconostoc mesenteroides,0.00475151344502323,0.0544904492208112,4.912654885736052,0.0007035564779962712,0.0,0.0,0.0,0.0,86.0,0.0,0.0,0.0,0.003103868750692828,0.01673685347154735,3.367295829986474,0.0010554089709762533
nc 024388,leuconostoc mesenteroides,0.004034705609311958,0.04310898579687388,4.736198448394496,0.0007137249304118193,7.142091918722994e-05,0.0014274498608236386,1.0986122886681098,0.0007137249304118193,86.0,0.0,0.0,0.0,0.003236245954692557,0.019589356798659124,3.4339872044851463,0.0008565310492505353
nc 024389,leuconostoc mesenteroides,0.00434306698209809,0.045736871823828344,4.820281565605037,0.0007058159232072275,7.062895080693576e-05,0.001411631846414455,1.0986122886681098,0.0007058159232072275,86.0,0.0,0.0,0.0,0.00325874429719748,0.019734065006331784,3.4339872044851463,0.0008470089994706193
nc 024390,leuconostoc mesenteroides,0.004974380072558626,0.048033791866028706,4.897839799950911,0.0008597488038277512,0.00029925560169079415,0.0031399521531100478,2.1972245773362196,0.0008597488038277512,86.0,0.0,0.0,0.0,0.002640036730945822,0.016744809109176157,3.1780538303479458,0.000897162722888864
nc 027358,leuconostoc mesenteroides,0.003893097643097643,0.04522031759385845,4.718498871295094,0.0006660356854909384,0.0,0.0,0.0,0.0,86.0,0.0,0.0,0.0,0.00306044376434583,0.01793103448275862,3.367295829986474,0.0008413082343043432
nc 027377,leuconostoc mesenteroides,0.004670310662146267,0.05089727187856575,4.912654885736052,0.0006915390200892085,0.0,0.0,0.0,0.0,86.0,0.0,0.0,0.0,0.0031423483816905833,0.017225563143410456,3.4339872044851463,0.001037344398340249
nc 027987,leuconostoc mesenteroides,0.0048147017936459495,0.04666531110207402,4.962844630259907,0.0007455605259590619,0.00013564379938282072,0.0014233428222854819,1.6094379124341003,0.0007455605259590619,86.0,0.0,0.0,0.0,0.0028125,0.01677784515868203,3.332204510175204,0.0009150061000406669
nc 006936,leuconostoc paramesenteroides,0.004691890122480155,0.051371543873043574,5.153291594497779,0.0005726127501772373,0.0,0.0,0.0,0.0,57.0,0.0,0.0,0.0,0.002497073741708935,0.015180265654648957,3.4965075614664802,0.0006544502617801048
nc 020870,leuconostoc pseudomesenteroides,0.0046421663442940036,0.05269669437463754,4.795790545596741,0.0007345834138797602,0.0,0.0,0.0,0.0,221.0,0.0,0.0,0.0,0.0026418417410995093,0.01726883037354562,3.091042453358316,0.0009279665932026447
nc 020880,leuconostoc pseudomesenteroides,0.0052328623757195184,0.054540700063506295,4.948759890378168,0.0008592028092196197,0.0002616822429906542,0.0023908252082632895,2.0794415416798357,0.0008592028092196197,221.0,0.0,0.0,0.0,0.0027734233691064755,0.01680573510400752,3.1780538303479458,0.0008965594530987336
nc 024378,leuconostoc pseudomesenteroides,0.0035357142857142857,0.03965732643226843,4.605170185988092,0.0007139032661074424,3.5719388484069154e-05,0.0007139032661074424,0.6931471805599453,0.0007139032661074424,221.0,0.0,0.0,0.0,0.0026919349628512974,0.01652201192094531,3.258096538021482,0.0008567144998929107
nc 024380,leuconostoc pseudomesenteroides,0.005053449951409135,0.05446775446775447,4.875197323201151,0.0008158508158508159,7.775747443723027e-05,0.0008158508158508159,1.0986122886681098,0.0008158508158508159,221.0,0.0,0.0,0.0,0.002620741295394983,0.017122040072859744,3.091042453358316,0.0009324009324009324
nc 024385,leuconostoc pseudomesenteroides,0.005394279224927248,0.057780300074486576,5.030437921392435,0.0007448657468165857,0.00010648115283594804,0.0014542616961657148,1.3862943611198906,0.0007448657468165857,221.0,0.0,0.0,0.0,0.0030557677616501145,0.0188939603014542,3.367295829986474,0.0008513355326167926
nc 024386,leuconostoc pseudomesenteroides,0.004681120653245108,0.04668097231505259,4.897839799950911,0.0007035564779962712,7.0402703463813e-05,0.0014071129559925424,1.0986122886681098,0.0007035564779962712,221.0,0.0,0.0,0.0,0.0025496064737833943,0.015873015873015872,3.1780538303479458,0.0008443271767810027
nc 024388,leuconostoc pseudomesenteroides,0.003999000249937516,0.04011134108914424,4.727387818712341,0.0007137249304118193,7.142091918722994e-05,0.0014274498608236386,1.0986122886681098,0.0007137249304118193,221.0,0.0,0.0,0.0,0.002157497303128371,0.01257071024512885,3.044522437723423,0.0008565310492505353
nc 024389,leuconostoc pseudomesenteroides,0.004554923908054094,0.045560417843026536,4.867534450455582,0.0010940146809712027,0.00045908818024508244,0.0017998306041784303,2.6390573296152584,0.0010940146809712027,221.0,0.0,0.0,0.0,0.0027156202476645666,0.016040523427606587,3.258096538021482,0.0008470089994706193
nc 024390,leuconostoc pseudomesenteroides,0.005647604443280847,0.0602197966507177,5.0238805208462765,0.0008597488038277512,0.00022444170126809562,0.001644736842105263,1.9459101490553132,0.0008597488038277512,221.0,0.0,0.0,0.0,0.0029843893480257116,0.018977450323732978,3.295836866004329,0.000897162722888864
nc 021783,listeria innocua,0.0015530309424534512,0.0178215816653728,4.532599493153256,0.000320653457994397,0.0,0.0,0.0,0.0,30.0,0.0,0.0,0.0,0.0031807528578944853,0.019530347154809783,4.897839799950911,0.0004050427826439168
nc 028795,listeria innocua,0.0013330371028660297,0.014910221432650212,3.7612001156935624,0.0006344775077723495,3.174300860235533e-05,0.0006344775077723495,0.6931471805599453,0.0006344775077723495,30.0,0.0,0.0,0.0,0.004140215291195142,0.026545113285963266,4.110873864173311,0.0008565718092700105
nc 029102,listeria innocua,0.0013597513597513598,0.015533549693489778,3.912023005428146,0.0005547696319103492,2.7753108348134992e-05,0.0005547696319103492,0.6931471805599453,0.0005547696319103492,30.0,0.0,0.0,0.0,0.0034993955589489086,0.022044708650690446,4.02535169073515,0.0007489390030789714
nc 015252,listeria ivanovii,0.006795170285343008,0.07230806700403215,5.529429087511423,0.0005682894487592347,5.415064710023285e-05,0.0005682894487592347,1.0986122886681098,0.0005682894487592347,106.0,0.0,0.0,0.0,0.007112908056304283,0.02794759825327511,4.564348191467836,0.001867337825769262
nc 015253,listeria ivanovii,0.004078162150246422,0.036563963325856846,6.251903883165888,0.000857828670365561,3.149457505944601e-05,0.0006295990241215126,1.6094379124341003,0.00015739975603037816,106.0,0.0,0.0,0.0,0.004850662474736133,0.027252114764105696,5.37989735354046,0.0007082989021367017
nc 015254,listeria ivanovii,0.008625882466327735,0.08682980875764729,5.883322388488279,0.0005058047112095959,9.638786476782573e-05,0.0014692422563707308,1.6094379124341003,0.0005058047112095959,106.0,0.0,0.0,0.0,0.004629314452992035,0.029265708799576243,4.23410650459726,0.0005780764506105933
nc 016563,listeria ivanovii,0.006093751991942989,0.06531036284951273,6.863803391452954,0.00013384577142966405,1.9123140274608294e-05,0.00026131793469601075,1.3862943611198906,0.00013384577142966405,106.0,0.0,0.0,0.0,0.004437537447573397,0.026727391493685585,5.472270673671475,0.00019120824489952007
nc 018856,listeria ivanovii,0.005216080858996927,0.054338083423182346,6.6895992691789665,0.00013639729283849262,5.8463197417225856e-05,0.0007988984294825996,2.302585092994046,0.00013639729283849262,106.0,0.0,0.0,0.0,0.004762457892902776,0.02706408233791601,5.5093883366279774,0.00019485580670303975
nc 023007,listeria ivanovii,0.007621653312487786,0.08023638646107203,7.160845906664299,0.00011843009071744949,1.7766512492819367e-05,0.0003552902721523485,1.3862943611198906,0.00011843009071744949,106.0,0.0,0.0,0.0,0.003648126516308743,0.02345263231367896,5.318119993844216,0.00014211610886093938
nc 025423,listeria ivanovii,0.003180831343811083,0.035194507349017,6.091309882077698,0.0001442397842172828,7.21297758927863e-06,0.0001442397842172828,0.6931471805599453,0.0001442397842172828,106.0,0.0,0.0,0.0,0.004521977224169761,0.027261187564223972,5.389071729816501,0.00030290573140916074
nc 003216,listeria monocytogenes,0.031529434822019156,0.1338100602439144,7.160845906664299,0.0027673017583386395,0.017910082077667522,0.035215751579566044,6.595780513961311,0.0027673017583386395,6.0,0.0,0.0,0.0,0.02743124468386731,0.06167400881057269,5.961005339623274,0.004334729263096026
nc 003291,listeria monocytogenes,0.05361274366406936,0.17927587856877028,7.6093665379542115,0.0031633792333457386,0.03446900183515519,0.07629326386304429,7.167809184316444,0.0031633792333457386,6.0,0.0,0.0,0.0,0.05904804669959587,0.09617058311575283,6.672032945461067,0.006938352340697025
nc 009810,listeria monocytogenes,0.03569957788530835,0.1399902230684128,7.23561914106675,0.0019296575501067744,0.019872322899505766,0.04870455656469499,6.650279048587422,0.0018524712481025035,6.0,0.0,0.0,0.0,0.04622356495468278,0.09137577002053388,6.418364935936212,0.005326128907757623
nc 009811,listeria monocytogenes,0.007477980291270603,0.07092770620335855,6.937314081223682,0.0002979239785204078,0.0005087209302325581,0.003269897325223988,4.2626798770413155,0.0002979239785204078,6.0,0.0,0.0,0.0,0.01340899629718893,0.04543423208699538,6.418364935936212,0.0013297582455910884
nc 009812,listeria monocytogenes,0.1616867582907266,0.32818324619604716,8.838551790227402,0.00876843363889996,0.12912229675845568,0.22950320024382811,8.613593685702552,0.00876843363889996,6.0,0.0,0.0,0.0,0.2837360847135487,0.36502177068214803,8.338305731356565,0.014911725399170008
nc 009813,listeria monocytogenes,0.012334655397969142,0.09275097567051399,6.38856140554563,0.00247031470563813,0.0026997279504911427,0.005854023083949182,4.875197323201151,0.00247031470563813,6.0,0.0,0.0,0.0,0.0064671644423540476,0.034671845547495285,4.709530201312334,0.001494675219530423
nc 009814,listeria monocytogenes,0.004272907532046806,0.046144827201161295,5.0369526024136295,0.0005583161185863435,5.5861240678155465e-05,0.001116632237172687,1.0986122886681098,0.0005583161185863435,6.0,0.0,0.0,0.0,0.007747816179263198,0.037681586903620674,4.634728988229636,0.0010050251256281408
nc 009815,listeria monocytogenes,0.08071584140229342,0.1801489875144266,8.031710375322042,0.010806840835169447,0.06757643353890566,0.08755639492183402,7.853993087224244,0.010806840835169447,6.0,0.0,0.0,0.0,0.07246160727598032,0.10835263462651998,6.880384082186005,0.015738117721120555
nc 015252,listeria monocytogenes,0.007553197249445016,0.0746624090060347,5.634789603169249,0.0005682894487592347,0.0001083012942004657,0.0016507455416339674,1.6094379124341003,0.0005682894487592347,6.0,0.0,0.0,0.0,0.008161126085654388,0.03318777292576419,4.700480365792417,0.001867337825769262
nc 015253,listeria monocytogenes,0.00329087215985136,0.03730374217919962,6.037870919922137,0.00017313973163341596,1.5747287529723006e-05,0.0003147995120607563,1.0986122886681098,0.00015739975603037816,6.0,0.0,0.0,0.0,0.005389624971929036,0.03032615330949682,5.484796933490655,0.0007319088655412584
nc 015254,listeria monocytogenes,0.008360841384960124,0.08333734765643817,5.8522024797744745,0.0005780625270966809,0.00021687269572760788,0.002047304783467412,2.302585092994046,0.0005780625270966809,6.0,0.0,0.0,0.0,0.0040846892232282665,0.025690260213202674,4.110873864173311,0.0005780764506105933
nc 016563,listeria monocytogenes,0.0066738057903392356,0.0694149665066891,6.954638864880987,0.00017208742040956807,0.00010836446155611366,0.001198238334703659,2.8903717578961645,0.00017208742040956807,6.0,0.0,0.0,0.0,0.004774565608148592,0.028487443750907244,5.545177444479562,0.00021032906938947207
nc 018856,listeria monocytogenes,0.005320012731654401,0.057754510853327445,6.709304340258298,0.0001558826203868487,3.897546494481724e-05,0.0004156869876982632,1.9459101490553132,0.000142892402021278,6.0,0.0,0.0,0.0,0.004994772912068765,0.027777777777777776,5.556828061699537,0.00027279812938425563
nc 018863,listeria monocytogenes,0.005794034973336368,0.060192132647789616,6.849066282633458,0.00012915446874461856,3.690558935150729e-05,0.0006211714925336417,1.9459101490553132,0.00012915446874461856,6.0,0.0,0.0,0.0,0.0048641021832764,0.025590196431789513,5.572154032177765,0.00035056644156610943
nc 020871,listeria monocytogenes,0.009831481787706138,0.0730739457525722,7.1770187659099,0.0013452881096071608,0.0027811602699980456,0.005591588567305741,5.916202062607435,0.0013452881096071608,6.0,0.0,0.0,0.0,0.017811082451303032,0.049790379046548816,6.687108607866515,0.0013753607503607503
nc 021531,listeria monocytogenes,0.0021698947199228482,0.026313792195152442,6.18826412308259,9.82191089741014e-05,4.464883689779881e-06,8.929009906736491e-05,0.6931471805599453,8.929009906736491e-05,6.0,0.0,0.0,0.0,0.0031893550986813904,0.01935596663281107,5.921578419643816,0.00018750920804146633
nc 021783,listeria monocytogenes,0.0015699117135670757,0.01883417153272353,4.543294782270004,0.000320653457994397,0.0,0.0,0.0,0.0,6.0,0.0,0.0,0.0,0.0031807528578944853,0.019761475523505757,4.897839799950911,0.00045567313047440637
nc 021801,listeria monocytogenes,0.008743908410474037,0.08563703323854366,5.929589143389895,0.0005127966062188243,4.663852808805354e-05,0.0004894876695725141,1.0986122886681098,0.0004894876695725141,6.0,0.0,0.0,0.0,0.004347261873864521,0.024444163719050026,4.219507705176107,0.0007692307692307692
nc 023007,listeria monocytogenes,0.008125025908883638,0.08158056799071509,7.224753405767971,0.00013027309978919444,4.1455195816578524e-05,0.0008290106350221464,2.0794415416798357,0.00011843009071744949,6.0,0.0,0.0,0.0,0.003917692515050768,0.024080827822081072,5.389071729816501,0.00017764513607617424
nc 024359,listeria monocytogenes,0.007020814384400863,0.06778756538993445,6.840546529288687,0.0002630629547231074,0.00040592652729855896,0.002405147014611268,4.007333185232471,0.0002630629547231074,6.0,0.0,0.0,0.0,0.012890936475591388,0.04340621502969785,6.368187186350492,0.0013754537870075989
nc 024360,listeria monocytogenes,0.007788726271554847,0.0756837034085558,6.98100574072173,0.00020284710399536349,0.0003622768374681196,0.0025935451153692906,3.9318256327243257,0.00020284710399536349,6.0,0.0,0.0,0.0,0.013706948902576559,0.04529176321887508,6.450470422144176,0.0013257699245832518
nc 024364,listeria monocytogenes,0.009012969883490877,0.0721019764762944,7.081708586105575,0.0007123802594882988,0.0019179307573931304,0.00502455438341215,5.537334267018537,0.0007123802594882988,6.0,0.0,0.0,0.0,0.015409441123661901,0.04694576383519276,6.520621127558696,0.0013868679519825392
nc 024375,listeria monocytogenes,0.006792284203470619,0.0706180193596426,6.124683390894205,0.0003276247207743857,0.00011916998108176551,0.001533879374534624,2.1972245773362196,0.0003276247207743857,6.0,0.0,0.0,0.0,0.0062514470942347765,0.0314925306177381,4.912654885736052,0.0009382120359201179
nc 024383,listeria monocytogenes,0.007384991459032809,0.07019752486545781,6.911747300251674,0.0003018456758766408,0.0005227814920625571,0.00277550780013399,4.276666119016055,0.0003018456758766408,6.0,0.0,0.0,0.0,0.01354750452318962,0.04669010461327388,6.421622267806518,0.001347262406961592
nc 024384,listeria monocytogenes,0.04329014851364819,0.14753620371270287,7.485491608030754,0.0023082904072310234,0.027226098159807473,0.0570755175430071,7.02197642307216,0.0023082904072310234,6.0,0.0,0.0,0.0,0.050445103857566766,0.08734073160706946,6.5722825426940075,0.007435486222481412
nc 024387,listeria monocytogenes,0.4424026330224904,0.5852126031027943,9.870809390145546,0.021865789293303173,0.4098701654932797,0.5310165192953595,9.79434210527533,0.021865789293303173,6.0,0.0,0.0,0.0,0.5073164442725456,0.5585754451733833,8.97094039814245,0.03996161491534718
nc 024392,listeria monocytogenes,0.006495552121930364,0.06479092926990221,6.073044534100405,0.0005099286099946007,0.0003300478569392562,0.002039714439978403,3.1354942159291497,0.0005099286099946007,6.0,0.0,0.0,0.0,0.0063007560907308875,0.03200433957146732,4.912654885736052,0.0009448818897637795
nc 024787,listeria monocytogenes,0.006656453061440118,0.06631305738731534,6.78332520060396,0.00026407520861941483,0.00023397109324880185,0.0016674463172825906,3.4657359027997265,0.00026407520861941483,6.0,0.0,0.0,0.0,0.012940935659214446,0.04294207350763587,6.345636360828596,0.0013807465085221486
nc 025423,listeria monocytogenes,0.002986086567659384,0.032540495319419,6.028278520230698,0.0001442397842172828,1.442595517855726e-05,0.0002884795684345656,1.0986122886681098,0.0001442397842172828,6.0,0.0,0.0,0.0,0.00454272023895953,0.025750035260220426,5.393627546352362,0.00030290573140916074
nc 025440,listeria monocytogenes,0.009007734740822905,0.07154924126844733,7.099201743553092,0.000654912963555582,0.0016750917578040663,0.005566760190222447,5.420534999272286,0.0003497830600808222,6.0,0.0,0.0,0.0,0.01775604168043531,0.05219903691813804,6.693323668269949,0.0013619415481479827
nc 026607,listeria monocytogenes,0.00674175573330665,0.07306427204622484,6.983789965258135,0.0001313205848143377,5.003283404734357e-05,0.0007629100641594858,2.1972245773362196,0.0001313205848143377,6.0,0.0,0.0,0.0,0.0039844966856232115,0.023019253106191264,5.3981627015177525,0.0002626444544499475
nc 027352,listeria monocytogenes,0.004251396753136816,0.04404609635593008,6.520621127558696,0.00015674767386451984,8.151850156452817e-05,0.0006771499510947258,2.6390573296152584,0.00015674767386451984,6.0,0.0,0.0,0.0,0.005596418292292933,0.03097161798218355,5.755742213586912,0.00026333609209239336
nc 027375,listeria monocytogenes,0.0006479681569934278,0.007240844842343905,3.367295829986474,0.000439540102250908,0.0,0.0,0.0,0.0,6.0,0.0,0.0,0.0,0.002577451130505793,0.01645876645876646,4.624972813284271,0.0005552085502116733
nc 028795,listeria monocytogenes,0.0014917319960643667,0.019129496859336338,3.871201010907891,0.000602753632383732,0.0,0.0,0.0,0.0,6.0,0.0,0.0,0.0,0.003726193762075628,0.024601152969566966,4.007333185232471,0.0007613971637955648
nc 028871,listeria monocytogenes,0.0321286187039112,0.13804959366534694,7.1180162044653335,0.003099604084184205,0.01855471294920908,0.03769014377995416,6.569481420414296,0.003099604084184205,6.0,0.0,0.0,0.0,0.03193013577130381,0.06234710743801653,6.150602768446279,0.00797061811362038
nc 028929,listeria monocytogenes,0.05073549274330198,0.158729379418696,7.633853559681768,0.0052778868813825605,0.03467838986172852,0.06713963079340142,7.253470382684528,0.0052778868813825605,6.0,0.0,0.0,0.0,0.05119477632675743,0.08685414424111948,6.6039438246004725,0.007512152010605391
nc 029010,listeria monocytogenes,0.008921310101781798,0.09028872684272764,5.8944028342648505,0.0005419787150177374,0.00014788159613536095,0.0020201024832479306,1.9459101490553132,0.0005419787150177374,6.0,0.0,0.0,0.0,0.005103110800419434,0.029305772761270145,4.30406509320417,0.0006651884700665188
nc 029102,listeria monocytogenes,0.0011655011655011655,0.015561288175085296,3.7612001156935624,0.0005270311503148317,0.0,0.0,0.0,0.0,6.0,0.0,0.0,0.0,0.0034357701851498376,0.021797015295064708,4.007333185232471,0.0007489390030789714
nc 031053,listeria monocytogenes,0.0023763231799524736,0.027133152707425296,4.804021044733257,0.0003730317665999136,0.0,0.0,0.0,0.0,6.0,0.0,0.0,0.0,0.003374407582938389,0.021852731591448932,4.499809670330265,0.0004711980209683119
nc 031095,listeria monocytogenes,0.005428373325115709,0.05676175351687031,6.821107472256465,0.000124438545135638,5.926312233686344e-05,0.0009599544910463503,2.3978952727983707,0.000124438545135638,6.0,0.0,0.0,0.0,0.00401903921321397,0.022552944412187147,5.545177444479562,0.00024888003982080636
nc 008201,mannheimia haemolytica,0.38771370617212403,0.516611151339609,9.50159106930499,0.03223750905141202,0.35950269518344635,0.461578566256336,9.425935505533063,0.03223750905141202,211.0,0.0,0.0,0.0,0.4750184592665518,0.5470901998248547,8.66406026722579,0.02224539450816823
nc 028743,mannheimia haemolytica,0.2510343975792009,0.3509486767913734,9.408863308108145,0.012038523274478331,0.2307771487390633,0.29273161295633204,9.324650718153594,0.012038523274478331,211.0,10.0,1.0,1.0,0.30725299828669334,0.35858138762863784,8.59062950948942,0.024509198666502037
nc 028766,mannheimia haemolytica,0.5771487848251333,0.705347355947267,9.876835521538702,0.038720189601540514,0.5447889494901589,0.6692638127684788,9.819018395909678,0.038720189601540514,211.0,0.0,0.0,0.0,0.692950745594216,0.760767995327785,9.127176130715414,0.027641987378899655
nc 028853,mannheimia haemolytica,0.2736551944549867,0.3641918606973122,9.525224101853109,0.022704580853867964,0.2559979224515072,0.31211310355844885,9.458449669308141,0.022704580853867964,211.0,0.0,0.0,0.0,0.29709346173928175,0.343983799291219,8.541300266759471,0.02606038820992092
nc 028898,mannheimia haemolytica,0.5275392318666257,0.6381277262051225,9.844798556187449,0.0409350184543116,0.502140159462862,0.5985628005815904,9.795345393916424,0.0409350184543116,211.0,0.0,0.0,0.0,0.5958772059913985,0.6539677975848188,8.991811158212718,0.0364063417498532
nc 028956,mannheimia haemolytica,0.3262988258767554,0.4241163044937571,9.741497894714092,0.02180709257945108,0.3067536454336147,0.3638926715126872,9.67965626478542,0.02180709257945108,211.0,0.0,0.0,0.0,0.3350399815912098,0.3819998883367763,8.669914278433902,0.02503020887277749
nc 025431,mesorhizobium loti,0.025950724257144106,0.21344357678762824,7.079184394609668,0.0005030951287267318,0.0003720075276817366,0.004943456482271365,2.8903717578961645,0.0004812214274777435,102.0,0.0,0.0,0.0,0.08604211591193461,0.3233634747662107,8.081165777725433,0.0013780431786862655
nc 023859,microbacterium oxydans,0.017319671162578706,0.1558713335808553,6.934397209928558,0.00038815944915111214,0.00010129146619397316,0.0013838728187126608,1.9459101490553132,0.00037128295136193337,85.0,0.0,0.0,0.0,0.08578272027373823,0.3144838976052849,8.520188700396035,0.001012606956609792
nc 029002,microcystis aeruginosa,0.017457803413550188,0.05924726544264078,7.991253929840199,0.0007563983619247975,0.011896881870404954,0.020629583449058343,7.607878073278507,0.0007563983619247975,500.0,0.0,0.5357142857142857,0.0,0.027120060155401454,0.06950449495031898,7.392647520721623,0.001648731540411651
nc 011085,morganella morganii,0.002133083606472088,0.026653145071118392,4.418840607796598,0.0004940582988792677,0.0,0.0,0.0,0.0,0.0,0.0,0.0,0.0,0.006376728523321631,0.03897915068684192,4.499809670330265,0.0007020828457758015
nc 023591,mycobacterium abscessus,0.017765701745218937,0.1668146909774829,7.438971592395862,0.00028211692179092,8.3606797232615e-05,0.0014732772582414712,2.1972245773362196,0.0002194242725040489,64.0,0.0,0.0,0.0,0.07026443604964921,0.2803858297768988,8.675904882571059,0.0009090624118366196
nc 003387,mycobacterium avium,0.0719184570497518,0.40799666647726196,8.241966560231802,0.0005871545731765063,0.0012884156277236727,0.016913839801503874,4.23410650459726,0.0004356308123567627,393.0,0.0,0.0,0.0,0.18678762113578926,0.48562580059345256,9.320180837655714,0.0025001420535257684
nc 021063,mycobacterium avium,0.011695906432748537,0.11027994300561562,6.326149473155099,0.00044003017349761124,0.00016769730636201656,0.0021582432319168553,2.1972245773362196,0.00044003017349761124,393.0,0.0,0.0,0.0,0.062027924010070956,0.22957943581056198,7.799753318287247,0.0028287654010560725
nc 021347,mycobacterium phlei,0.0179237870752308,0.16065178201917749,7.846198815497425,0.00016133218296472438,0.0001613536872825233,0.002426997187208462,3.1780538303479458,0.00015431774022712765,26.0,0.0,0.0,0.0,0.09440198881847015,0.322778400567551,9.737255856891121,0.0005260832053197534
nc 028662,mycobacterium phlei,0.006368668531635022,0.06533380935380222,5.7745515455444085,0.000515688841286842,0.00015873330820055954,0.0009123725653536435,2.1972245773362196,0.000515688841286842,26.0,0.0,0.0,0.0,0.033976870878333176,0.15,7.260522598089852,0.0009520409377603237
nc 001900,mycobacterium tuberculosis,0.016265955497648664,0.15670791273200912,6.684611727667927,0.0005901986323673071,0.00036647189364171265,0.0026864213611201564,2.9444389791664403,0.0005901986323673071,500.0,0.0,0.0,0.0,0.06877607501342475,0.2743244323632875,8.11102783819368,0.0012822078397850775
nc 021318,mycobacterium tuberculosis,0.017344088751733433,0.1625141562853907,6.790097235513905,0.0008200882571171945,0.0005469284109776345,0.0024016870387003554,3.367295829986474,0.0008200882571171945,500.0,0.0,0.0,0.0,0.07268982876320507,0.2828564053396268,8.246171559857563,0.0012301564056001405
nc 021338,mycobacterium tuberculosis,0.017072752230610843,0.16074529899869208,6.680854678790215,0.0009005338879478548,0.0005791505791505791,0.002208452153776882,3.332204510175204,0.0009005338879478548,500.0,0.0,0.0,0.0,0.07189596620558271,0.28074041427941826,8.152774052744075,0.001350829795445774
nc 021556,mycobacterium tuberculosis,0.034954711504779065,0.2721292613991646,7.242797922793756,0.0007253445386558615,0.0008508082678544617,0.007403516670418449,3.5553480614894135,0.0007253445386558615,500.0,0.0,0.0,0.0,0.13082044140930507,0.41164922678025745,8.83331693749932,0.0021760336159675846
nc 023744,mycobacterium tuberculosis,0.03712875373516253,0.2732059153627781,7.718685495198466,0.0007592262494223278,0.0009245653717248097,0.007229154287977818,4.04305126783455,0.0007592262494223278,500.0,0.0,0.0,0.0,0.12954211002943175,0.4181420166917499,9.122164681072457,0.0014359279065161417
nc 003085,myxococcus xanthus,0.06484379733031766,0.4181370371865789,8.074649075066652,0.000767149836475956,0.0016560638190447339,0.013929825978116041,4.418840607796598,0.000767149836475956,500.0,3.0,0.6129032258064516,1.0,0.23440062281559026,0.5921716161050188,9.557611235839621,0.001998667554963358
nc 004084,natrialba magadii,0.006942188328232136,0.07032719067318541,6.008813185442595,0.00041027043659612293,0.00011970108927991244,0.0014188519265615918,2.0794415416798357,0.000376081233546446,73.0,0.0,0.0,0.0,0.03232074938962613,0.13306613226452907,7.5740450053721995,0.000769270218985589
nc 016569,nocardia brasiliensis,0.06586449864498645,0.4238188123103598,8.019283792916793,0.0006068487212830516,0.0007588733982350773,0.00988296488946684,3.58351893845611,0.00047680970957954055,382.0,0.0,0.0,0.0,0.23372655670540035,0.5779234147680483,9.490695669041504,0.0020156046814044214
nc 021063,nocardia brasiliensis,0.0207508017355216,0.1793856340625262,6.898714534329988,0.0004819378090688123,0.00012577297977151242,0.002514458134272064,1.9459101490553132,0.00041907635571201073,382.0,0.0,0.0,0.0,0.09539431855751379,0.33235128035157496,8.230044310126114,0.0027659039476992707
nc 021063,nocardia otitidiscaviarum,0.0009222578549120712,0.009953063448160255,3.8066624897703196,0.00044003017349761124,4.192432659050414e-05,0.00044003017349761124,1.0986122886681098,0.00044003017349761124,0.0,0.0,0.0,0.0,0.005976450242872765,0.03311973680980089,5.4638318050256105,0.0005657530802112145
nc 024358,nostoc linckia,0.000742781837786031,0.009365269461077845,3.4657359027997265,0.0004550898203592814,0.0,0.0,0.0,0.0,31.0,0.0,0.0,0.0,0.0011258443832874655,0.006963107744930369,2.9444389791664403,0.0005748778384593274
nc 028758,paenibacillus alvei,0.005416935642313846,0.06172146784872629,5.267858159063328,0.000561104253170239,2.8070175438596492e-05,0.000561104253170239,0.6931471805599453,0.000561104253170239,196.0,0.0,0.0,0.0,0.004665413272056263,0.027187478917897863,4.219507705176107,0.0008416799932665601
nc 028758,paenibacillus amylolyticus,0.007129024109573662,0.07485130737290989,5.541263545158426,0.0006452698911457749,0.00016842105263157895,0.001767478397486253,1.9459101490553132,0.0006452698911457749,500.0,0.0,0.0,0.0,0.010375322052781839,0.056466302367941715,5.0106352940962555,0.0008416799932665601
nc 028758,paenibacillus apiarius,0.0012068820342979033,0.013831219840646392,3.784189633918261,0.0005330490405117271,0.0,0.0,0.0,0.0,33.0,0.0,0.0,0.0,0.0029245874242740757,0.015381501720299534,3.7612001156935624,0.0008416799932665601
nc 028758,paenibacillus castaneae,0.001880490611580454,0.02213556278756593,4.219507705176107,0.000561104253170239,2.8070175438596492e-05,0.000561104253170239,0.6931471805599453,0.000561104253170239,75.0,0.0,0.0,0.0,0.002297890119072488,0.013560008095527222,3.5263605246161616,0.0008416799932665601
nc 028758,paenibacillus elgii,0.006932554941199585,0.07715183481090787,5.5134287461649825,0.0006172146784872629,0.00011228070175438597,0.001178318931657502,1.6094379124341003,0.0006172146784872629,500.0,0.0,0.0,0.0,0.016433396003063854,0.09411050394656952,5.4680601411351315,0.0008416799932665601
nc 028758,paenibacillus fonticola,0.0009262117937635072,0.011194029850746268,3.5263605246161616,0.0005049938278532151,0.0,0.0,0.0,0.0,383.0,0.0,0.0,0.0,0.0027156883225402132,0.015988666261890307,3.6888794541139363,0.000757511993939904
nc 021558,paenibacillus glucanolyticus,0.00597943075819182,0.06346296886622038,5.420534999272286,0.0005844224843268515,7.973421926910299e-05,0.0005844224843268515,1.3862943611198906,0.0005844224843268515,500.0,0.0,0.0,0.0,0.014155192381932828,0.06818463829259214,5.3981627015177525,0.002072043353522474
nc 028758,paenibacillus humicus,0.0012910831064582222,0.018460329929300863,3.8501476017100584,0.0005049938278532151,0.0,0.0,0.0,0.0,500.0,0.0,0.0,0.0,0.005083211475523989,0.030493152533225393,4.30406509320417,0.0008416799932665601
nc 028758,paenibacillus lactis,0.005416935642313846,0.06284367635506677,5.267858159063328,0.0005330490405117271,0.0,0.0,0.0,0.0,500.0,0.0,0.0,0.0,0.012116147900564027,0.07117317681980706,5.1647859739235145,0.0008416799932665601
nc 021865,paenibacillus larvae,0.34375832747886337,0.4611565844916937,9.560363239834537,0.052550007264977966,0.31978195033313145,0.39925897224778417,9.487972108574462,0.052550007264977966,135.0,0.0,0.0,0.0,0.43496763366099256,0.512295557359935,8.889859587773016,0.04322871258355129
nc 028746,paenibacillus larvae,0.9949114593934459,0.9995028136229067,10.691785809335006,0.18786865239892428,0.993372390237282,0.9995028136229067,10.690056767839522,0.18786865239892428,135.0,0.0,0.0,0.0,0.9874188544838284,0.9913836233253654,9.752024923328158,0.0766831649603363
nc 028758,paenibacillus larvae,0.1822391871789834,0.3391314106160925,8.77863395266279,0.007462686567164179,0.14745263157894736,0.2647570418583773,8.566744970245486,0.007462686567164179,135.0,0.0,0.0,0.0,0.3263700299422046,0.44235309991229843,8.452761331256848,0.017591111859271105
nc 028767,paenibacillus larvae,0.9818791358078794,0.992881081199483,10.710231239678613,0.14110792280901582,0.9786562650655213,0.991194445052899,10.706855916545168,0.14110792280901582,135.0,0.0,0.0,0.0,0.9860147051262276,0.9912529198349983,9.861519067713626,0.07432476835118618
nc 028788,paenibacillus larvae,0.22637049770352663,0.37531547011759653,9.039433419997483,0.019492025989367986,0.19279017917103178,0.3060731353702411,8.878776071707552,0.01943832894807496,135.0,0.0,0.0,0.0,0.3505957531784597,0.4523364485981308,8.569406062863171,0.019331453886427707
nc 028837,paenibacillus larvae,0.2121602567219332,0.36241463948091085,9.074291527512907,0.01764319910568908,0.17935813274981766,0.2853289265838781,8.906257878156621,0.017594595251403437,135.0,0.0,0.0,0.0,0.33421230146562825,0.44162165370689144,8.603554357064281,0.017497812773403325
nc 028841,paenibacillus larvae,0.08763379842891159,0.1870217120484072,8.278682162970906,0.005072076882007475,0.06816816148487749,0.11650204662751379,8.027476530860483,0.004760633564691226,135.0,0.0,0.4583333333333333,0.0,0.07096839138312865,0.13359261059795818,7.252053951852814,0.012746930058729311
nc 028851,paenibacillus larvae,0.22006319115323855,0.37252270035530993,9.031094081699155,0.04771680484274247,0.186328207288814,0.29545992893801815,8.864605368075784,0.04771680484274247,135.0,0.0,0.0,0.0,0.35371967114497693,0.4544101468970426,8.574140471857987,0.020213185945519147
nc 028854,paenibacillus larvae,0.20224667688576722,0.34864147836428505,9.087155271405804,0.01660415332540481,0.17043816496968311,0.2745402982343793,8.915969311373605,0.01655841185618882,135.0,0.0,0.0,0.0,0.3231707317073171,0.4252136752136752,8.624431942085836,0.016467682173734045
nc 028930,paenibacillus larvae,0.3584264295163898,0.5200499641800915,9.878579916829944,0.04421462554418707,0.3207092980521867,0.4651261044471794,9.767324127723256,0.04421462554418707,135.0,0.0,0.041666666666666664,0.0,0.4332611580638402,0.5438584689896407,9.426016108442871,0.022484294059296816
nc 029084,paenibacillus larvae,0.1661619486504279,0.3209265596209529,8.75004942158424,0.007001842590155304,0.13283821864054146,0.24340615951566202,8.52615293278771,0.007001842590155304,135.0,0.0,0.0,0.0,0.30300103039670273,0.41251715961562463,8.456593569287309,0.01650477769880755
nc 028758,paenibacillus lautus,0.005585337786634483,0.06405005049938278,5.298317366548036,0.000561104253170239,2.8070175438596492e-05,0.000561104253170239,0.6931471805599453,0.000561104253170239,38.0,0.0,0.0,0.0,0.010723487222338277,0.061660932334884976,5.043425116919247,0.0008416799932665601
nc 028758,paenibacillus nanensis,0.0017120884672598164,0.021911121086297836,4.127134385045092,0.0005330490405117271,0.0,0.0,0.0,0.0,154.0,0.0,0.0,0.0,0.002576422254717638,0.014234635363961412,3.6375861597263857,0.0008416799932665601
nc 028758,paenibacillus pabuli,0.0049678632574588115,0.05818651105375379,5.181783550292085,0.0005330490405117271,0.0,0.0,0.0,0.0,104.0,0.0,0.0,0.0,0.007729266764152914,0.04445793698981313,4.718498871295094,0.0008416799932665601
nc 028758,paenibacillus peoriae,0.006736085772825508,0.07210189653237571,5.484796933490655,0.0006172146784872629,0.00014035087719298245,0.0012063741443160139,1.791759469228055,0.0006172146784872629,500.0,0.0,0.0,0.0,0.008982661374556089,0.04486271335087364,4.867534450455582,0.001094183991246528
nc 028758,paenibacillus polymyxa,0.006230879339863595,0.06708001346650208,5.407171771460119,0.0006172146784872629,8.421052631578948e-05,0.0006172146784872629,1.3862943611198906,0.0006172146784872629,500.0,0.0,0.0,0.0,0.007590000696330339,0.038048977939688325,4.700480365792417,0.0009258479925932161
nc 028758,paenibacillus popilliae,0.0020769597799545313,0.024800807990124567,4.31748811353631,0.0005049938278532151,0.0,0.0,0.0,0.0,500.0,0.0,0.0,0.0,0.003133486526007938,0.018822100789313904,3.828641396489095,0.000757511993939904
nc 015585,pantoea agglomerans,0.006648534300392868,0.06822829522216026,5.659482215759621,0.0004880089235917457,0.0,0.0,0.0,0.0,196.0,0.0,0.0,0.0,0.01087424212790925,0.06511135478504178,5.631211781821365,0.0006274400446179587
nc 019454,pantoea agglomerans,0.006063191933709101,0.06200332240829704,5.602118820879701,0.000448974094194765,0.0,0.0,0.0,0.0,196.0,0.0,0.0,0.0,0.012666450146151347,0.06956658291457286,5.746203190540153,0.0012796336206896551
nc 019504,pantoea agglomerans,0.004151503374200615,0.043782342240511474,5.4638318050256105,0.0003532258349375673,0.0,0.0,0.0,0.0,196.0,0.0,0.0,0.0,0.006988391505221882,0.04137723876393947,5.198497031265826,0.0006358289620092195
nc 019510,pantoea agglomerans,0.004609468510454071,0.04724810345705412,5.204006687076795,0.0005600529504607709,7.640781397244225e-05,0.0010437350440405274,1.3862943611198906,0.0005345959981670994,196.0,0.0,0.0,0.0,0.008199661763952237,0.04933247307558688,5.081404364984463,0.0006109668550481136
nc 019514,pantoea agglomerans,0.00621534010233879,0.06803358823608191,6.142037405587356,0.00026784877258299964,4.0187541862022774e-05,0.0008035463177489989,1.3862943611198906,0.00026784877258299964,196.0,0.0,0.0,0.0,0.010566094025806131,0.05902769408758948,6.054439346269371,0.0006830326650327454
nc 019504,pantoea ananatis,0.004010175599759743,0.046784761837480794,5.429345628954441,0.000335564543190689,0.0,0.0,0.0,0.0,48.0,0.0,0.0,0.0,0.007337811080482976,0.04498178950925544,5.247024072160486,0.0004768717215069146
nc 019510,pantoea ananatis,0.004151068327093998,0.05121938801486686,5.099866427824199,0.000509139045873428,2.5469271324147418e-05,0.000509139045873428,0.6931471805599453,0.000509139045873428,48.0,0.0,0.0,0.0,0.008097165991902834,0.04913395205717405,5.0689042022202315,0.0006873377119291278
nc 019514,pantoea ananatis,0.005786695957349907,0.06352033641805836,6.07073772800249,0.00026784877258299964,1.3395847287340925e-05,0.00026784877258299964,0.6931471805599453,0.00026784877258299964,48.0,0.0,0.0,0.0,0.00887551898167715,0.05331533659524211,5.8805329864007,0.00048214070472899677
nc 029012,parabacteroides distasonis,0.009331597222222222,0.10555916071814839,3.784189633918261,0.004109885355829548,0.0,0.0,0.0,0.0,500.0,0.0,0.0,0.0,0.003814973772055317,0.025889967637540454,2.1972245773362196,0.004542504866969501
nc 029014,parabacteroides merdae,0.00020056157240272763,0.003199360127974405,0.6931471805599453,0.003199360127974405,0.0,0.0,0.0,0.0,0.0,0.0,0.0,0.0,0.0005194805194805195,0.003526448362720403,0.6931471805599453,0.004199160167966407
nc 016165,paracoccus denitrificans,0.04958235713558114,0.33256115877096964,7.5745584842024805,0.0006618639105974595,0.0014517114914425428,0.014561006033144109,4.060443010546419,0.0006618639105974595,57.0,0.0,0.0,0.0,0.1360046457607433,0.4159449706811006,8.675222055641148,0.002520238277073469
nc 026608,paracoccus marcusii,0.006297827843528685,0.061577934573444515,5.583496308781699,0.0005939229800679448,0.00016637353234776823,0.0010690613641223007,2.0794415416798357,0.0005939229800679448,0.0,0.0,0.0,0.0,0.02997502081598668,0.1320930831375326,6.803505257608338,0.0009265198489059939
nc 008193,pasteurella multocida,0.010429649065267301,0.06428454351745616,5.765191102784844,0.0027864284543517455,0.003411401954995736,0.009014915587608589,4.653960350157523,0.0027864284543517455,376.0,14.0,0.7222222222222222,1.0,0.003307799442896936,0.01888701517706577,3.6635616461296463,0.000983477576711251
nc 020201,pectobacterium atrosepticum,0.004229488386471258,0.047509993045261996,6.401917196727186,0.00016157472128360578,4.215555399423874e-05,0.00044257423655944195,1.9459101490553132,0.00016157472128360578,292.0,0.0,0.0,0.0,0.008440071777736527,0.04748433303491495,6.52649485957079,0.0005058062340618348
nc 029081,pectobacterium atrosepticum,0.002329363160901859,0.028707295159204962,4.672828834461906,0.00043827931540770936,2.1990588028323877e-05,0.00043827931540770936,0.6931471805599453,0.00043827931540770936,292.0,0.0,0.0,0.0,0.009826336527703459,0.05811594886551252,5.313205979041787,0.0005916770758004076
nc 031096,pectobacterium atrosepticum,0.0022668611828077657,0.026407897689028494,4.624972813284271,0.0004487323311644604,2.2446185270813226e-05,0.0004487323311644604,0.6931471805599453,0.0004487323311644604,292.0,0.0,0.0,0.0,0.009512772224636631,0.056767534600046916,5.288267030694535,0.0006058158319870759
nc 019522,pectobacterium carotovorum,0.05794917318689486,0.1826680975770834,7.940227765145702,0.0023527469352375447,0.035346340456281614,0.09483221199488175,7.44600149832412,0.0023527469352375447,500.0,0.0,0.0,0.0,0.12068423651955282,0.2126134734830387,7.896924656268864,0.009720760324438115
nc 023865,pectobacterium carotovorum,0.004139208104133762,0.0457911357944027,5.43372200355424,0.0003811390613089404,5.4467219811543417e-05,0.0007441286435079313,1.3862943611198906,0.0003811390613089404,500.0,0.0,0.0,0.0,0.008903173371753666,0.053410346917673907,5.488937726156687,0.0006533812479581836
nc 031068,pectobacterium carotovorum,0.004648301319297286,0.05102273244954672,5.3230099791384085,0.00045556011115666713,9.115147095686256e-05,0.0018222404446266685,1.6094379124341003,0.00045556011115666713,500.0,0.0,0.0,0.0,0.012866236287300799,0.06432415875377412,5.655991810819852,0.0013666803334700013
nc 006936,pediococcus pentosaceus,0.00450094110586759,0.04668157277635382,5.111987788356544,0.0005453454763592736,2.7281407720638384e-05,0.0005453454763592736,0.6931471805599453,0.0005453454763592736,185.0,0.0,0.0,0.0,0.003277409285992977,0.02094876660341556,3.7612001156935624,0.0006544502617801048
nc 028758,pedobacter africanus,0.006708018748772067,0.07398159578049601,5.480638923341991,0.000561104253170239,2.8070175438596492e-05,0.000561104253170239,0.6931471805599453,0.000561104253170239,0.0,0.0,0.0,0.0,0.006406239119838451,0.037914052486001486,4.532599493153256,0.0008416799932665601
nc 022751,phormidium foveolarum,0.00016484163428705993,0.0015772128060263654,2.0794415416798357,0.000423728813559322,0.0,0.0,0.0,0.0,0.0,0.0,0.0,0.0,0.0005029232413402905,0.002704862605274482,2.1972245773362196,0.0005649717514124294
nc 028795,photobacterium damselae,0.002602596248452725,0.029344584734471164,4.418840607796598,0.000602753632383732,0.0,0.0,0.0,0.0,0.0,0.0,0.0,0.0,0.004140215291195142,0.02748357688698217,4.110873864173311,0.0007613971637955648
nc 029102,photobacterium damselae,0.0024975024975024975,0.028376466672214364,4.51085950651685,0.0005270311503148317,0.0,0.0,0.0,0.0,0.0,0.0,0.0,0.0,0.0039447731755424065,0.025388568951637873,4.143134726391533,0.000665723558292419
nc 028758,planomicrobium okeanokoites,0.004939796233405372,0.055689597127146225,5.176149732573829,0.000561104253170239,0.0,0.0,0.0,0.0,6.0,0.0,0.0,0.0,0.005849174848548151,0.031572556162720096,4.442651256490317,0.0009258479925932161
nc 029009,porphyromonas gingivalis,2.710504560423923e-05,0.0003320030625588628,1.6094379124341003,0.00011518473598980954,0.0,0.0,0.0,0.0,0.0,0.0,0.0,0.0,2.0938023450586266e-05,0.00014283382304929807,0.6931471805599453,0.0001422879908935686
nc 013021,prochlorococcus marinus,0.001106822303864577,0.011912954524318795,4.787491742782046,0.00022319352738770575,4.650686906456083e-05,0.00022319352738770575,1.791759469228055,0.00022319352738770575,124.0,0.0,0.0,0.0,0.004669897970475621,0.01854840444989564,5.356586274672012,0.00044639120609323994
nc 020835,prochlorococcus marinus,0.004375396322130628,0.04502905441098785,5.337538079701318,0.0004226096143687269,2.1138967572823742e-05,0.0004226096143687269,0.6931471805599453,0.0004226096143687269,124.0,0.0,0.0,0.0,0.011757390763665141,0.028352363616305366,5.342334251964811,0.0029160063391442154
nc 020872,prochlorococcus marinus,0.004171810480609595,0.043066578717790495,5.2832037287379885,0.0009362299721258803,0.0005321639916556686,0.0009362299721258803,3.258096538021482,0.0009362299721258803,124.0,0.0,0.0,0.0,0.0021515191028817315,0.013599795683820713,3.5263605246161616,0.0005745292052345994
nc 020874,prochlorococcus marinus,0.007924994045427972,0.06630157149660158,5.905361848054571,0.0008658383479804321,0.0009961237792069989,0.003614875102818304,3.8501476017100584,0.0008658383479804321,124.0,0.0,0.0,0.0,0.01245314955869907,0.027335925533168375,5.332718793265369,0.003182024806805637
nc 020878,prochlorococcus marinus,0.0055419541509014025,0.05032817888530426,5.521460917862246,0.0009122260540660807,0.0006455059431064417,0.00233618867504728,3.4011973816621555,0.0009122260540660807,124.0,0.0,0.0,0.0,0.010844848696868987,0.023457419683834777,5.231108616854587,0.0029370536012282224
nc 021559,prochlorococcus marinus,0.0054342969483043655,0.05095971808804722,6.881411303642535,0.0002122158123118679,0.0003127722794396908,0.0016921418718551572,4.04305126783455,0.0002122158123118679,124.0,0.0,0.0,0.0,0.01398612111092388,0.02673165189050189,6.81783057145415,0.002127766515321594
nc 009541,propionibacterium acnes,0.002825999192571659,0.032650728000269004,4.442651256490317,0.0006388916910454286,0.0,0.0,0.0,0.0,0.0,0.0,0.0,0.0,0.012806830309498399,0.06948029599036311,5.666426688112432,0.0018157974377080602
nc 018834,propionibacterium acnes,0.002911058597897188,0.03460669542000411,4.454347296253507,0.00065037310878346,0.0,0.0,0.0,0.0,0.0,0.0,0.0,0.0,0.01312623058411726,0.0737180844307067,5.707110264748875,0.0018484288354898336
nc 018838,propionibacterium acnes,0.002882332994235334,0.03287578376546348,4.454347296253507,0.0006439586510760888,0.0,0.0,0.0,0.0,0.0,0.0,0.0,0.0,0.012711259223994287,0.06815986754357724,5.5909869805108565,0.002338586680223691
nc 018839,propionibacterium acnes,0.0027259877498822106,0.03235897608395842,4.406719247264253,0.0006391065962528172,0.0,0.0,0.0,0.0,0.0,0.0,0.0,0.0,0.013046747158462695,0.07110199547066616,5.69035945432406,0.0018165304268846503
nc 018840,propionibacterium acnes,0.00266918944487617,0.032115358638389845,4.382026634673881,0.000675401864109145,3.379177508194505e-05,0.000675401864109145,0.6931471805599453,0.000675401864109145,0.0,0.0,0.0,0.0,0.012396876516521816,0.0670963336036536,5.641907070938114,0.00182370820668693
nc 018841,propionibacterium acnes,0.0030785885855407827,0.033881111787380805,4.5217885770490405,0.0006424562115371611,0.0,0.0,0.0,0.0,0.0,0.0,0.0,0.0,0.012769062385990515,0.07142857142857142,5.638354669333745,0.0018259281801582471
nc 018842,propionibacterium acnes,0.0026932124228684416,0.029848712007632547,4.382026634673881,0.0006474035709418018,0.0,0.0,0.0,0.0,0.0,0.0,0.0,0.0,0.013049514113836187,0.07304075235109718,5.645446897643238,0.0018401144960130853
nc 018845,propionibacterium acnes,0.00241858563837035,0.027578223417656873,4.276666119016055,0.0006468965986857785,0.0,0.0,0.0,0.0,0.0,0.0,0.0,0.0,0.012583508739818797,0.0697149433427762,5.62040086571715,0.0018386108273748722
nc 018847,propionibacterium acnes,0.0021355208298023797,0.024495189050006777,4.1588830833596715,0.0006775985905949315,3.3901752720615655e-05,0.0006775985905949315,0.6931471805599453,0.0006775985905949315,0.0,0.0,0.0,0.0,0.01380317520139445,0.07661822985468957,5.683579767338681,0.001829640170766416
nc 018849,propionibacterium acnes,0.0023983280227498544,0.029141839600027395,4.2626798770413155,0.000650640367098144,0.0,0.0,0.0,0.0,0.0,0.0,0.0,0.0,0.014368597588613906,0.07899579390115667,5.762051382780177,0.0018491884117526197
nc 018851,propionibacterium acnes,0.0021694179858309888,0.024020870036590324,4.174387269895637,0.0006775985905949315,3.3901752720615655e-05,0.0006775985905949315,0.6931471805599453,0.0006775985905949315,0.0,0.0,0.0,0.0,0.012668176984604004,0.07045586462472653,5.616771097666572,0.001829640170766416
nc 018852,propionibacterium acnes,0.0023736055067647755,0.02816376330237918,4.2626798770413155,0.0006439368264081882,0.0,0.0,0.0,0.0,0.0,0.0,0.0,0.0,0.0121669417590191,0.06709236031927024,5.556828061699537,0.0018301982714794102
nc 022334,propionibacterium acnes,0.002632388636285939,0.034442698011344225,4.356708826689592,0.0005808788355087815,0.0,0.0,0.0,0.0,0.0,0.0,0.0,0.0,0.012783595113438045,0.0706930024478771,5.683579767338681,0.0018452075858534085
nc 022335,propionibacterium acnes,0.0021796880321503986,0.027912993157912652,4.174387269895637,0.0006127242400517411,0.0,0.0,0.0,0.0,0.0,0.0,0.0,0.0,0.013174926035502958,0.07197139025480555,5.655991810819852,0.001838235294117647
nc 022336,propionibacterium acnes,0.002339300244100895,0.027887906204466132,4.248495242049359,0.0006438277252549897,0.0,0.0,0.0,0.0,0.0,0.0,0.0,0.0,0.012373292723552087,0.06864862381105546,5.564520407322694,0.0018298261665141812
nc 022337,propionibacterium acnes,0.002818144777943773,0.03145892014796213,4.430816798843313,0.0006447890860963112,0.0,0.0,0.0,0.0,0.0,0.0,0.0,0.0,0.013049095607235143,0.0717194382115848,5.717027701406222,0.0018326206475259622
nc 022338,propionibacterium acnes,0.0021356656157835857,0.025072846784576813,4.1588830833596715,0.0006437622823067019,0.0,0.0,0.0,0.0,0.0,0.0,0.0,0.0,0.01276810728884398,0.070066242831103,5.631211781821365,0.001829640170766416
nc 022340,propionibacterium acnes,0.002682603823559374,0.03329486831387456,4.382026634673881,0.000644854737985338,0.0,0.0,0.0,0.0,0.0,0.0,0.0,0.0,0.012559892077964367,0.06986369157406991,5.602118820879701,0.0018328072497708992
nc 022341,propionibacterium acnes,0.0025355490834332705,0.03143835616438356,4.31748811353631,0.0006506849315068493,0.0,0.0,0.0,0.0,0.0,0.0,0.0,0.0,0.012568133699716204,0.07093433134601157,5.634789603169249,0.0018493784033699785
nc 022342,propionibacterium acnes,0.002849785407725322,0.0317433081674674,4.430816798843313,0.0006863417982155113,3.433948010027128e-05,0.0006863417982155113,0.6931471805599453,0.0006863417982155113,0.0,0.0,0.0,0.0,0.013646804485880286,0.0756408582495539,5.717027701406222,0.001853186451147946
nc 027294,propionibacterium acnes,0.002345104170206981,0.030300971533392215,4.248495242049359,0.000611454582512399,0.0,0.0,0.0,0.0,0.0,0.0,0.0,0.0,0.012951537700748835,0.07266687900987395,5.62040086571715,0.0018344883815735833
nc 027295,propionibacterium acnes,0.0023161357456950088,0.026840233510031536,4.248495242049359,0.0006039052539757096,0.0,0.0,0.0,0.0,0.0,0.0,0.0,0.0,0.011405672009864365,0.06365957446808511,5.560681631015528,0.0018117765475591343
nc 027333,propionibacterium acnes,0.0020744065836904033,0.025050134257843037,4.127134385045092,0.0006457972196730226,0.0,0.0,0.0,0.0,0.0,0.0,0.0,0.0,0.012736273627362736,0.07086956521739131,5.648974238161206,0.0018354236769654328
nc 027336,propionibacterium acnes,0.0027472527472527475,0.031729889148784704,4.406719247264253,0.0006101901759381674,0.0,0.0,0.0,0.0,0.0,0.0,0.0,0.0,0.0127040101270401,0.07071369258336611,5.641907070938114,0.0018305705278145023
nc 027346,propionibacterium acnes,0.001978779297874518,0.02444929414171725,4.07753744390572,0.000613789811089136,0.0,0.0,0.0,0.0,0.0,0.0,0.0,0.0,0.01166084411292607,0.06628649635036496,5.5134287461649825,0.0018414322250639387
nc 027354,propionibacterium acnes,0.002490787498293981,0.028612352078573135,4.30406509320417,0.0006479555297889029,0.0,0.0,0.0,0.0,0.0,0.0,0.0,0.0,0.012129202373104811,0.06793189827198234,5.6240175061873385,0.001841620626151013
nc 027357,propionibacterium acnes,0.0020012889657745666,0.02651206943314348,4.0943445622221,0.0006441551396799566,0.0,0.0,0.0,0.0,0.0,0.0,0.0,0.0,0.012058682686866048,0.06749189507810198,5.627621113690637,0.0018307567127746134
nc 027359,propionibacterium acnes,0.002917627900664948,0.033433928995286695,4.465908118654584,0.000678173001932793,3.393051031487514e-05,0.000678173001932793,0.6931471805599453,0.000678173001932793,0.0,0.0,0.0,0.0,0.01310971475068939,0.0708702676739007,5.673323267171493,0.0018311291963377416
nc 027361,propionibacterium acnes,0.002377798158904854,0.029741291505398247,4.2626798770413155,0.0006450736742038433,0.0,0.0,0.0,0.0,0.0,0.0,0.0,0.0,0.012353415092650612,0.06817788544730922,5.6240175061873385,0.001833367284579344
nc 027362,propionibacterium acnes,0.0022467320261437907,0.0286142016263482,4.204692619390966,0.0006464563982171413,0.0,0.0,0.0,0.0,0.0,0.0,0.0,0.0,0.011862172848804368,0.06536363636363636,5.53338948872752,0.0018372971317750333
nc 027367,propionibacterium acnes,0.002414792327859804,0.02510085163603765,4.2626798770413155,0.0007240630279626246,6.90035881865857e-05,0.0007240630279626246,1.0986122886681098,0.0007240630279626246,0.0,0.0,0.0,0.0,0.013474449832152182,0.07519848430169614,5.66988092298052,0.001862004758456605
nc 027370,propionibacterium acnes,0.002277904328018223,0.027083050156313716,4.219507705176107,0.0006456436047301889,0.0,0.0,0.0,0.0,0.0,0.0,0.0,0.0,0.01209103840682788,0.06874033339061694,5.60947179518496,0.0018350494443878072
nc 027371,propionibacterium acnes,0.0028594496400457512,0.03332100467368279,4.454347296253507,0.0006388487273460879,0.0,0.0,0.0,0.0,0.0,0.0,0.0,0.0,0.011466946868290008,0.06414393704964413,5.529429087511423,0.0018157974377080602
nc 027373,propionibacterium acnes,0.0021082698585418932,0.02555823675356014,4.143134726391533,0.0006457533222309078,0.0,0.0,0.0,0.0,0.0,0.0,0.0,0.0,0.012637020726628692,0.06839109712646338,5.579729825986222,0.0018354236769654328
nc 027385,propionibacterium acnes,0.0024960678383368668,0.03168039369809644,4.30406509320417,0.0006493284576740371,0.0,0.0,0.0,0.0,0.0,0.0,0.0,0.0,0.013613976396245703,0.07616608250202211,5.683579767338681,0.001845585973546601
nc 027386,propionibacterium acnes,0.0026340996168582377,0.03237938933907751,4.356708826689592,0.000615447738229562,0.0,0.0,0.0,0.0,0.0,0.0,0.0,0.0,0.013077670760802332,0.07225162171389553,5.6937321388027,0.002359216329879988
nc 027389,propionibacterium acnes,0.0020354852936187535,0.02417604774176048,4.110873864173311,0.0006442425064424251,0.0,0.0,0.0,0.0,0.0,0.0,0.0,0.0,0.012949159021406727,0.06997596598262155,5.605802066295998,0.0018311291963377416
nc 027391,propionibacterium acnes,0.0026533319726502703,0.032639738882088945,4.3694478524670215,0.0006459948320413437,0.0,0.0,0.0,0.0,0.0,0.0,0.0,0.0,0.012364359517530586,0.06695663083936264,5.659482215759621,0.0018359853121175031
nc 027400,propionibacterium acnes,0.002359055010427707,0.030754510661563695,4.248495242049359,0.0006150902132312739,0.0,0.0,0.0,0.0,0.0,0.0,0.0,0.0,0.01301314730346123,0.07205221300138312,5.676753802268282,0.0018453967603034652
nc 027401,propionibacterium acnes,0.002522195318805488,0.03226782293032167,4.330733340286331,0.0006386339954959497,0.0,0.0,0.0,0.0,0.0,0.0,0.0,0.0,0.012741964127153258,0.0715696376438262,5.662960480135946,0.001815065039830594
nc 027620,propionibacterium acnes,0.003130153815085322,0.0353562537845657,4.543294782270004,0.0006391710960102267,0.0,0.0,0.0,0.0,0.0,0.0,0.0,0.0,0.013102136123843294,0.07174457429048414,5.717027701406222,0.0018167137666532096
nc 027621,propionibacterium acnes,0.0027166530834012497,0.031531072871058614,4.394449154672439,0.0006448766249193904,0.0,0.0,0.0,0.0,0.0,0.0,0.0,0.0,0.013157317661506074,0.07428280859358448,5.707110264748875,0.0018328072497708992
nc 027622,propionibacterium acnes,0.0024560805048609927,0.028741902488919197,4.290459441148391,0.0006818956699624957,3.411688444611238e-05,0.0006818956699624957,0.6931471805599453,0.0006818956699624957,0.0,0.0,0.0,0.0,0.012652020400156925,0.06896225522656324,5.556828061699537,0.0018412438625204583
nc 027623,propionibacterium acnes,0.002865622761232218,0.03034642662302237,4.442651256490317,0.0006478450627386798,0.0,0.0,0.0,0.0,0.0,0.0,0.0,0.0,0.013403607615066563,0.07346023651470523,5.69035945432406,0.0018412438625204583
nc 027624,propionibacterium acnes,0.0027046215220257615,0.031898357775224706,4.394449154672439,0.0006420220314928702,0.0,0.0,0.0,0.0,0.0,0.0,0.0,0.0,0.013264753654574987,0.07155322862129145,5.68697535633982,0.0018248175182481751
nc 027625,propionibacterium acnes,0.0022413910208517285,0.026238077458334747,4.204692619390966,0.0006449204032449679,0.0,0.0,0.0,0.0,0.0,0.0,0.0,0.0,0.015652023521272915,0.0812698678266689,5.8944028342648505,0.0023421588594704683
nc 027626,propionibacterium acnes,0.002352379653620619,0.02940675367158483,4.248495242049359,0.0005792755647936757,0.0,0.0,0.0,0.0,0.0,0.0,0.0,0.0,0.01325356649792913,0.07111685073031707,5.666426688112432,0.0018401144960130853
nc 027627,propionibacterium acnes,0.002175021240441801,0.02595108695652174,4.174387269895637,0.0006453804347826087,0.0,0.0,0.0,0.0,0.0,0.0,0.0,0.0,0.013411992441351338,0.07472929013858562,5.676753802268282,0.0018343014368694588
nc 027628,propionibacterium acnes,0.0025083045217273404,0.0296100552224142,4.31748811353631,0.0006436968526611783,0.0,0.0,0.0,0.0,0.0,0.0,0.0,0.0,0.012921068141633041,0.07032447344222095,5.655991810819852,0.0023376359386116474
nc 027629,propionibacterium acnes,0.002113578878070753,0.02541903310707854,4.127134385045092,0.0006579858706191994,0.0,0.0,0.0,0.0,0.0,0.0,0.0,0.0,0.013881723960043146,0.07510992248764789,5.6937321388027,0.0018701298701298702
nc 027630,propionibacterium acnes,0.00291614390831101,0.034399783094963735,4.465908118654584,0.0006439368264081882,0.0,0.0,0.0,0.0,0.0,0.0,0.0,0.0,0.013127277516793257,0.07212170007203696,5.703782474656201,0.0018301982714794102
nc 028694,propionibacterium acnes,0.0024496461622210124,0.029822831298670385,4.290459441148391,0.000646104668956371,0.0,0.0,0.0,0.0,0.0,0.0,0.0,0.0,0.011413929652923364,0.06342761762981008,5.5053315359323625,0.001836359926545603
nc 028967,propionibacterium acnes,0.002095302467049679,0.023881101165343692,4.143134726391533,0.0006417834825198447,0.0,0.0,0.0,0.0,0.0,0.0,0.0,0.0,0.011421942622585108,0.06360302049622438,5.54907608489522,0.0018240778273206323
nc 031003,propionibacterium acnes,0.0028044734772051027,0.03100430710330211,4.418840607796598,0.000683667190811513,6.841115101761587e-05,0.001367334381623026,1.0986122886681098,0.000683667190811513,0.0,0.0,0.0,0.0,0.013214095034703685,0.07174193548387096,5.697093486505405,0.0018459645164598502
nc 031005,propionibacterium acnes,0.002250792892950926,0.027029790715113505,4.204692619390966,0.0006135387551980367,0.0,0.0,0.0,0.0,0.0,0.0,0.0,0.0,0.011458771806744306,0.06498439831773165,5.5053315359323625,0.0018406790060333368
nc 031084,propionibacterium acnes,0.0020866114797838133,0.024069198946972545,4.127134385045092,0.0006495948579438613,0.0,0.0,0.0,0.0,0.0,0.0,0.0,0.0,0.01216685979142526,0.06719828390225704,5.53338948872752,0.002359216329879988
nc 031119,propionibacterium acnes,0.002045547524887495,0.02467032405356595,4.110873864173311,0.000613350598016833,0.0,0.0,0.0,0.0,0.0,0.0,0.0,0.0,0.012121479261250937,0.06537921647028798,5.62040086571715,0.0018401144960130853
nc 003460,propionibacterium freudenreichii,0.012091898428053204,0.10596140592694693,4.2626798770413155,0.0034458993797381117,0.0,0.0,0.0,0.0,500.0,0.0,0.0,0.0,0.05397082658022691,0.22137285491419656,5.811140992976701,0.007238883143743537
nc 031076,propionibacterium freudenreichii,0.033949968467521546,0.16876362585695148,7.164720378771857,0.0024953376585852747,0.015373699148533586,0.03425179270310735,6.373319789577012,0.0024953376585852747,500.0,0.0,0.0,0.0,0.08174196553330228,0.2774296790479625,8.163656176168432,0.003309692671394799
nc 031108,propionibacterium freudenreichii,0.07078864353312303,0.2010090817356206,7.939515260662406,0.03632694248234107,0.052749804396658335,0.07182139253279515,7.645397699428633,0.03632694248234107,500.0,0.0,0.0,0.0,0.10834277941509862,0.29830143960674155,8.472195825485501,0.03481419813819723
nc 019452,proteus mirabilis,0.004067350730782246,0.04433434634931174,6.45833828334479,0.0001404601986873356,4.4697303475534615e-05,0.0006512245575503741,2.0794415416798357,0.0001404601986873356,186.0,0.0,0.0,0.0,0.0038314176245210726,0.022285212931092663,5.62040086571715,0.0002873067861862897
nc 027342,proteus mirabilis,0.003878505805638378,0.04250266550353785,5.081404364984463,0.00046040515653775324,0.0,0.0,0.0,0.0,186.0,0.0,0.0,0.0,0.004267331932773109,0.02686452603300499,4.189654742026425,0.0005815644082582146
nc 027363,proteus mirabilis,0.003713975642107802,0.04214079074252652,5.043425116919247,0.00048216007714561236,2.411905163888956e-05,0.00048216007714561236,0.6931471805599453,0.00048216007714561236,186.0,0.0,0.0,0.0,0.005067456400131622,0.03229949271174468,4.356708826689592,0.0005786199913207002
nc 027375,proteus mirabilis,0.0009719522354901416,0.011034769935457007,3.7612001156935624,0.000439540102250908,0.0,0.0,0.0,0.0,186.0,0.0,0.0,0.0,0.0036747818098300414,0.022745272745272747,4.976733742420574,0.0006246096189881324
nc 027379,proteus mirabilis,0.0054782588763838905,0.0570322166720132,5.480638923341991,0.00048118784656981804,6.877106113747335e-05,0.000939461986160121,1.3862943611198906,0.00048118784656981804,186.0,0.0,0.0,0.0,0.004341147398650905,0.02654405530555012,4.189654742026425,0.0006186842647968653
nc 027390,proteus mirabilis,0.006444611773043363,0.06059465562664659,5.676753802268282,0.0009741194181850384,0.0009302325581395349,0.0021917686909163365,3.7612001156935624,0.0009741194181850384,186.0,0.0,0.0,0.0,0.008301404853128991,0.03057531511294147,4.875197323201151,0.0025239107332624866
nc 028762,proteus mirabilis,0.013533036166298295,0.13224354740136676,7.693025748417888,0.00015433146695145966,0.00017904550225350372,0.0020556951397934426,3.4011973816621555,0.00015433146695145966,186.0,0.0,0.0,0.0,0.007451513534908534,0.032615055417175146,6.073044534100405,0.0004074375879694792
nc 028795,proteus mirabilis,0.002189989526137049,0.023697734915297253,4.248495242049359,0.000602753632383732,0.0,0.0,0.0,0.0,186.0,0.0,0.0,0.0,0.004830251173060999,0.030634133261831346,4.2626798770413155,0.0007613971637955648
nc 028812,proteus mirabilis,0.0034169927047205755,0.03884125303180405,5.303304908059076,0.0003416117241143716,3.417226237463051e-05,0.0006832234482287432,1.0986122886681098,0.0003416117241143716,186.0,0.0,0.0,0.0,0.0046164078087711745,0.028308697799901205,4.77912349311153,0.0004611837048424289
nc 028916,proteus mirabilis,0.006104403249697024,0.06362596190518924,5.60947179518496,0.0004487021290916025,2.244467387888854e-05,0.0004487021290916025,0.6931471805599453,0.0004487021290916025,186.0,0.0,0.0,0.0,0.0046425845840752985,0.02794683890199975,4.30406509320417,0.00060577505552938
nc 029102,proteus mirabilis,0.0019425019425019425,0.02241269312917811,4.2626798770413155,0.0005270311503148317,0.0,0.0,0.0,0.0,186.0,0.0,0.0,0.0,0.0040083985493414775,0.024955105579292834,4.1588830833596715,0.000665723558292419
nc 028795,proteus vulgaris,0.0023486844193353856,0.02709218958187932,4.31748811353631,0.000602753632383732,0.0,0.0,0.0,0.0,229.0,0.0,0.0,0.0,0.0036571901738890423,0.02279125888188765,3.9889840465642745,0.0007613971637955648
nc 029102,proteus vulgaris,0.0032745032745032745,0.035699425813430975,4.77912349311153,0.0005547696319103492,2.7753108348134992e-05,0.0005547696319103492,0.6931471805599453,0.0005547696319103492,229.0,0.0,0.0,0.0,0.003054017942355411,0.01901046504427519,3.8918202981106265,0.000665723558292419
nc 018832,providencia stuartii,0.0031331233107817313,0.036383037312405345,5.209486152841421,0.00032699986231584743,0.0,0.0,0.0,0.0,312.0,0.0,0.0,0.0,0.005031260404720506,0.03009300822350702,4.919980925828125,0.0006195786864931846
nc 021300,pseudoalteromonas arctica,0.00029635033168440967,0.002689029670479923,2.6390573296152584,0.00041019096668337815,0.0,0.0,0.0,0.0,0.0,0.0,0.0,0.0,6.665333599946678e-05,0.00045510695013328134,0.6931471805599453,0.0004785670335680591
nc 021300,pseudoalteromonas atlantica,0.0005699044840084802,0.0067225741761998085,3.258096538021482,0.00041019096668337815,0.0,0.0,0.0,0.0,0.0,0.0,0.0,0.0,0.0009998000399920016,0.006046420908913595,2.772588722239781,0.0005469337526492104
nc 031917,pseudoalteromonas atlantica,0.0020784294085240645,0.021627575158326865,4.430816798843313,0.0005256702295426669,5.008765339343852e-05,0.0005256702295426669,1.0986122886681098,0.0005256702295426669,0.0,0.0,0.0,0.0,0.0012550988390335738,0.007708746756220425,2.833213344056216,0.0006007810153199159
nc 021300,pseudoalteromonas marina,0.00038753504912576655,0.005172963857618158,2.8903717578961645,0.0003874025796454127,0.0,0.0,0.0,0.0,0.0,0.0,0.0,0.0,0.0007331866959941345,0.004616084779923282,2.4849066497880004,0.0005469337526492104
nc 028819,pseudoalteromonas marina,0.0017371163867979154,0.01998147719379486,4.330733340286331,0.0004399166473720769,0.0,0.0,0.0,0.0,0.0,0.0,0.0,0.0,0.000787739902606703,0.00452268299471194,2.4849066497880004,0.0005557099194220616
nc 029094,pseudoalteromonas marina,0.0010842533058352541,0.012130125925869768,4.969813299576001,0.0001516265740733721,7.582420915349853e-06,0.0001516265740733721,0.6931471805599453,0.0001516265740733721,0.0,0.0,0.0,0.0,0.001182975440401183,0.006685792690532618,3.8501476017100584,0.00022744330975504355
nc 031908,pseudoalteromonas marina,0.0009608624326224514,0.0115965795947054,3.7376696182833684,0.00042169380344383273,0.0,0.0,0.0,0.0,0.0,0.0,0.0,0.0,0.0007101814190715992,0.004469625432798237,2.4849066497880004,0.000562271577171774
nc 021300,pseudoalteromonas nigrifaciens,0.0004559235872067841,0.005583154824301536,3.044522437723423,0.00041019096668337815,0.0,0.0,0.0,0.0,0.0,0.0,0.0,0.0,0.0007998400319936012,0.004681100058513751,2.5649493574615367,0.0005469337526492104
nc 021300,pseudoalteromonas phenolica,0.003419426904050881,0.03908208377011075,5.017279836814924,0.0004557677407593091,2.279825821307252e-05,0.0004557677407593091,0.6931471805599453,0.0004557677407593091,500.0,0.0,0.0,0.0,0.005665533559954676,0.03673363240361485,4.454347296253507,0.0005469337526492104
nc 021300,pseudoalteromonas translucida,0.0022340255773132425,0.028439907023380884,4.59511985013459,0.00041019096668337815,0.0,0.0,0.0,0.0,145.0,0.0,0.0,0.0,0.004732386855962141,0.03036213510174891,4.276666119016055,0.0005469337526492104
nc 001331,pseudomonas aeruginosa,0.6940278156531224,0.8686896176350524,8.535229553902337,0.06939719689753708,0.6437926330150068,0.8222887467682678,8.459564078579602,0.06939719689753708,154.0,0.0,0.0,0.0,0.7585909417685118,0.8910726643598615,8.571113033405668,0.13638219681502653
nc 001418,pseudomonas aeruginosa,0.004125128910278446,0.043373907080404596,3.2188758248682006,0.0030858906223212757,0.0,0.0,0.0,0.0,154.0,0.0,0.0,0.0,0.03412726626377533,0.15437392795883362,4.574710978503383,0.0051440329218107
nc 001628,pseudomonas aeruginosa,0.0041993281075028,0.06272651240591023,2.772588722239781,0.004739336492890996,0.0,0.0,0.0,0.0,154.0,0.0,0.0,0.0,0.03721488595438175,0.16627906976744186,4.143134726391533,0.009205020920502092
nc 002484,pseudomonas aeruginosa,0.028930527733952598,0.1805550632687059,7.398174092970465,0.0021621238436181902,0.005921250908575177,0.016215928827136426,5.814130531825066,0.0021621238436181902,154.0,0.0,0.3333333333333333,0.0,0.08365195226509095,0.2976102653522008,8.191740021277457,0.004094002552105487
nc 003278,pseudomonas aeruginosa,0.5047378040208069,0.7239741427768409,9.795456808322422,0.008993816750983699,0.44034194763926776,0.624761101742552,9.658864969544794,0.008993816750983699,154.0,0.0,0.0,0.0,0.6356084288526108,0.8235607975287841,9.996977895623466,0.050252951096121413
nc 005045,pseudomonas aeruginosa,0.03505552418595897,0.2625884898515958,7.307202314764738,0.0006350102307203839,0.0005411764705882352,0.006796961358451516,3.1780538303479458,0.0005409346409840307,154.0,0.0,0.0,0.0,0.10090373280943025,0.34868237147721787,8.256607344626158,0.0014816905383475622
nc 005178,pseudomonas aeruginosa,0.07830620278753059,0.37247081970700063,7.987864096085687,0.005477121055010502,0.02261119387103639,0.0463428252372976,6.7464121285733745,0.005477121055010502,154.0,13.0,0.7222222222222222,1.0,0.16842509111835796,0.47160762076366625,8.72371943690701,0.007577570391640744
nc 005884,pseudomonas aeruginosa,0.0028788155730213854,0.03188452138958043,4.844187086458591,0.00043395838567480526,0.0,0.0,0.0,0.0,154.0,0.0,0.0,0.0,0.02266613244805678,0.11223294472025437,5.983936280687191,0.0009592983417842949
nc 006548,pseudomonas aeruginosa,0.2751145117634812,0.5279013501912121,9.26596427572418,0.09443533910871771,0.2243362831858407,0.2922552615832878,9.061840363657739,0.09443533910871771,154.0,0.0,0.0,0.0,0.3638565117888126,0.6028352372131316,9.523251498473739,0.03894482166549598
nc 006552,pseudomonas aeruginosa,0.049294262043571645,0.3060204003374492,8.075271546297458,0.0018406319503029374,0.004986498097459187,0.01898918628729197,5.786897381366708,0.0018406319503029374,154.0,0.0,0.0,0.0,0.13155625482216607,0.4130106786587956,9.070733417589766,0.0031751875201325294
nc 007623,pseudomonas aeruginosa,0.00462594696969697,0.048036361053902424,6.885509670034818,0.00010889378121819,4.734938161707608e-06,9.469024453755652e-05,0.6931471805599453,9.469024453755652e-05,154.0,0.0,0.0,0.0,0.021970233876683204,0.11132171458579493,7.865187954187467,0.0001988495135288687
nc 007805,pseudomonas aeruginosa,0.32375459371171905,0.5594275364167454,9.448333126140598,0.04574096277966275,0.26947422154160283,0.39253552386540475,9.264733855806515,0.04574096277966275,154.0,0.0,0.0,0.0,0.4130170144098746,0.6250855063343093,9.588091641516831,0.06360018368284096
nc 007806,pseudomonas aeruginosa,0.01258607854085241,0.11451429103002396,6.295266001439646,0.0005116398055768739,0.00013959981386691485,0.0019070210935138027,1.9459101490553132,0.0005116398055768739,154.0,0.0,0.0,0.0,0.05817428056101435,0.21621621621621623,7.6787889981991535,0.0020233028675085466
nc 007807,pseudomonas aeruginosa,0.002629757785467128,0.027718205926438373,4.74493212836325,0.00043814135823821054,0.0,0.0,0.0,0.0,154.0,0.0,0.0,0.0,0.023157538877620013,0.11187890753537348,6.021023349349527,0.0011068834313386372
nc 007808,pseudomonas aeruginosa,0.0031839432532645494,0.02919075726747114,5.0689042022202315,0.0006043635045025081,0.00016122531237404273,0.0013094542597554342,2.1972245773362196,0.0005036362537520901,154.0,0.0,0.0,0.0,0.02608442018417434,0.11621042416400469,6.440946540632921,0.0009670010878762239
nc 007809,pseudomonas aeruginosa,0.031885716208712625,0.25179154190357633,7.547501682814967,0.0006055916293779228,0.000555303145035085,0.006106382262894055,3.5263605246161616,0.0004710157117383844,154.0,0.0,0.0,0.0,0.1377505085197906,0.42558839716403896,9.019542996701185,0.0012616704516780217
nc 007810,pseudomonas aeruginosa,0.016939393939393938,0.1462394910247671,7.020190708311925,0.00037870181019465275,4.545730044245106e-05,0.0006210709687192305,1.3862943611198906,0.0003181095205635083,154.0,0.0,0.0,0.0,0.06268633449599563,0.24054140667709767,8.076515327552329,0.0009543285616905249
nc 008717,pseudomonas aeruginosa,0.07126373626373626,0.38360565700947413,7.861341795599989,0.003020733214334752,0.01574348829541708,0.04234518742276534,6.352629396319567,0.003020733214334752,154.0,14.0,0.7222222222222222,1.0,0.16932641893247,0.47662852234629133,8.684570300824369,0.00535508320975449
nc 009818,pseudomonas aeruginosa,0.06784085288783866,0.3550495756543712,7.8119734296220225,0.009887665137740668,0.014949161857653201,0.03905627729407564,6.300785794663244,0.009887665137740668,154.0,7.0,0.7222222222222222,1.0,0.15362590009638827,0.45033185233942186,8.597851094433691,0.008404746209624258
nc 009935,pseudomonas aeruginosa,0.03313650573115665,0.2532175925925926,7.266827347520591,0.0005555555555555556,0.0005558000046316668,0.006273148148148148,3.2188758248682006,0.0005324074074074074,154.0,0.0,0.0,0.0,0.10484768748102419,0.35518068749387915,8.329658067569396,0.0015972222222222223
nc 009936,pseudomonas aeruginosa,0.021453653374380682,0.17709710768638953,6.794586580876499,0.0006010626788161469,0.0002886419396738346,0.003942971173033924,2.5649493574615367,0.0005048926502055634,154.0,0.0,0.0,0.0,0.08397124992695612,0.30820874471086035,7.963807953231451,0.0015868436237738027
nc 010116,pseudomonas aeruginosa,0.030282362569908607,0.24141281557370062,7.482681828154651,0.0006136747183062578,0.00046040515653775324,0.004790072106779401,3.332204510175204,0.00047730255868264494,154.0,0.0,0.0,0.0,0.1364513018322083,0.427303423375234,8.977777598745481,0.00122737035900583
nc 010325,pseudomonas aeruginosa,0.007059855294891471,0.06967671232876713,5.777652323222656,0.000547945205479452,0.0001534885760645529,0.0009863013698630137,2.0794415416798357,0.000547945205479452,154.0,0.0,0.0,0.0,0.0350975765067236,0.15787756877242579,6.843749949006225,0.0009863229879011047
nc 010326,pseudomonas aeruginosa,0.03353777594009143,0.25326076972536055,7.2868764117507,0.0006200055111600992,0.00027567828344322176,0.004202259575640672,2.5649493574615367,0.0005051896757600808,154.0,0.0,0.0,0.0,0.09804972685965181,0.3433293745051465,8.253748343328501,0.0013777900248002205
nc 011107,pseudomonas aeruginosa,0.034298886974339866,0.25886268941598195,7.295735072749282,0.0006284769907590605,0.0004657444925713753,0.006657200716929308,3.044522437723423,0.0005353692884243849,154.0,0.0,0.0,0.0,0.10020008424599831,0.3479781476564893,8.244596756382498,0.002164804469273743
nc 011165,pseudomonas aeruginosa,0.01816431720797367,0.15184627562978253,7.065613363597717,0.0003725146289599081,7.763010806111042e-05,0.0015521442873329505,1.791759469228055,0.0003104288574665901,154.0,0.0,0.0,0.0,0.06371570584321554,0.24210725791169224,8.088561805276234,0.0007450523864959255
nc 011166,pseudomonas aeruginosa,0.018958129745170263,0.15950698932812266,7.140453043101158,0.000360739516007816,0.00018042128369743352,0.0025852998647226816,2.5649493574615367,0.00033067788967383133,154.0,0.0,0.0,0.0,0.0636316606311433,0.2475334238936155,8.144679183447758,0.0006764069264069264
nc 011373,pseudomonas aeruginosa,0.02377446272702051,0.1555726233145588,7.016609683894219,0.00136542072025943,0.0031588158709154163,0.013696876600102407,5.003946305945459,0.00136542072025943,154.0,0.0,0.1111111111111111,0.0,0.07236413397628047,0.25637482728300465,7.706162970199576,0.002304147465437788
nc 011611,pseudomonas aeruginosa,0.06956875508543531,0.36337264470652025,7.850103545175582,0.0020875694726853735,0.015135897575001356,0.0430527314626542,6.326149473155099,0.0020875694726853735,154.0,7.0,0.7222222222222222,1.0,0.16088235294117648,0.4667977847937477,8.70251025718999,0.0046360309068727125
nc 011613,pseudomonas aeruginosa,0.0688204932135347,0.3552904564315353,7.83241092718792,0.006224066390041493,0.015240488351132111,0.03805416029700808,6.326149473155099,0.006224066390041493,154.0,14.0,0.7222222222222222,1.0,0.16386062123714637,0.46899624040789,8.72453251118548,0.008271908271908272
nc 011756,pseudomonas aeruginosa,0.01889265536723164,0.15790028618767887,7.134890851565884,0.0003765627353517096,0.00019586867758508987,0.0028920018075011297,2.6390573296152584,0.0003313752071095044,154.0,0.0,0.0,0.0,0.06326280751425183,0.24422307806250926,8.104099056143582,0.0008133755083596927
nc 011810,pseudomonas aeruginosa,0.01742992288856104,0.14918496441822274,7.044905117129371,0.0003497354175536768,0.00012168225720587116,0.0018551183018064594,2.1972245773362196,0.00031932364211422664,154.0,0.0,0.0,0.0,0.062004269403262764,0.23970200746876955,8.06054004653864,0.0008667487797089549
nc 012418,pseudomonas aeruginosa,0.03579293877645641,0.269720986281053,7.3427791893318455,0.0006256952169076752,0.0006491549393735655,0.007253429736744531,3.367295829986474,0.0005329996292176493,154.0,0.0,0.0,0.0,0.10904523850567636,0.3698385057608359,8.395929103923198,0.0014599555061179088
nc 013691,pseudomonas aeruginosa,0.010482600218999546,0.09727506975874821,6.666956792429207,0.00028037008851684224,0.00010683475334526322,0.0016288167047168929,2.1972245773362196,0.00028037008851684224,154.0,0.0,0.0,0.0,0.044983189532952564,0.19266524856219963,7.706162970199576,0.0006007930468218048
nc 013692,pseudomonas aeruginosa,0.013111996580678074,0.12318041464490516,6.858565034791365,0.0003446184384649316,0.00022061358152361256,0.0028396559329510367,2.833213344056216,0.0003032642258491398,154.0,0.0,0.0,0.0,0.04917149650765344,0.20454955442508208,7.881559917056899,0.0007030313055704893
nc 015294,pseudomonas aeruginosa,0.005097496324436861,0.048123350286486836,6.16541785423142,0.0005150325114272839,0.0003756211163459578,0.001191012682675594,3.58351893845611,0.0005150325114272839,154.0,0.0,0.0,0.0,0.027047316243845355,0.1281756425818267,7.111512116496157,0.0005794115753556943
nc 016073,pseudomonas aeruginosa,0.004026973121853928,0.04163342830009497,6.456769655572163,0.00014561570117125672,8.231442845293197e-05,0.0006837606837606838,2.6390573296152584,0.00014561570117125672,154.0,0.0,0.0,0.0,0.01816253840506811,0.09180742575561938,7.198183577101943,0.0003418803418803419
nc 016762,pseudomonas aeruginosa,0.04849348534201954,0.28680166887147657,7.776115477098742,0.00120077337946474,0.006616988354100497,0.02452426986872901,5.786897381366708,0.00120077337946474,154.0,0.0,0.5555555555555556,0.0,0.12656482535235927,0.39597827931444085,8.6628507638386,0.0026865307119306385
nc 016765,pseudomonas aeruginosa,0.02651409950193486,0.17271953205982526,7.267525427828172,0.0022582555901081,0.006203129339875937,0.016103953798311862,5.817111159963204,0.0022582555901081,154.0,0.0,0.2222222222222222,0.0,0.08106384022768537,0.290720234715124,8.103191752285786,0.004275877387827632
nc 017674,pseudomonas aeruginosa,0.01913673407787504,0.15953225198038476,7.1459844677143876,0.0003621274990569596,0.00016602269983095872,0.0024594492644285175,2.4849066497880004,0.00033195020746887966,154.0,0.0,0.0,0.0,0.06263535526637916,0.24263191469971748,8.109826276018477,0.0007242768548277579
nc 017864,pseudomonas aeruginosa,0.012608279436830185,0.11457847073102419,6.293419278846481,0.0005134908038465129,9.340338587273788e-05,0.000980300625525161,1.6094379124341003,0.0005134908038465129,154.0,0.0,0.0,0.0,0.060742004733858095,0.22525806108332447,7.699842407396986,0.002030670121139976
nc 017865,pseudomonas aeruginosa,0.03296780051686806,0.2516641065028162,7.256297239690681,0.0006284038542103058,0.00041912124246163877,0.005725457338360564,2.9444389791664403,0.0005353069869198901,154.0,0.0,0.0,0.0,0.1019558131111916,0.35442497866572964,8.279443487712665,0.001466275659824047
nc 018274,pseudomonas aeruginosa,0.07216550825369245,0.3732732651233479,7.88570539124302,0.002985317664938801,0.016780710329097427,0.046272423806551416,6.428105272684596,0.002985317664938801,154.0,14.0,0.7222222222222222,1.0,0.1672322519343016,0.473818076933162,8.725994381014571,0.004722357922162514
nc 018282,pseudomonas aeruginosa,0.030988356881214024,0.24617849494008207,7.547501682814967,0.00040871711870779995,0.0003924903512788644,0.005672993607664264,3.2188758248682006,0.00035967106446286397,154.0,0.0,0.0,0.0,0.13347179179309113,0.42690012439181846,9.01517670716893,0.0009809210848987198
nc 019450,pseudomonas aeruginosa,0.005139674415603966,0.04922756055344722,6.171700597410915,0.00026876807465302043,0.00018279963009957203,0.001408344711181827,2.8903717578961645,0.00026876807465302043,154.0,0.0,0.0,0.0,0.02505301357584767,0.12232461042110368,7.044905117129371,0.0005805515239477503
nc 019451,pseudomonas aeruginosa,0.01874404320660807,0.15616492225784984,7.122866658599083,0.000378123298445157,0.00016642207664493093,0.0022989896545465545,2.4849066497880004,0.00033274850263173816,154.0,0.0,0.0,0.0,0.06446991404011461,0.24801108751214945,8.150756470275551,0.0007260186949813958
nc 019813,pseudomonas aeruginosa,0.008019993184141769,0.07540313422666364,5.869296913133774,0.0005223711106064048,0.00015905114630433302,0.0014535543947308653,2.0794415416798357,0.0005223711106064048,154.0,0.0,0.0,0.0,0.037266616878267364,0.16672691779336274,6.906754778648554,0.0009539384028345599
nc 019913,pseudomonas aeruginosa,0.004940021810250818,0.04814915771684021,6.118097198041348,0.00029439023060568066,0.00021811202233467107,0.0012538843155427137,3.044522437723423,0.00029439023060568066,154.0,0.0,0.0,0.0,0.02506271595588583,0.12208877523061466,6.966024187106113,0.000588793300840666
nc 019918,pseudomonas aeruginosa,0.0045285460132621705,0.04732905061653876,6.042632833682381,0.00025868759161852203,7.548227783948154e-05,0.0004850392342847288,2.0794415416798357,0.00025868759161852203,154.0,0.0,0.0,0.0,0.025121179256767226,0.12219116109344658,7.035268599281097,0.000582053354890865
nc 019935,pseudomonas aeruginosa,0.01961671006876764,0.1635382888500873,7.138073034044347,0.00037415814417560486,0.00021832358674463937,0.0033050636068845097,2.70805020110221,0.00034297829882763784,154.0,0.0,0.0,0.0,0.06484317044870941,0.2478969167050161,8.134467570277563,0.0007483279547261587
nc 021531,pseudomonas aeruginosa,0.00524167983783832,0.05638669756104094,7.069023426578259,0.00010268361392746966,1.3394651069339643e-05,0.00026787029720209477,1.3862943611198906,8.929009906736491e-05,154.0,0.0,0.0,0.0,0.025429105437336032,0.12682528846634142,7.995306620290822,0.00018750920804146633
nc 021783,pseudomonas aeruginosa,0.015800401762352503,0.14316333074560367,6.842683282238422,0.0003544064535727546,0.00010129146619397316,0.002025179734701455,1.9459101490553132,0.0003375299557835758,154.0,0.0,0.0,0.0,0.05290094226813986,0.22347801969213701,7.70210434005105,0.0008100855652878336
nc 021801,pseudomonas aeruginosa,0.0006995126728379229,0.009789753391450282,3.4339872044851463,0.00039625192298727333,0.0,0.0,0.0,0.0,154.0,0.0,0.0,0.0,0.012522709576953023,0.06771096513390601,5.267858159063328,0.0009090909090909091
nc 022091,pseudomonas aeruginosa,0.03362187638535664,0.2550030321406913,7.273786317844895,0.0005364556607734292,0.000466690001166725,0.00578439147268741,3.044522437723423,0.0005364556607734292,154.0,0.0,0.0,0.0,0.09936005389019872,0.3479681334975246,8.252185436003328,0.001399482191589112
nc 022096,pseudomonas aeruginosa,0.015709503959337373,0.13577181286051312,8.30795254527102,0.0001859463312401458,0.0003176816984348365,0.0026032486373620415,4.418840607796598,0.0001859463312401458,154.0,0.0,0.0,0.0,0.055450002849923054,0.22534977756081387,9.365205082537098,0.0010459521651209817
nc 022746,pseudomonas aeruginosa,0.034069209631596105,0.25290406685755523,7.288927694521257,0.0006285355122564425,0.0005123666682192929,0.004935167725865401,3.1354942159291497,0.0005354191400703029,154.0,0.0,0.0,0.0,0.10218021424070574,0.3551027388892961,8.307705966549513,0.0013967455827920943
nc 022966,pseudomonas aeruginosa,0.010758057194734452,0.10180972371929427,6.855408798609928,0.00029500198559028764,0.00022697353488583232,0.002167129971067113,3.044522437723423,0.00029500198559028764,154.0,0.0,0.0,0.0,0.043228095775021555,0.19236182190378712,7.866338923046544,0.0005446252297637689
nc 022967,pseudomonas aeruginosa,0.0048767301038062285,0.047613384507270665,6.113682179832232,0.00029190767068490187,0.00022708594662398894,0.0010487053354235364,3.091042453358316,0.00029190767068490187,154.0,0.0,0.0,0.0,0.02580572458868605,0.12382506527415144,7.044032897274685,0.0005838279653595408
nc 022970,pseudomonas aeruginosa,0.011477941009513862,0.1015017537487088,6.919683849847411,0.0005108005947989148,0.0006585072322259815,0.0032464215580553252,4.07753744390572,0.0004994494704700501,154.0,0.0,0.0,0.0,0.04521496051058384,0.19617939929500822,7.895808377083183,0.0005789204835688745
nc 022971,pseudomonas aeruginosa,0.007346290454234596,0.07112297106563162,5.811140992976701,0.0005513408609738885,0.00015444015444015445,0.0009924135497529993,2.0794415416798357,0.0005513408609738885,154.0,0.0,0.0,0.0,0.03656721970091511,0.16244513204288696,6.891625897052253,0.0009924573243350536
nc 022974,pseudomonas aeruginosa,0.01023345421577516,0.09891790833380545,6.806829360392176,0.00027193926689705964,0.00012466566934131194,0.001631635601382358,2.4849066497880004,0.0002379468585349272,154.0,0.0,0.0,0.0,0.04101887245239034,0.18609342703596526,7.780720886117918,0.0004758991093888096
nc 022986,pseudomonas aeruginosa,0.004660052398745866,0.04532620481604346,6.075346031088684,0.00028986440787142904,0.0002147581822867451,0.001030629005765081,3.044522437723423,0.00028986440787142904,154.0,0.0,0.0,0.0,0.02570480928689884,0.12501081408426334,7.045776576879511,0.0005797288157428581
nc 023575,pseudomonas aeruginosa,0.02336212390936463,0.16145604636866603,6.96979066990159,0.002546763853517169,0.004198817296489261,0.0112847984543778,5.2574953720277815,0.002546763853517169,154.0,0.0,0.5,0.0,0.07398710000626213,0.26889332607248745,7.768110378525988,0.0038861810038203137
nc 023583,pseudomonas aeruginosa,0.007377246557649789,0.07287289915966387,5.823045895483019,0.000547093837535014,0.0001532499945267859,0.0009847689075630252,2.0794415416798357,0.000547093837535014,154.0,0.0,0.0,0.0,0.03620312326124856,0.1660158349156307,6.884486652042782,0.0009847689075630252
nc 023700,pseudomonas aeruginosa,0.07154438589379813,0.3659305993690852,7.812782818577581,0.006367030359158394,0.016013204378293854,0.04074899429861372,6.317164686747284,0.006367030359158394,154.0,20.0,0.7222222222222222,1.0,0.1634285070676353,0.4688623733246159,8.666474894131992,0.008769644872796736
nc 024123,pseudomonas aeruginosa,0.03388561265562108,0.24604994306926833,7.6838639802564295,0.0006862882722692746,0.0025275376790339188,0.011120989502908926,5.093750200806762,0.0006862882722692746,154.0,0.0,0.0,0.0,0.09621153751577843,0.33403805496828753,8.677609912822142,0.0023864114922090684
nc 024140,pseudomonas aeruginosa,0.012678266424117868,0.11974509912811684,6.81783057145415,0.00034708724384961405,0.00020830729492146816,0.0025823290942411283,2.772588722239781,0.00030543677458766036,154.0,0.0,0.0,0.0,0.0461692557735193,0.19984219604389153,7.8013913202914855,0.0007080678079053688
nc 024330,pseudomonas aeruginosa,0.06401712832864981,0.3531567683253076,7.780303087908373,0.0014178705189941145,0.009635716388747625,0.03598180845371857,5.8888779583328805,0.0014178705189941145,154.0,20.0,0.7222222222222222,1.0,0.15373829303137732,0.4539827083439914,8.667680024690174,0.0040128410914927765
nc 024381,pseudomonas aeruginosa,0.012225450319581638,0.11187755481233742,6.267200548541362,0.0005109624674842066,9.298649371178836e-05,0.0009754738015607581,1.6094379124341003,0.0005109624674842066,154.0,0.0,0.0,0.0,0.057898866372663074,0.21899260266095094,7.669028288589683,0.001254180602006689
nc 024782,pseudomonas aeruginosa,0.06520969980676591,0.3474129974482871,7.781973234434385,0.006189261089092785,0.012827146708788366,0.03444812421955589,6.156978985585555,0.006189261089092785,154.0,20.0,0.7222222222222222,1.0,0.15407560062910136,0.4553271812080537,8.645234541297121,0.004723511686619431
nc 026586,pseudomonas aeruginosa,0.019506970007845032,0.1619330608304801,7.165493475060845,0.0003619964102022655,0.00012070006035003017,0.0019608138885956047,2.1972245773362196,0.0003167468589269823,154.0,0.0,0.0,0.0,0.0645244930086119,0.24560869487367723,8.156223323194624,0.0007240146612968913
nc 026587,pseudomonas aeruginosa,0.010900952093794575,0.10240474920576027,6.846943139585379,0.00024348955313869628,9.277836408549526e-05,0.001414558356329569,2.1972245773362196,0.00024348955313869628,154.0,0.0,0.0,0.0,0.043264138953611524,0.1903131282156121,7.804659297056102,0.0005913454849032976
nc 026594,pseudomonas aeruginosa,0.03297830933088001,0.2536392097210676,7.5310163320779155,0.0005483134938182075,0.00031848260731094516,0.004351132886428357,2.9444389791664403,0.0004068132373489927,154.0,0.0,0.0,0.0,0.13547721410146174,0.41681392324875804,8.971956271245688,0.0013266118333775537
nc 026599,pseudomonas aeruginosa,0.007250016378049047,0.07005326580509955,5.808142489980444,0.0005457561997904296,0.0001528751446854048,0.0009823611596227733,2.0794415416798357,0.0005457561997904296,154.0,0.0,0.0,0.0,0.03890934791503924,0.16992194525376786,6.953684210870537,0.0009823826052786692
nc 026600,pseudomonas aeruginosa,0.017531662787534385,0.14431634457019385,7.057036981697891,0.0003928619996675783,0.00013602974517094404,0.002145630921261389,2.302585092994046,0.00031731161511612093,154.0,0.0,0.0,0.0,0.060024126391158845,0.23302835197108324,8.034631032923107,0.0009519492293744334
nc 026601,pseudomonas aeruginosa,0.07441635547913925,0.3750469950051023,7.9269635448629785,0.006418174982544713,0.021951153980493833,0.0443901391052151,6.706862336602747,0.006418174982544713,154.0,7.0,0.7222222222222222,1.0,0.167206544416383,0.4680014870678209,8.714731714015052,0.007895584917821464
nc 026602,pseudomonas aeruginosa,0.034224280212726936,0.2539242420770412,7.309212365692763,0.0006187126194459085,0.000343878954607978,0.005568413575013176,2.772588722239781,0.0005270514906391072,154.0,0.0,0.0,0.0,0.10512157003407548,0.3597983460401818,8.319717386850606,0.0013749484394335212
nc 027345,pseudomonas aeruginosa,0.013069746414039702,0.12132916940609248,6.86171134048073,0.0003013368397983783,0.00021921111400347997,0.0028216085908393603,2.833213344056216,0.0003013368397983783,154.0,0.0,0.0,0.0,0.04826233594838331,0.20697450868698378,7.876258882303226,0.0006985535831689677
nc 027375,pseudomonas aeruginosa,0.03529112283624919,0.2650195479677054,7.330405211844402,0.0006246096189881324,0.0005785965561932975,0.007171443773567447,3.258096538021482,0.0005320748606195202,154.0,0.0,0.0,0.0,0.09883631909355382,0.35127710127710127,8.262042843966942,0.0013880213755291832
nc 027384,pseudomonas aeruginosa,0.0734790059982862,0.37586659171819375,7.917536353943631,0.002944404293476806,0.0177289769683985,0.04614684547230922,6.4967749901858625,0.002944404293476806,154.0,20.0,0.7222222222222222,1.0,0.16408096725988316,0.4662021822006047,8.706159290928861,0.007789287721834097
nc 027388,pseudomonas aeruginosa,0.013390840008215239,0.12607802874743326,6.88653164253051,0.00034223134839151266,0.0002053922306965535,0.0028062970568104037,2.772588722239781,0.00030116358658453113,154.0,0.0,0.0,0.0,0.04784530994881579,0.2034342102919435,7.866722285136729,0.0006981519507186858
nc 028652,pseudomonas aeruginosa,0.004867472952579335,0.04695618909987355,6.129050210060545,0.0002869013590623639,0.00024444680624933574,0.0012538651988651458,3.1780538303479458,0.0002869013590623639,154.0,0.0,0.0,0.0,0.025414490120372474,0.12200946455174831,7.02108396428914,0.0004463004877426759
nc 028657,pseudomonas aeruginosa,0.061884276894785234,0.2254469049065152,8.234830280442056,0.005154385331341617,0.0348440065681445,0.0616392258572859,7.660585461703256,0.005154385331341617,154.0,0.0,0.5555555555555556,0.0,0.13223497870316317,0.3458242101970597,8.718827059242566,0.01895991332611051
nc 028667,pseudomonas aeruginosa,0.21410884835009347,0.486626423862804,9.044875932248651,0.008915717424797312,0.15714863294081974,0.25299926754729374,8.735525185733225,0.008915717424797312,154.0,0.0,0.0,0.0,0.31545997485331095,0.585008863003292,9.396321889601625,0.02212624081230583
nc 028695,pseudomonas aeruginosa,0.013489475244589386,0.11261761873008817,6.304448802421981,0.0005927243091057272,0.00017295908282269224,0.0017287792348917043,2.0794415416798357,0.0005433306166802499,154.0,0.0,0.0,0.0,0.042518939393939394,0.18287100613384602,6.80128303447162,0.0011854486182114544
nc 028745,pseudomonas aeruginosa,0.016962488840467867,0.1475295755045233,7.022868086082641,0.0003782033826510544,0.00015132484905346308,0.002738192490393634,2.3978952727983707,0.0003176908414268857,154.0,0.0,0.0,0.0,0.06087618007334009,0.23579738611467854,8.046229101075378,0.0011346101479531633
nc 028770,pseudomonas aeruginosa,0.037485592101966156,0.2845786432412572,7.716460800176355,0.0010354387254083303,0.0009522377587330226,0.006145829854036541,4.060443010546419,0.000400814990480644,154.0,0.0,0.0,0.0,0.15232365769288614,0.4539849580223881,9.223157875686796,0.0011022596322461046
nc 028795,pseudomonas aeruginosa,0.004633890881391437,0.044889283674893726,4.990432586778736,0.000666201383160967,3.174300860235533e-05,0.0006344775077723495,0.6931471805599453,0.0006344775077723495,154.0,0.0,0.0,0.0,0.03160364338945625,0.15310363319479822,6.129050210060545,0.001237270391167793
nc 028809,pseudomonas aeruginosa,0.057392016656142804,0.3839555229633167,8.120886021092838,0.00042635196207172946,0.0009558108177302907,0.011358016269590872,4.04305126783455,0.0003922438051059911,154.0,0.0,0.0,0.0,0.23297191730082834,0.5750265076643148,9.758346166866458,0.00235354310565362
nc 028817,pseudomonas aeruginosa,0.004708940594903265,0.04621906922740975,6.093569770045136,0.0002876042565429968,0.00015981248668229278,0.0007669446841146582,2.772588722239781,0.0002876042565429968,154.0,0.0,0.0,0.0,0.024942364694258427,0.12292218104817364,7.036148493750536,0.0005752085130859936
nc 028836,pseudomonas aeruginosa,0.03372320146847716,0.2570339700762209,7.2682230211595655,0.0006351745553778112,0.0005177810727482407,0.007222169944481039,3.1354942159291497,0.0005410746212477651,154.0,0.0,0.0,0.0,0.1020855614973262,0.3517212774782248,8.247743887225516,0.001340955607311737
nc 028879,pseudomonas aeruginosa,0.014927100208285119,0.12830537883169463,6.470799503782602,0.0006015037593984962,0.0002777392028884877,0.0037941006362058995,2.5649493574615367,0.0005552342394447657,154.0,0.0,0.0,0.0,0.06602191413237925,0.23105896379796229,7.767687277186908,0.0022903942254303166
nc 028882,pseudomonas aeruginosa,0.010713272159682149,0.1018171500183252,6.810142450115136,0.00031921308064268236,0.00023650726077290571,0.0020335055507607913,3.044522437723423,0.00031921308064268236,154.0,0.0,0.0,0.0,0.04199123661148978,0.18662621115097058,7.789868559054706,0.0004965595516776619
nc 028885,pseudomonas aeruginosa,0.013128256153006371,0.1262952830970737,6.85751406254539,0.00034540882588631903,0.0002211196948548211,0.0031086794329768714,2.833213344056216,0.0003039597667799608,154.0,0.0,0.0,0.0,0.049164299155075086,0.20642283994841668,7.888334500738654,0.0007046340048080909
nc 028908,pseudomonas aeruginosa,0.012319736299958797,0.11508410573292138,6.8001700683022,0.0003158256093374528,0.00016482158063895833,0.002251973910058359,2.5649493574615367,0.0003158256093374528,154.0,0.0,0.0,0.0,0.04725486223662885,0.20575643812158334,7.937374696163295,0.0005767250257466529
nc 028919,pseudomonas aeruginosa,0.007797100179596127,0.07426707244980624,5.877735781779639,0.0005473693429378407,0.00015332720024532353,0.0009852648172881133,2.0794415416798357,0.0005473693429378407,154.0,0.0,0.0,0.0,0.03640137895244097,0.16346671451641845,6.890609120147166,0.0009852863899106673
nc 028931,pseudomonas aeruginosa,0.04865582596675034,0.33849894752123105,7.892078421248119,0.0004899470131378384,0.0006367109332363107,0.009254554692603615,3.58351893845611,0.00043550845612252303,154.0,0.0,0.0,0.0,0.18616183510845666,0.5074426125459024,9.387565631345389,0.001578746801676738
nc 028933,pseudomonas aeruginosa,0.007388568547061016,0.06936834261166878,5.823045895483019,0.0005260158681453557,0.000219264586576622,0.0023013194231359313,2.3978952727983707,0.0005260158681453557,154.0,0.0,0.0,0.0,0.03676190476190476,0.1613926384893413,6.873163834212518,0.0008548132561809574
nc 028939,pseudomonas aeruginosa,0.01847168933844902,0.1552032059938145,7.148345743900068,0.00034847758853508734,0.00014536574020234912,0.0021925048278665913,2.3978952727983707,0.00031943778949049674,154.0,0.0,0.0,0.0,0.06230224499020642,0.2398739710060465,8.104401307921613,0.0006969551770701747
nc 028971,pseudomonas aeruginosa,0.019955821834906802,0.16360363630863245,7.1853870155804165,0.00036302582021146255,0.0001513042425709617,0.002284037452163785,2.3978952727983707,0.000332773668527174,154.0,0.0,0.0,0.0,0.061813134578088756,0.23971518987341772,8.087025470667701,0.0007260516404229251
nc 028980,pseudomonas aeruginosa,0.031078081266287038,0.24750325662179765,7.566828479208331,0.000578954986249819,0.0006273929410250636,0.006850967337289526,3.6888794541139363,0.00045029832263874815,154.0,0.0,0.0,0.0,0.13208222790084473,0.4184974019615585,9.001592700945706,0.0013991412167703961
nc 028999,pseudomonas aeruginosa,0.0046540510296158065,0.04770575146826732,7.272398392570047,0.00013906496597759438,0.00011966790539120085,0.0007341336576026493,3.6375861597263857,0.00013906496597759438,154.0,0.0,0.0,0.0,0.022702253870202742,0.11220999359775617,8.191463051326927,0.00016493805120841378
nc 029009,pseudomonas aeruginosa,0.0011722932223833466,0.01232476675090962,5.159055299214529,0.00016938931763207284,6.776445076912652e-05,0.00045396337125395525,2.3978952727983707,0.00016938931763207284,154.0,0.0,0.0,0.0,0.015556951423785595,0.08392507345739471,6.612041034833092,0.00024392227010326044
nc 029010,pseudomonas aeruginosa,0.0007146905882642877,0.008844107213243989,3.4011973816621555,0.0004927079227433977,2.4646932689226827e-05,0.0004927079227433977,0.6931471805599453,0.0004927079227433977,154.0,0.0,0.0,0.0,0.013002446696959106,0.06813082205752363,5.231108616854587,0.0009608277900960828
nc 029019,pseudomonas aeruginosa,0.012706092348161021,0.11412673443993145,6.295266001439646,0.0005165167985349705,0.00011744257058298492,0.001455638250416735,1.791759469228055,0.0005165167985349705,154.0,0.0,0.0,0.0,0.05732395152733568,0.21477997621364472,7.627544390488503,0.0012678734944002255
nc 029033,pseudomonas aeruginosa,0.015745058849655786,0.13593073593073593,6.565264970035361,0.0005106005106005106,0.00013325634078088216,0.002242202242202242,1.9459101490553132,0.0004662004662004662,154.0,0.0,0.0,0.0,0.0613945248705954,0.23834918933404797,7.704811922932594,0.0013986013986013986
nc 029083,pseudomonas aeruginosa,0.004997378249098438,0.04861764957630745,6.148468295917647,0.00028888128049302405,0.0001712237144844561,0.0007810493879996576,2.833213344056216,0.00028888128049302405,154.0,0.0,0.0,0.0,0.025796695354370982,0.1256781387370001,7.057036981697891,0.00044938049688643514
nc 029101,pseudomonas aeruginosa,0.013397619740360503,0.1269669769503546,6.875232087276577,0.00034629875886524824,0.0002494007454311169,0.003144392730496454,2.9444389791664403,0.00030474290780141845,154.0,0.0,0.0,0.0,0.04851088832580515,0.2032816122703763,7.879669914604289,0.0007064494680851064
nc 029102,pseudomonas aeruginosa,0.00493950493950494,0.049097112424065906,5.187385805840755,0.0005825081135058667,5.5506216696269984e-05,0.0011095392638206985,1.0986122886681098,0.0005547696319103492,154.0,0.0,0.0,0.0,0.028440542088184768,0.13988482258963403,6.104793232414985,0.001081800782225181
nc 029106,pseudomonas aeruginosa,0.03330921951611607,0.24064609450337512,7.636752112435779,0.0003857280617164899,0.00041799971061558494,0.006219864995178399,3.295836866004329,0.00036965605914496947,154.0,0.0,0.0,0.0,0.09374369323915237,0.3299742360499625,8.62604759632832,0.0010125361620057858
nc 030908,pseudomonas aeruginosa,0.06269804728759852,0.34926092371000056,7.7475968386928855,0.00232822567545617,0.012324277472304234,0.03546483296334398,6.1224928095143865,0.00232822567545617,154.0,14.0,0.7222222222222222,1.0,0.15140361478877107,0.4528146574614976,8.614864218589684,0.004548408057179987
nc 030910,pseudomonas aeruginosa,0.004725887837506267,0.046291358235381955,6.095824562432225,0.00028798771252426563,0.00016002560409665546,0.0007679672333980417,2.772588722239781,0.00028798771252426563,154.0,0.0,0.0,0.0,0.024968158461065485,0.12296158244737176,7.037027614686276,0.0005759815685898052
nc 030918,pseudomonas aeruginosa,0.08229092696782651,0.37082639438696113,8.01102337918644,0.007698817876545906,0.030073750341436768,0.0545469436785061,7.004881989712859,0.007698817876545906,154.0,7.0,0.7222222222222222,1.0,0.16542213985937756,0.46344998418889005,8.711278615130434,0.008272585797362602
nc 030929,pseudomonas aeruginosa,0.03939369211310131,0.21383558011951134,7.566311014772463,0.003283502946994881,0.0120577794099645,0.025493035302755287,6.3835066348840055,0.003263108518752677,154.0,8.0,0.6111111111111112,1.0,0.10527096518987342,0.3299708371181336,8.356789669923213,0.003854625550660793
nc 030931,pseudomonas aeruginosa,0.09912557339449542,0.34310143058441406,8.330863613224745,0.003128657065749564,0.0520644174710886,0.09935277399632203,7.687080155783135,0.003128657065749564,154.0,0.0,0.5555555555555556,0.0,0.1761781460383221,0.44123974384630776,8.825412915085566,0.008454538941033173
nc 030940,pseudomonas aeruginosa,0.0645576604745264,0.3579373104145602,7.653020413804189,0.003370407819346141,0.004414740327426574,0.020712688053436283,4.976733742420574,0.003370407819346141,154.0,0.0,0.16666666666666666,0.0,0.17286076867295141,0.472134317862166,8.652073673610056,0.002665686184391948
nc 031053,pseudomonas aeruginosa,0.009485653685264833,0.09151058232222091,6.182084906716632,0.0004711980209683119,0.00015712461946381225,0.001276161306789178,2.1972245773362196,0.0004711980209683119,154.0,0.0,0.0,0.0,0.029687203791469195,0.14036177599122968,6.664409020350408,0.0010012957945576629
nc 031063,pseudomonas aeruginosa,0.013015602212377205,0.12221962391845606,6.853299093186078,0.00034389314552182344,0.00023390847299045104,0.002847435244920698,2.8903717578961645,0.0003026259680592046,154.0,0.0,0.0,0.0,0.04596963058094734,0.19641875297826325,7.79770203551669,0.0008253549026081215
nc 031073,pseudomonas aeruginosa,0.004686640429943718,0.04827877954629581,6.095824562432225,0.0002432446724128814,0.00010580219222142282,0.0009095235577177304,2.3978952727983707,0.0002432446724128814,154.0,0.0,0.0,0.0,0.02506655836830468,0.12305112795052696,7.013915474810528,0.0005711022272986865
nc 031091,pseudomonas aeruginosa,0.14705746382506588,0.39760149733114586,8.758255243232792,0.005060424705963907,0.09508067871838735,0.1892691267879012,8.322151070212902,0.005060424705963907,154.0,0.0,0.2777777777777778,0.0,0.23625307962467892,0.4853992395437262,9.106645135637418,0.011299826689774696
nc 031095,pseudomonas aeruginosa,0.0018015562127021566,0.019684992711456642,5.720311776607412,0.00013036419014209697,4.741049786949075e-05,0.0006162670806717311,2.1972245773362196,0.00013036419014209697,154.0,0.0,0.0,0.0,0.01579245996721725,0.08145646792775724,6.910750787961936,0.00021332574841783402
nc 031104,pseudomonas aeruginosa,0.012937887177238091,0.12181586483783007,6.851184927493743,0.00034256429931898215,0.00023300438596491227,0.0028364323983611725,2.8903717578961645,0.0003014565834007043,154.0,0.0,0.0,0.0,0.04899773209452045,0.2062466725820763,7.893572073504902,0.0006988407465263504
nc 031110,pseudomonas aeruginosa,0.005069055136714135,0.048942864199121645,6.159095388491933,0.00028992043294784656,0.0002362796692084631,0.001256321876107335,3.1354942159291497,0.00028992043294784656,154.0,0.0,0.0,0.0,0.02563105018651166,0.12242509880113925,7.02197642307216,0.0004509873401410946
nc 031274,pseudomonas aeruginosa,0.0030696716441557413,0.027638638658456907,5.049856007249537,0.0003959690352214457,5.9417706476530004e-05,0.001187907105664337,1.3862943611198906,0.0003959690352214457,154.0,0.0,0.0,0.0,0.020729855096260415,0.10242233801360327,6.226536669287466,0.0007127583749109052
nc 016764,pseudomonas agarici,0.0027720200784157032,0.02656148584552399,4.718498871295094,0.0005242398522142893,4.995129748495217e-05,0.0005242398522142893,1.0986122886681098,0.0005242398522142893,0.0,0.0,0.0,0.0,0.005446365143263083,0.0333869670152856,5.220355825078324,0.0007489514679448772
nc 010821,pseudomonas chlororaphis,0.0036253509295488206,0.039801183551538805,7.046647277848756,6.631425377517573e-05,1.5790055423094536e-05,0.0002557835502756778,1.791759469228055,6.631425377517573e-05,222.0,0.0,0.0,0.0,0.016124374601255834,0.08684469275198115,7.784057002639929,0.00015157543720040168
nc 016764,pseudomonas cichorii,0.012511550083660065,0.12526836087672874,6.218600119691729,0.000549203654700684,9.990259496990434e-05,0.0010484797044285786,1.6094379124341003,0.000549203654700684,344.0,0.0,0.0,0.0,0.027912621359223302,0.14877600275830363,6.8501261661455,0.0008238466147393649
nc 016764,pseudomonas costantinii,0.004545114002447369,0.04720655050177243,5.209486152841421,0.0005242398522142893,2.4975648742476084e-05,0.0004992760497278945,0.6931471805599453,0.0004992760497278945,0.0,0.0,0.0,0.0,0.009501539190149183,0.05530973451327434,5.7745515455444085,0.0006740563211503894
nc 013638,pseudomonas fluorescens,0.013216165457117022,0.1365890969775635,6.3473892096560105,0.00046356387910254034,2.318840579710145e-05,0.00046356387910254034,0.6931471805599453,0.00046356387910254034,43.0,0.0,0.0,0.0,0.03600861450107681,0.17990465304301764,7.134890851565884,0.0011125790974202071
nc 015264,pseudomonas fluorescens,0.009570779823233556,0.0991872696653894,5.973809611869261,0.0005613452761574696,4.8835278605264445e-05,0.0009762526541869036,1.0986122886681098,0.0004881263270934518,43.0,0.0,0.0,0.0,0.025452294145972346,0.13958932512875394,6.608000625296087,0.0008054477557296625
nc 016571,pseudomonas fluorescens,0.003448736048773978,0.038991139813946626,6.890609120147166,7.725885579634565e-05,3.86320055630088e-05,0.0003722472142914836,2.4849066497880004,7.725885579634565e-05,43.0,0.0,0.0,0.0,0.012470923221745929,0.07241977121832675,7.38025578842646,0.00011588828369451848
nc 016764,pseudomonas fluorescens,0.015558274854531378,0.1486344800039942,6.436150368369428,0.000549203654700684,0.00014985389245485652,0.002047031803884368,1.9459101490553132,0.000549203654700684,43.0,0.0,0.0,0.0,0.03389178309258821,0.17644523617974944,7.044032897274685,0.0007489514679448772
nc 018850,pseudomonas fluorescens,0.005560195156256868,0.06386624777555638,5.537334267018537,0.0004174264560493881,0.0,0.0,0.0,0.0,43.0,0.0,0.0,0.0,0.02047102129737445,0.11206488924453498,6.302618975744905,0.0007909306617453203
nc 021062,pseudomonas fluorescens,0.01010528411777883,0.10362758757961783,6.008813185442595,0.0005722531847133758,7.467702188036741e-05,0.0014928343949044587,1.3862943611198906,0.0004976114649681529,43.0,0.0,0.0,0.0,0.02738741329116199,0.14375501937916826,6.637258031284457,0.0008957229230424722
nc 026607,pseudomonas fluorescens,0.0025641185998661656,0.028452793376439835,6.018593214496234,0.00012506722363270258,6.254104255917946e-06,0.00012506722363270258,0.6931471805599453,0.00012506722363270258,43.0,0.0,0.0,0.0,0.012080269496866736,0.0691809510400901,6.504288173536645,0.0001876031817499625
nc 027292,pseudomonas fluorescens,0.010778504290968534,0.10475655526335946,6.0473721790462776,0.0007148875328720607,0.00022989680188004495,0.002655296550667654,2.302585092994046,0.0005872290448591927,43.0,0.0,0.0,0.0,0.026488640034456768,0.14102698362830313,6.6052979209482015,0.0009191880505553428
nc 028758,pseudomonas fluorescens,0.0030873726458783574,0.032151273706654694,4.709530201312334,0.0005330490405117271,0.0,0.0,0.0,0.0,43.0,0.0,0.0,0.0,0.01288211127358819,0.07252243135667544,5.225746673713202,0.0008416799932665601
nc 028795,pseudomonas fluorescens,0.006506490621131812,0.06760357845314384,5.327876168789581,0.000666201383160967,3.174300860235533e-05,0.0006344775077723495,0.6931471805599453,0.0006344775077723495,43.0,0.0,0.0,0.0,0.020632072867789127,0.10691781740179648,5.703782474656201,0.0010469211002189017
nc 029102,pseudomonas fluorescens,0.006327006327006327,0.0672103409059388,5.43372200355424,0.0005270311503148317,0.0,0.0,0.0,0.0,43.0,0.0,0.0,0.0,0.01851498377552968,0.10130658245092575,5.676753802268282,0.0009153698926520762
nc 028795,pseudomonas gingeri,0.0006982575300726822,0.00878751348264704,3.1354942159291497,0.000602753632383732,0.0,0.0,0.0,0.0,0.0,0.0,0.0,0.0,0.003105161468396357,0.018031907762434643,3.828641396489095,0.0007613971637955648
nc 029102,pseudomonas gingeri,0.0007492507492507493,0.007822251809935924,3.332204510175204,0.0005270311503148317,0.0,0.0,0.0,0.0,0.0,0.0,0.0,0.0,0.002735891073360056,0.016100068115672796,3.784189633918261,0.000665723558292419
nc 016764,pseudomonas poae,0.014309617161551332,0.1397473663188377,6.352629396319567,0.000549203654700684,7.492694622742826e-05,0.0012481901243197363,1.3862943611198906,0.0004992760497278945,0.0,0.0,0.0,0.0,0.03679256452758702,0.1820480404551201,7.126087273299125,0.0008987417615338526
nc 004665,pseudomonas putida,8.033419023136246e-05,0.0012848309644262427,1.3862943611198906,0.0004282769881420809,0.0,0.0,0.0,0.0,0.0,0.0,0.0,0.0,0.0003836896996756078,0.0022067560685791886,2.4849066497880004,0.0006424154822131213
nc 007456,pseudomonas putida,0.0001007835924311522,0.001234132581100141,1.6094379124341003,0.0004281684465041306,0.0,0.0,0.0,0.0,0.0,0.0,0.0,0.0,0.00030686142138210387,0.0020873091603053435,1.791759469228055,0.0005289406075260693
nc 016764,pseudomonas putida,0.00019978523087680743,0.0024464526436666833,2.1972245773362196,0.00042438464226871036,0.0,0.0,0.0,0.0,0.0,0.0,0.0,0.0,0.00044399715841818613,0.0030168946098149637,2.772588722239781,0.000524266027561414
nc 017971,pseudomonas putida,8.647526807333103e-05,0.0010589786259212032,1.6094379124341003,0.00036740074776858077,0.0,0.0,0.0,0.0,0.0,0.0,0.0,0.0,0.00039670732916790636,0.0023377205623338775,2.5649493574615367,0.0005187058289567529
nc 017972,pseudomonas putida,0.00013546126342581536,0.0015791087125451811,3.6635616461296463,6.772701024460144e-05,0.0,0.0,0.0,0.0,0.0,0.0,0.0,0.0,0.000956288991545191,0.0022541215064799855,5.247024072160486,0.001058687655060313
nc 023693,pseudomonas putida,8.748494249547434e-05,0.0010968158695125563,2.6390573296152584,0.00011439183915161629,0.0,0.0,0.0,0.0,0.0,0.0,0.0,0.0,0.0003076035758915697,0.0019736719608244736,2.833213344056216,0.00016149544784706382
nc 028795,pseudomonas putida,0.00015869489319833688,0.002537910031089398,1.791759469228055,0.0005075820062178795,0.0,0.0,0.0,0.0,0.0,0.0,0.0,0.0,0.0003450179409329285,0.0019439603163962998,1.791759469228055,0.0007613971637955648
nc 029102,pseudomonas putida,0.00013875013875013875,0.002219078527641397,1.791759469228055,0.00044381570552827937,0.0,0.0,0.0,0.0,0.0,0.0,0.0,0.0,0.0003817522427944264,0.002229240200631618,1.9459101490553132,0.000665723558292419
nc 030923,pseudomonas putida,0.0001321527686005022,0.0017834731488209261,1.9459101490553132,0.0003743091793821697,0.0,0.0,0.0,0.0,0.0,0.0,0.0,0.0,0.0003361779156969227,0.002129045185853121,2.6390573296152584,0.0005284364885395337
nc 026607,pseudomonas putrefaciens,0.005434680642155361,0.0608452042973098,6.76849321164863,0.00013757394599597285,6.254104255917946e-05,0.0010130445114248908,2.3978952727983707,0.00013757394599597285,500.0,0.0,0.0,0.0,0.00697286919984062,0.03551441343141741,5.955837369464831,0.000375206363499925
nc 016764,pseudomonas rhizosphaerae,0.00916514746647354,0.09176693793998703,5.908082938168931,0.0004992760497278945,7.492694622742826e-05,0.0014978281491836837,1.3862943611198906,0.0004992760497278945,58.0,0.0,0.0,0.0,0.02237745678427658,0.119009309274796,6.6293632534374485,0.0008987417615338526
nc 028795,pseudomonas segetis,0.003999111308598089,0.04419135841634414,4.844187086458591,0.0006979252585495844,3.174300860235533e-05,0.0006344775077723495,0.6931471805599453,0.0006344775077723495,134.0,0.0,0.0,0.0,0.013662710460943969,0.07581445233945569,5.293304824724492,0.0009517464547444561
nc 029102,pseudomonas segetis,0.0037185037185037185,0.04135807605891653,4.90527477843843,0.0005825081135058667,5.5506216696269984e-05,0.0005825081135058667,1.0986122886681098,0.0005825081135058667,134.0,0.0,0.0,0.0,0.012788700133613285,0.07313146324849835,5.308267697401205,0.0008321544478655238
nc 003299,pseudomonas syringae,0.0072484366117111995,0.07658488157708127,3.9512437185814275,0.002552829385902709,0.0,0.0,0.0,0.0,0.0,0.0,0.0,0.0,0.017848528702363725,0.10363550519357885,4.31748811353631,0.004680851063829788
nc 003300,pseudomonas syringae,0.009944985188319933,0.10440835266821345,3.871201010907891,0.004007593334739506,0.0,0.0,0.0,0.0,0.0,0.0,0.0,0.0,0.021196283391405342,0.1116751269035533,4.30406509320417,0.006329113924050633
nc 003301,pseudomonas syringae,0.004406672961913755,0.041979949874686714,2.70805020110221,0.005639097744360902,0.0,0.0,0.0,0.0,0.0,0.0,0.0,0.0,0.02346041055718475,0.1279508970727101,3.8918202981106265,0.008458646616541353
nc 003714,pseudomonas syringae,0.0064780088646437094,0.06512890094979647,2.995732273553991,0.006105834464043419,0.0,0.0,0.0,0.0,0.0,0.0,0.0,0.0,0.030852994555353903,0.1681159420289855,3.9512437185814275,0.008146639511201629
nc 003715,pseudomonas syringae,0.008177386381506526,0.08095387511766551,3.970291913552122,0.0028239723878255413,0.0,0.0,0.0,0.0,0.0,0.0,0.0,0.0,0.024721067600087507,0.13255069370330844,4.736198448394496,0.004708097928436911
nc 003716,pseudomonas syringae,0.008893280632411068,0.11789318237755353,3.6109179126442243,0.0041841004184100415,0.0,0.0,0.0,0.0,0.0,0.0,0.0,0.0,0.027253668763102725,0.16024340770791076,4.3694478524670215,0.005908419497784343
nc 004170,pseudomonas syringae,0.009440323668240054,0.10902381751090238,3.367295829986474,0.0060382422006038244,0.0,0.0,0.0,0.0,0.0,0.0,0.0,0.0,0.027116402116402115,0.14005069708491763,3.7376696182833684,0.010070493454179255
nc 004171,pseudomonas syringae,0.01095759885659838,0.11345834322335628,3.8501476017100584,0.004272489912176596,0.0,0.0,0.0,0.0,0.0,0.0,0.0,0.0,0.029636419187289948,0.15473032714412024,4.584967478670572,0.007122507122507123
nc 004172,pseudomonas syringae,0.005897873661337886,0.06069990709197894,3.6635616461296463,0.002787240631774543,0.0,0.0,0.0,0.0,0.0,0.0,0.0,0.0,0.028269815709429234,0.15945053034254913,5.0689042022202315,0.004182156133828996
nc 004173,pseudomonas syringae,0.006086698337292162,0.06236113168419494,3.7376696182833684,0.0031106502740334764,0.00029708853238265005,0.0031106502740334764,1.0986122886681098,0.0031106502740334764,0.0,0.0,0.0,0.0,0.02,0.11845449923741738,4.356708826689592,0.0035555555555555557
nc 004174,pseudomonas syringae,0.005635023840485479,0.06804478897502153,2.6390573296152584,0.007751937984496124,0.0,0.0,0.0,0.0,0.0,0.0,0.0,0.0,0.026334026334026334,0.15030060120240482,3.6635616461296463,0.0103359173126615
nc 004175,pseudomonas syringae,0.0073439412484700125,0.08048780487804878,3.4339872044851463,0.004634146341463414,0.0,0.0,0.0,0.0,0.0,0.0,0.0,0.0,0.02573396158028271,0.1467600700525394,4.276666119016055,0.006588579795021962
nc 012091,pseudomonas syringae,0.008788159111933395,0.0829103214890017,4.060443010546419,0.003076449776957391,0.000308546744831842,0.006152899553914782,1.0986122886681098,0.003076449776957391,0.0,0.0,0.0,0.0,0.016224986479177934,0.0984688489968321,4.110873864173311,0.0036917397323488694
nc 012092,pseudomonas syringae,0.007240323029796714,0.0668330560177482,3.295836866004329,0.004991680532445923,0.0,0.0,0.0,0.0,0.0,0.0,0.0,0.0,0.014814814814814815,0.08914237431347698,3.5553480614894135,0.0066555740432612314
nc 012093,pseudomonas syringae,0.01131486539211861,0.10162916989914662,3.4011973816621555,0.0069821567106283944,0.0,0.0,0.0,0.0,0.0,0.0,0.0,0.0,0.03195352214960058,0.16701754385964912,3.8066624897703196,0.010477299185098952
nc 023601,pseudomonas syringae,0.00448457978772308,0.0511613179988969,6.0867747269123065,0.00024513308683839604,7.151102802210712e-05,0.0006536882315690561,2.0794415416798357,0.00024513308683839604,0.0,0.0,0.0,0.0,0.015012254901960785,0.08525714683658901,6.726233402358747,0.00036770338593534546
nc 024362,pseudomonas syringae,0.010851027016338334,0.10987843447321605,6.0867747269123065,0.0005930025696778019,4.9440090969767385e-05,0.0009883376161296698,1.0986122886681098,0.0004941688080648349,0.0,0.0,0.0,0.0,0.025173972998107943,0.13542997849328306,6.666956792429207,0.0007412898443291327
nc 024365,pseudomonas syringae,0.024845814977973568,0.16733215893521236,7.146772179452637,0.0009786651008025053,0.005932916919582542,0.0182031708749266,5.717027701406222,0.0009786651008025053,0.0,0.0,0.0,0.0,0.04594159827684925,0.18650093487477945,7.430114138561801,0.0030534351145038168
nc 028661,pseudomonas syringae,0.010648125638158215,0.10984471068555736,6.0844994130751715,0.0005103404699992709,9.725261366399222e-05,0.0019441541714257942,1.6094379124341003,0.00048603854285644854,0.0,0.0,0.0,0.0,0.025069167960051285,0.1357737431998427,6.612041034833092,0.0008019830854476524
nc 030934,pseudomonas syringae,0.0034571501154224238,0.03818800247371676,5.749392985908253,0.0002208675678063433,1.1045696044536246e-05,0.0002208675678063433,0.6931471805599453,0.0002208675678063433,0.0,0.0,0.0,0.0,0.014261422851187538,0.08064686887936054,6.255750041753367,0.00033130135170951496
nc 031014,pseudomonas syringae,0.012427174755582226,0.1248500299940012,6.210600077024653,0.0004999000199960008,2.5006876891145065e-05,0.0004999000199960008,0.6931471805599453,0.0004999000199960008,0.0,0.0,0.0,0.0,0.02936920850906628,0.15319326977675501,6.86171134048073,0.0008998200359928015
nc 026607,pseudomonas taetrolens,0.0013320908823694958,0.015139387420738648,5.365976015021851,0.00012506722363270258,6.254104255917946e-06,0.00012506722363270258,0.6931471805599453,0.00012506722363270258,30.0,0.0,0.0,0.0,0.004545948491324664,0.02766534088909225,5.529429087511423,0.00016884286357496622
nc 016764,pseudomonas tolaasii,0.01668206677821342,0.15964351690049428,6.505784060128229,0.0005242398522142893,0.00014985389245485652,0.002047031803884368,1.9459101490553132,0.0005242398522142893,188.0,0.0,0.0,0.0,0.03756215960217855,0.18621422824962647,7.146772179452637,0.0008238466147393649
nc 005131,ralstonia pickettii,0.01717584119386175,0.15467828041584714,4.812184355372417,0.0028097780275358245,0.0,0.0,0.0,0.0,98.0,0.0,0.0,0.0,0.08540996784565916,0.30945945945945946,6.054439346269371,0.008431703204047217
nc 028758,ralstonia pickettii,0.0023576300204889277,0.02872853776231624,4.442651256490317,0.0005330490405117271,0.0,0.0,0.0,0.0,98.0,0.0,0.0,0.0,0.020611378037741105,0.10969439384739932,5.6937321388027,0.0009258479925932161
nc 008575,ralstonia solanacearum,0.04919512562058071,0.23521465025517863,5.793013608384144,0.010807565295706995,0.02137588438958302,0.055538877214049834,4.962844630259907,0.010657460222155508,14.0,0.0,0.0,0.0,0.12106109324758843,0.3690180236171535,6.625392368007956,0.023423423423423424
nc 009382,ralstonia solanacearum,0.05265195509097948,0.3338235294117647,7.621195162809845,0.0011609907120743034,0.0014971219121860562,0.010319917440660475,4.07753744390572,0.0011609907120743034,14.0,0.0,0.0,0.0,0.1524980440371074,0.44913436328573597,8.828054536815424,0.002244582043343653
nc 011201,ralstonia solanacearum,0.021386773174809585,0.18663385872466864,6.826545223556594,0.0005106896631769539,0.00025545750116117046,0.003342695977158244,2.4849066497880004,0.0005106896631769539,14.0,0.0,0.0,0.0,0.0839243803677817,0.3069153844235517,8.08794755464267,0.0011839264572741834
nc 015297,ralstonia solanacearum,0.023992673992673994,0.17844748858447487,4.882801922586371,0.004200913242009132,0.0007331378299120235,0.004200913242009132,1.6094379124341003,0.004200913242009132,14.0,0.0,0.0,0.0,0.08240491740299655,0.2998887240356083,6.063785208687608,0.007671232876712329
nc 019548,ralstonia solanacearum,0.05184981433090359,0.243755146856986,5.934894195619588,0.009881965413121054,0.021191688454658044,0.06025253911611309,5.043425116919247,0.009744715893494373,14.0,0.0,0.0,0.0,0.12156862745098039,0.36986509019251174,6.654152520183219,0.0214168039538715
nc 021862,ralstonia solanacearum,0.044854573063894405,0.21840018656716417,5.953243334287785,0.008395522388059701,0.016945191071637257,0.05013992537313433,4.983606621708336,0.00827891791044776,14.0,0.0,0.0,0.0,0.1270299530855287,0.38128249566724437,6.963189985870238,0.020643806857942617
nc 021866,ralstonia solanacearum,0.029312526360185574,0.1353373043357806,4.941642422609304,0.0034630835295747335,0.0031685678073510772,0.01260562404765203,2.772588722239781,0.0034630835295747335,14.0,0.0,0.0,0.0,0.0963683835746499,0.33831303148701447,6.008813185442595,0.007481296758104738
nc 022915,ralstonia solanacearum,0.02254300968953925,0.18573793580588568,6.816735880594968,0.0006424353240592029,0.0003708098487095817,0.005114773541548269,2.772588722239781,0.0005188900694324332,14.0,0.0,0.0,0.0,0.07691630473060218,0.2798139112674458,7.871692664323645,0.0016308376575240918
nc 022917,ralstonia solanacearum,0.021318133877880754,0.18370048005742742,6.85751406254539,0.0004935169814706806,0.00015709508741219508,0.00228812418681861,2.0794415416798357,0.0004935169814706806,14.0,0.0,0.0,0.0,0.09294420434128102,0.32611152976639035,8.250358951477294,0.001480584157749512
nc 023736,ralstonia solanacearum,0.017353203287454204,0.15723441637177996,6.553933404025811,0.0005444062260275668,0.00019805902158843335,0.0025488109673108806,2.1972245773362196,0.0005196604884808592,14.0,0.0,0.0,0.0,0.07233854855867777,0.28334213902936073,7.933438387627489,0.0011135857461024498
nc 025115,ralstonia solanacearum,0.06419586365568809,0.3524073796310184,7.850882664809852,0.001399930003499825,0.010354400620263613,0.04382280885955702,6.028278520230698,0.001399930003499825,14.0,0.0,0.0,0.0,0.17272224271486536,0.474399678039619,8.92172453036431,0.004274786260686966
nc 025454,ralstonia solanacearum,0.13100208768267224,0.3966662325823675,6.912742820493176,0.009506446151842688,0.07206266318537859,0.2376611537960672,6.315358001522335,0.009506446151842688,14.0,0.0,0.0,0.0,0.26009986382206085,0.5462111257117828,7.450079569807499,0.023837436498632278
nc 028899,ralstonia solanacearum,0.009480735665603281,0.09236028857542802,7.656337166430183,0.0001076773985140519,0.00011666045973195017,0.001395319622411256,3.295836866004329,9.870428197121424e-05,14.0,0.0,0.0,0.0,0.03874287707873009,0.16500124482266934,8.804475183846678,0.00028265317109938624
nc 028988,ralstonia solanacearum,0.020746420115007328,0.17874211000901713,6.825460036255307,0.0006537421100090171,0.00020297241830360163,0.003201082055906222,2.302585092994046,0.0004733994589720469,14.0,0.0,0.0,0.0,0.07405043904431284,0.28541429912545085,7.973155433444133,0.0010821046936291085
nc 029007,ralstonia solanacearum,0.020123485021724216,0.16724197051091552,6.78105762593618,0.0005714938850154304,0.00013721813108905456,0.0023088352954623386,1.9459101490553132,0.00048005486341296146,14.0,0.0,0.0,0.0,0.07098773402194965,0.2726159842106578,7.919356190660617,0.0010287360263356424
nc 029107,ralstonia solanacearum,0.04724991651958212,0.31248658830261555,7.591861714889934,0.0006199184568799027,0.0007871761843423501,0.01170692162800124,3.5263605246161616,0.000524546386590687,14.0,0.0,0.0,0.0,0.1363742392433785,0.42683854520035364,8.769040810858803,0.0018597997138769672
nc 028695,raoultella ornithinolytica,0.007411799584939223,0.07927687634289102,5.707110264748875,0.0005680274628929886,4.94168808064835e-05,0.0005186337704675113,1.0986122886681098,0.0005186337704675113,353.0,0.0,0.0,0.0,0.015956439393939394,0.08431749519362812,5.823045895483019,0.0008149959250203749
nc 028908,raoultella ornithinolytica,0.005644829007004532,0.06140748369378647,6.021023349349527,0.00028836251287332645,2.7470263439826387e-05,0.0005492619292825266,1.0986122886681098,0.0002746309646412633,353.0,0.0,0.0,0.0,0.013877633711507293,0.0815385628663637,6.71295620067707,0.00041194644696189496
nc 029033,raoultella ornithinolytica,0.008327781479013991,0.0848040848040848,5.929589143389895,0.0005328005328005328,0.00026651268156176433,0.0015318015318015318,2.5649493574615367,0.0005328005328005328,353.0,0.0,0.0,0.0,0.018601046308854872,0.10226450489079458,6.511745329644728,0.0008658008658008658
nc 029106,raoultella ornithinolytica,0.010240334378265412,0.10641272902603664,6.45833828334479,0.0003375120540019286,3.2153823893506535e-05,0.0003375120540019286,1.0986122886681098,0.0003375120540019286,353.0,0.0,0.0,0.0,0.023511604439959637,0.1240909239148159,7.243512974665482,0.000626808100289296
nc 023566,rhizobium etli,0.00037493974182720635,0.0049443095816078825,3.091042453358316,0.0003034413822647437,0.0,0.0,0.0,0.0,0.0,0.0,0.0,0.0,0.002127736304951495,0.013727744677885787,4.0943445622221,0.0004284031273428296
nc 025427,rhizobium etli,0.0022205501825989615,0.026547536051076945,4.804021044733257,0.0003669320808718306,1.8353001633417145e-05,0.0003669320808718306,0.6931471805599453,0.0003669320808718306,0.0,0.0,0.0,0.0,0.008181340538917661,0.045932615239545935,6.07993319509559,0.0006054601497137824
nc 027296,rhizobium etli,0.0009682344616988791,0.011578339941549859,3.970291913552122,0.00035367919435602463,0.0,0.0,0.0,0.0,0.0,0.0,0.0,0.0,0.004160614490755558,0.025436444613809037,5.135798437050262,0.0005025967498743508
nc 034248,rhizobium etli,0.002008224156067706,0.02203543053841206,5.44673737166631,0.00017384955059891171,8.693913391234797e-06,0.00017384955059891171,0.6931471805599453,0.00017384955059891171,0.0,0.0,0.0,0.0,0.0074686735941320295,0.04146833848832256,6.663132695990803,0.00028685425196234385
nc 023566,rhizobium gallicum,0.006927458087093146,0.07869841496501499,5.963579343618446,0.00033914036841353707,0.0,0.0,0.0,0.0,0.0,0.0,0.0,0.0,0.02845396516282592,0.14065711996097696,6.672032945461067,0.0006961550819320981
nc 025427,rhizobium gallicum,0.029289240425024315,0.24971562763732433,7.3758821482150125,0.0008806369940923935,0.0009360030833042744,0.007210215389131472,3.9512437185814275,0.0008806369940923935,0.0,0.0,0.0,0.0,0.07959918937176312,0.31195372284481193,8.353025845202325,0.0017613386173491853
nc 023502,rhizobium leguminosarum,0.01881452945418694,0.17325069826028222,7.631431664576906,0.00021906204932547145,0.0002556167209852199,0.0026835101042370253,3.367295829986474,0.00021906204932547145,94.0,0.0,0.0,0.0,0.05755035383777899,0.24693254761654215,8.57300625623545,0.0004107450915961554
nc 023566,rhizobium leguminosarum,0.006606081165526969,0.07152291874910753,5.916202062607435,0.0003926888476367271,1.7855548611731094e-05,0.0003569898614879337,0.6931471805599453,0.0003569898614879337,94.0,0.0,0.0,0.0,0.02849002849002849,0.1424340615309571,6.673297967767654,0.0005890543000963907
nc 025427,rhizobium leguminosarum,0.03402396726064855,0.2563020584889737,7.5256399750415355,0.0009356768062231681,0.0017985941600748801,0.00981543316332147,4.59511985013459,0.0009356768062231681,94.0,0.0,0.0,0.0,0.08554754935074683,0.32225365393682226,8.425077902508432,0.0019815059445178335
nc 025429,rhizobium leguminosarum,0.010394359174332454,0.10521202203955358,7.394493107219038,0.00022371936642675427,0.00018538999021907982,0.001156948723521215,3.4011973816621555,0.00022371936642675427,94.0,0.0,0.0,0.0,0.030621713578719456,0.14966584593739007,8.121777419161074,0.00036434762598757384
nc 023566,rhizobium leucaenae,0.0014997589673088254,0.01660002855918892,4.442651256490317,0.0003748393545623304,3.571109722346219e-05,0.0003748393545623304,1.0986122886681098,0.0003748393545623304,0.0,0.0,0.0,0.0,0.006743842186880161,0.03909271453956308,5.236441962829949,0.0004819535182606833
nc 021557,rhizobium radiobacter,0.019538045660145064,0.1798384076194553,6.594413459749778,0.0005618278131521216,0.00018737118231216038,0.0027288779495960192,2.0794415416798357,0.0005618278131521216,0.0,0.0,0.0,0.0,0.04149337769531,0.20325932339662317,7.168579897264035,0.001043422425555823
nc 021560,rhizobium radiobacter,0.014636351649179648,0.13937328160897894,6.656726524178391,0.0005649504726752288,0.00043328372548650227,0.0032955444239388346,3.1780538303479458,0.0005649504726752288,0.0,0.0,0.0,0.0,0.033502371225994275,0.16825526506899055,7.2640301428995295,0.0007344632768361581
nc 016165,rhodobacter capsulatus,0.32369868595293877,0.6099839625283201,9.450301708216552,0.0052185423720184304,0.2508149959250204,0.4553114578825446,9.195125206169703,0.0052185423720184304,500.0,0.0,0.0,0.0,0.408780487804878,0.674424898511502,9.775597361230211,0.01107377424774706
nc 020489,rhodobacter capsulatus,0.04861952196158885,0.3009953320654993,7.584773077612199,0.0012102052409296352,0.004227545798412816,0.017362740497419052,5.147494476813453,0.0012102052409296352,500.0,8.0,0.68,1.0,0.11184167124793842,0.36735692851214163,8.534443544822764,0.004075281564908121
nc 028954,rhodobacter capsulatus,0.04460471567267684,0.2871482046305282,7.3833681469923835,0.0008595591293497851,0.0014980857792820286,0.017607098294745598,4.007333185232471,0.0006654651323998337,500.0,0.0,0.0,0.0,0.09907627342306677,0.34737138181446253,8.230843564198235,0.0014973795857249812
nc 029097,rhodobacter capsulatus,0.01209505181987815,0.10854908306364618,6.289715570908998,0.0004944264653002517,0.00015738471569575285,0.0018653362099964042,2.0794415416798357,0.0004719525350593312,500.0,0.0,0.0,0.0,0.04221957159186919,0.17477503488763774,7.438383530044307,0.001348435814455232
nc 016165,rhodobacter sphaeroides,0.04168788835693185,0.2857215589440725,7.401231264413015,0.0006618639105974595,0.000534841075794621,0.007789629101647023,3.091042453358316,0.0005345823893287173,14.0,0.0,0.0,0.0,0.12966318234610918,0.3994812810103744,8.62748154531036,0.002291125706430426
nc 016653,rhodococcus erythropolis,0.011509308367868416,0.11894131284076762,6.285998094508865,0.0004507792040527197,8.589773874202761e-05,0.0013094062593912335,1.6094379124341003,0.0004507792040527197,79.0,0.0,0.0,0.0,0.055054945054945056,0.24564108016159897,7.60339933974067,0.0010947964966512107
nc 021063,rhodococcus erythropolis,0.013561382548366136,0.12928505573715532,6.473890696352274,0.0004819378090688123,6.288648988575621e-05,0.001257229067136032,1.3862943611198906,0.00041907635571201073,79.0,0.0,0.0,0.0,0.06113781439943033,0.2528295401536913,7.785305182539862,0.0011943676137792306
nc 021347,rhodococcus erythropolis,0.034199006650391446,0.28728351676101094,8.492080490601163,0.0001823755111775145,0.0004910764395555057,0.006691778371667263,4.2626798770413155,0.00016133218296472438,79.0,0.0,0.0,0.0,0.1478459111609059,0.4691719062241068,10.185842963482184,0.0005892131899581238
nc 028677,rhodococcus erythropolis,0.011936197161932977,0.12481758090823247,6.322565239927284,0.0004506824620139068,0.00010734912081070056,0.0017383466391964976,1.791759469228055,0.0004506824620139068,79.0,0.0,0.0,0.0,0.05592377796188898,0.2478344562078922,7.613818684808629,0.0010945145506052023
nc 016650,rhodococcus globerulus,0.01583536217408494,0.16323431519387585,6.635946555686647,0.0004576468630387752,6.243106569829146e-05,0.0008528873356631719,1.3862943611198906,0.000436844732900649,70.0,0.0,0.0,0.0,0.0763296956935474,0.3163787525245593,8.235095497258357,0.0009360958562156764
nc 021063,rhodococcus globerulus,0.012157035360204573,0.12299891040147515,6.364750756851911,0.00041907635571201073,4.192432659050414e-05,0.0008381527114240215,1.0986122886681098,0.00041907635571201073,70.0,0.0,0.0,0.0,0.05895068792757051,0.2543271709508728,7.7488913372555315,0.0015715363339200402
nc 021347,rhodococcus opacus,0.0707270533434352,0.4499344149604035,9.218606116393214,0.00021744772486549806,0.0009470759905713323,0.012149014821517505,4.912654885736052,0.00021744772486549806,74.0,0.0,0.0,0.0,0.24901478793554177,0.5897710841416062,10.70716934002763,0.001073209738852297
nc 016651,rhodococcus rhodochrous,0.0032269379165205192,0.035529081990189205,3.8501476017100584,0.001401541695865452,7.017051434987019e-05,0.001401541695865452,0.6931471805599453,0.001401541695865452,0.0,0.0,0.0,0.0,0.026799258385302546,0.1108746657936378,6.169610732491456,0.00336417157275021
nc 021347,rhodococcus rhodochrous,0.0023500855852063864,0.024557564024326087,5.817111159963204,0.00016133218296472438,4.209226624761477e-05,0.00044190989246859283,1.9459101490553132,0.00016133218296472438,0.0,0.0,0.0,0.0,0.021131196245324772,0.10003086871050024,8.240648863374913,0.0002946065949790619
nc 021347,rhodococcus ruber,0.06312259730055841,0.3950183427677588,9.104868739033948,0.00022446216760309477,0.0011855988326411493,0.015172239641421687,5.135798437050262,0.00017536106843991779,239.0,0.0,0.0,0.0,0.23591578736141536,0.5575647295196937,10.653133207001336,0.001094253067065087
nc 016165,rhodopseudomonas palustris,0.04219720892329632,0.30621388386834,7.4133673356952405,0.0006618639105974595,0.0005857783211083944,0.006873202148512079,3.1780538303479458,0.0006618639105974595,8.0,0.0,0.0,0.0,0.11763066202090593,0.3910464591790708,8.530109416682784,0.00236749656331144
nc 016165,rhodospirillum centenum,0.03539777936233065,0.26288725402846014,7.237778191923443,0.0006618639105974595,0.0004839038304808476,0.004836697808212204,2.995732273553991,0.0006618639105974595,500.0,0.0,0.0,0.0,0.12745644599303135,0.393234100135318,8.610319169405722,0.0024438674201924544
nc 004735,rhodothermus marinus,0.0026560322727167745,0.026996027958247376,5.846438775057725,0.00016935061735997783,5.389216946777633e-05,0.0004926563414108446,2.0794415416798357,0.00016935061735997783,500.0,0.0,0.0,0.0,0.009217519047138968,0.049342151256274384,6.46302945692067,0.0005080596739180639
nc 019490,riemerella anatipestifer,0.0243541387841181,0.13059255204849074,7.091742115095153,0.0026150945691175574,0.010018251875887244,0.01964361734476677,6.20455776256869,0.0026150945691175574,500.0,0.0,0.4857142857142857,0.0,0.019179642992783897,0.04505831798649478,5.717027701406222,0.0049261083743842365
nc 015466,roseobacter denitrificans,0.00491596571592741,0.05715835833280143,5.733341276897746,0.0003191421459117891,1.596194671902185e-05,0.0003191421459117891,0.6931471805599453,0.0003191421459117891,30.0,0.0,0.0,0.0,0.020979840600093766,0.10982233789747652,6.980075940561763,0.0008616975441619991
nc 015466,roseobacter litoralis,0.001436483488420347,0.017169847450054253,4.51085950651685,0.00033509925320737856,3.19238934380437e-05,0.00033509925320737856,1.0986122886681098,0.00033509925320737856,0.0,0.0,0.0,0.0,0.0058016877637130804,0.03538153973822187,5.697093486505405,0.0006223371152281105
nc 012697,ruegeria pomeroyi,0.0010190536209925046,0.011566814099986597,4.343805421853684,0.00024125452352231604,0.0,0.0,0.0,0.0,14.0,0.0,0.0,0.0,0.004285646635412227,0.025264367816091954,5.204006687076795,0.0003618817852834741
nc 025428,ruegeria pomeroyi,0.008794012016245427,0.08355564503951277,6.263398262591624,0.00045301253334675595,0.00016783592360108759,0.0011241422123789869,2.3978952727983707,0.00045301253334675595,14.0,0.0,0.0,0.0,0.03337653920933247,0.15653122851077825,7.679713639966372,0.0008053556148386772
nc 028758,saccharibacter floricola,0.0003929383367481546,0.006284367635506678,2.70805020110221,0.00044888340253619125,0.0,0.0,0.0,0.0,101.0,0.0,0.0,0.0,0.0008355964069354502,0.005262092693786683,2.5649493574615367,0.0006733439946132481
nc 019540,salinivibrio costicola,0.0017620253164556962,0.019376391982182627,4.477336814478207,0.0006074104069649726,0.0002228028599785299,0.0006074104069649726,2.4849066497880004,0.0006074104069649726,64.0,0.0,0.0,0.0,0.003977329223426469,0.025631142802081328,4.394449154672439,0.0005466804349146571
nc 002371,salmonella enterica,0.023999616389748017,0.0812482024733966,6.90975328164481,0.004146294698494871,0.016664668504975423,0.02708273415779887,6.54534966033442,0.004146294698494871,445.0,0.0,0.0,0.0,0.038703621908127206,0.08660113259963671,6.553933404025811,0.00913143514524015
nc 004313,salmonella enterica,0.5681716250560622,0.6909512067548382,10.034691238151472,0.028568582031931057,0.53785198106155,0.652519365364019,9.979753907989577,0.028568582031931057,445.0,0.0,0.0,0.0,0.6345894140710084,0.7156248686367649,9.586582621407445,0.02585369498617649
nc 004348,salmonella enterica,0.03730572496557151,0.10509107893507706,7.325148957955575,0.00843186902332899,0.029070339399901623,0.04097937510754935,7.075808863978387,0.006170259839229086,445.0,0.0,0.0,0.0,0.05184396368120166,0.10704621712306527,6.8308742346461795,0.008407699682867469
nc 004775,salmonella enterica,0.009506758119830542,0.08502432507373144,5.934894195619588,0.0008570492299160596,0.0010592151719963684,0.00489022207657987,3.7612001156935624,0.0008570492299160596,445.0,0.0,0.0,0.0,0.010999541685763094,0.0605376647454758,5.579729825986222,0.0009831354458141118
nc 006940,salmonella enterica,0.004683898180391387,0.05187164464491457,5.2574953720277815,0.0004657661853749418,0.0,0.0,0.0,0.0,445.0,0.0,0.0,0.0,0.011694438867697249,0.06782701444778436,5.455321115357702,0.0006619107155990292
nc 010495,salmonella enterica,0.005972999378275157,0.06923264744400791,5.598421958998375,0.0004217442454107567,0.0,0.0,0.0,0.0,445.0,0.0,0.0,0.0,0.00884908001942481,0.04609836408299796,5.10594547390058,0.0017979623093826995
nc 010807,salmonella enterica,0.003427835051546392,0.04297307741852377,4.897839799950911,0.0004895014813860621,0.0,0.0,0.0,0.0,445.0,0.0,0.0,0.0,0.010263850824869686,0.06082877247849883,5.2574953720277815,0.000772916988715412
nc 011802,salmonella enterica,0.02580737489863092,0.09482368088505282,6.9874902470009905,0.004387115233303927,0.017079337817852203,0.028683150139481653,6.57507584059962,0.004387115233303927,445.0,0.0,0.0,0.0,0.04318364534282761,0.10283018867924529,6.6240652277998935,0.007296137339055794
nc 011976,salmonella enterica,0.009139322341340898,0.0700437046680305,5.976350909297934,0.0009531337176864423,0.0024652882759262276,0.007764552724567603,4.672828834461906,0.0009531337176864423,445.0,0.0,0.0,0.0,0.02312706953642384,0.0816234611150035,6.104793232414985,0.002441065699539685
nc 013059,salmonella enterica,0.010791015625,0.0664307504575961,6.093569770045136,0.003319097010372178,0.0048588729368102355,0.009103111653447224,5.298317366548036,0.0020500305064063452,445.0,0.0,0.0,0.0,0.01866243432574431,0.06842718035563082,5.834810737062605,0.0032947722946258602
nc 014900,salmonella enterica,0.02584755070659735,0.09725272044112623,6.966024187106113,0.004489337822671156,0.017160153294114775,0.028570731469282195,6.556778356158042,0.004489337822671156,445.0,0.0,0.0,0.0,0.04210162062402676,0.098956880682769,6.594413459749778,0.007465963987703118
nc 015269,salmonella enterica,0.004140751757706868,0.045170720990950645,6.19644412779452,0.00016053941242575052,0.0,0.0,0.0,0.0,445.0,0.0,0.0,0.0,0.009880567368662304,0.05387712754131568,5.963579343618446,0.0007097591888466414
nc 015271,salmonella enterica,0.003050608818084635,0.03479462051709758,4.770684624465665,0.0004952043369474562,0.0,0.0,0.0,0.0,445.0,0.0,0.0,0.0,0.009354200395754632,0.05645771491764158,5.056245805348308,0.0007037297677691766
nc 015296,salmonella enterica,0.0042216930071444034,0.048465245987227894,6.498282149476434,0.0001464399182483239,0.0001146190191159053,0.000961409898065083,2.9444389791664403,0.0001464399182483239,445.0,0.0,0.0,0.0,0.007678111992672118,0.04424062936241829,6.3473892096560105,0.00043932534907264146
nc 015938,salmonella enterica,0.004338105249107351,0.04771119711730949,5.968707559985366,0.00024467280572979227,8.899073383983893e-05,0.0011455135904622092,2.1972245773362196,0.00024467280572979227,445.0,0.0,0.0,0.0,0.00845582424529793,0.05063936013041928,5.7745515455444085,0.0004003736821032964
nc 016073,salmonella enterica,0.004438534840282395,0.04770496992719215,6.553933404025811,0.00015827793605571383,0.00013296946134704396,0.0010952833175055397,3.091042453358316,0.00015827793605571383,445.0,0.0,0.0,0.0,0.00777617662252916,0.04459933068065035,6.35088571671474,0.0004368471035137702
nc 016563,salmonella enterica,0.0032062314350913427,0.03692868569826064,6.222576268071369,0.0001274721632663467,1.2748760183072197e-05,0.0002549443265326934,1.0986122886681098,0.0001274721632663467,445.0,0.0,0.0,0.0,0.007208657878969443,0.0416787632457541,5.955837369464831,0.00019120824489952007
nc 016763,salmonella enterica,0.004374392445493681,0.049674926540339184,5.247024072160486,0.0004627380208694847,2.3147076524234988e-05,0.0004627380208694847,0.6931471805599453,0.0004627380208694847,445.0,0.0,0.0,0.0,0.011285863209898927,0.06457831325301205,5.521460917862246,0.0006246963281738044
nc 018843,salmonella enterica,0.007213121102978196,0.075373430526917,6.61472560020376,0.0002516965314281842,0.00023237800154918669,0.0020716560663704394,3.2188758248682006,0.0002516965314281842,445.0,0.0,0.0,0.0,0.016020517504874664,0.07667069003621033,6.816735880594968,0.000697005779339587
nc 018856,salmonella enterica,0.0025853053323546416,0.030416596302983854,5.988961416889864,0.00012990218365570725,1.2991821648272413e-05,0.0002598043673114145,1.0986122886681098,0.00012990218365570725,445.0,0.0,0.0,0.0,0.00787935106671313,0.04473743520396664,6.0112671744041615,0.00021434138737334372
nc 018863,salmonella enterica,0.0029708268493858444,0.03413983123816084,6.182084906716632,0.00012915446874461856,1.8452794675753643e-05,0.0002521587246918743,1.3862943611198906,0.00012915446874461856,445.0,0.0,0.0,0.0,0.007091935244319026,0.04206163272661741,5.948034989180646,0.00027676298018377063
nc 019452,salmonella enterica,0.0045590085114262545,0.04997190796026253,6.5722825426940075,0.0001468447531731236,7.662394881520219e-05,0.0008044538652092857,2.5649493574615367,0.0001468447531731236,445.0,0.0,0.0,0.0,0.007704632532218739,0.04478639400688399,6.317164686747284,0.0004405370721523109
nc 019488,salmonella enterica,0.019646941528356106,0.11994020576252308,6.508769136971682,0.0014069232347510038,0.0070678632177840345,0.022012486443708415,5.488937726156687,0.0014069232347510038,445.0,0.0,0.0,0.0,0.028577302631578948,0.10602589641434262,6.322565239927284,0.0036053464650017586
nc 019530,salmonella enterica,0.0046079736325030105,0.04975758151915581,6.590301048196686,0.0001457679754095763,8.24005172217081e-05,0.0008048927337833127,2.6390573296152584,0.0001457679754095763,445.0,0.0,0.0,0.0,0.007824450731680904,0.045431295657534065,6.361302477572996,0.00043730392622872897
nc 019539,salmonella enterica,0.005262412686426279,0.05798400603901772,5.4116460518550396,0.00047179825906442405,2.3600490890210518e-05,0.00047179825906442405,0.6931471805599453,0.00047179825906442405,445.0,0.0,0.0,0.0,0.010675983888969768,0.062332534198279506,5.3981627015177525,0.0006369426751592356
nc 020414,salmonella enterica,0.003165133436560707,0.03744508433680089,4.941642422609304,0.00043249641483235075,0.0,0.0,0.0,0.0,445.0,0.0,0.0,0.0,0.009834116820662452,0.05866288535266005,5.209486152841421,0.0006146281499692685
nc 020416,salmonella enterica,0.004300712832228506,0.05085475686707735,6.536691597591305,0.0001373103400927469,2.4968477297412018e-05,0.00026213792199524406,1.6094379124341003,0.0001373103400927469,445.0,0.0,0.0,0.0,0.008495320374370051,0.04253235396991955,6.159095388491933,0.00041193102027824066
nc 021531,salmonella enterica,0.005022904444265852,0.055181281223631515,7.026426808699636,0.0001071481188808379,4.4648836897798814e-05,0.0004687730201036658,2.3978952727983707,0.0001071481188808379,445.0,0.0,0.0,0.0,0.009610932972101716,0.053455768494313924,7.022868086082641,0.0005893146538446084
nc 021774,salmonella enterica,0.029871833686547583,0.1295810638154798,6.790097235513905,0.004673525653957367,0.01709114154022138,0.0318404949230045,6.2324480165505225,0.004673525653957367,445.0,0.0,0.0,0.0,0.02967107494065785,0.09516781458401662,6.26530121273771,0.006959854750857373
nc 021783,salmonella enterica,0.007900200881176251,0.08336989907854322,6.150602768446279,0.0003544064535727546,8.44095551616443e-05,0.001366996320923482,1.791759469228055,0.0003544064535727546,445.0,0.0,0.0,0.0,0.011670732290620366,0.06945407479314011,6.192362489474872,0.00045567313047440637
nc 021801,salmonella enterica,0.0035441975423788096,0.041466598293785836,5.030437921392435,0.0004661787329262039,2.331926404402677e-05,0.0004661787329262039,0.6931471805599453,0.0004661787329262039,445.0,0.0,0.0,0.0,0.007526602647287828,0.046109146033350173,4.762173934797756,0.0005594405594405594
nc 023007,salmonella enterica,0.003263038830754289,0.04047348350268836,6.313548046277095,0.00011843009071744949,1.7766512492819367e-05,0.0003552902721523485,1.3862943611198906,0.00011843009071744949,445.0,0.0,0.0,0.0,0.006613352502471022,0.0401172631615684,5.910796644040527,0.0002487031905066439
nc 023558,salmonella enterica,0.0035942594541860285,0.04190833033927013,4.948759890378168,0.00048760457835035674,0.0,0.0,0.0,0.0,445.0,0.0,0.0,0.0,0.009536285040607807,0.057642454124942816,5.209486152841421,0.0006929473360024638
nc 023608,salmonella enterica,0.005038262274822948,0.05632765542964389,5.3612921657094255,0.0004751383840543558,2.37676474782526e-05,0.0004751383840543558,0.6931471805599453,0.0004751383840543558,445.0,0.0,0.0,0.0,0.010832410572432718,0.06369278148476507,5.420534999272286,0.0006414368184733803
nc 024204,salmonella enterica,0.005005965051814078,0.05469553830324572,5.3706380281276624,0.0004676830979328407,2.3394549070066676e-05,0.0004676830979328407,0.6931471805599453,0.0004676830979328407,445.0,0.0,0.0,0.0,0.010432841614906832,0.062441226255407184,5.375278407684165,0.0006314017118001964
nc 025423,salmonella enterica,0.002250384079975188,0.027376711044440276,5.746203190540153,0.00015145177342814695,1.442595517855726e-05,0.00015145177342814695,1.0986122886681098,0.00015145177342814695,445.0,0.0,0.0,0.0,0.00773714451658404,0.04420624206645041,5.924255797414532,0.0002596334840649949
nc 025442,salmonella enterica,0.007823648909557947,0.08217798516230823,6.1463292576688975,0.0003524791030246064,8.39503685421179e-05,0.0013595622545234819,1.791759469228055,0.0003524791030246064,445.0,0.0,0.0,0.0,0.011466031574553759,0.06783364605847564,6.148468295917647,0.00045319502492572635
nc 025443,salmonella enterica,0.005638173080561547,0.06226711305301784,5.700443573390687,0.0003782935179405701,1.892147587511826e-05,0.0003782935179405701,0.6931471805599453,0.0003782935179405701,445.0,0.0,0.0,0.0,0.009783092050002471,0.05844062604700139,5.293304824724492,0.0005106962492197696
nc 026607,salmonella enterica,0.004865571391941163,0.0516777768050327,6.658011045870748,0.0005065222557124454,0.00042527908940242034,0.0007816701477043911,4.23410650459726,0.0005065222557124454,445.0,0.0,0.0,0.0,0.008421777085521788,0.0430115096265531,6.144185634125646,0.00041272699984991747
nc 027119,salmonella enterica,0.004533822698322994,0.04962602699716822,6.5722825426940075,0.00015873217437681748,0.00012700106045885484,0.0009714409071861229,3.044522437723423,0.00015873217437681748,445.0,0.0,0.0,0.0,0.007895204141567294,0.04543588521181783,6.361302477572996,0.0004381035829253891
nc 027329,salmonella enterica,0.003440196582661866,0.03901268426465547,5.71042701737487,0.00022854530910753056,3.4289241179092705e-05,0.0006856359273225917,1.3862943611198906,0.00022854530910753056,445.0,0.0,0.0,0.0,0.006942983378918578,0.041130405175348994,5.293304824724492,0.0003770997600274254
nc 027352,salmonella enterica,0.002552092151219298,0.030220951521079426,6.0112671744041615,0.0001253981390916159,2.5082615866008668e-05,0.0005015925563664636,1.6094379124341003,0.0001253981390916159,445.0,0.0,0.0,0.0,0.00760402231460754,0.04433395483737311,6.061456918928017,0.0003385749755473629
nc 027360,salmonella enterica,0.003653468511668265,0.04351449151284773,5.771441123130016,0.00022830268369804688,2.2835221044939714e-05,0.00045660536739609376,1.0986122886681098,0.00022830268369804688,445.0,0.0,0.0,0.0,0.00738222771597308,0.04354924696787951,5.375278407684165,0.0003766994281017773
nc 027375,salmonella enterica,0.005368879015088401,0.05808869456589631,5.4510384535657,0.0005089411710273671,6.94315867431957e-05,0.0005089411710273671,1.3862943611198906,0.0005089411710273671,445.0,0.0,0.0,0.0,0.013908028377481754,0.08320958320958322,6.302618975744905,0.0006246096189881324
nc 027387,salmonella enterica,0.003428276839798943,0.038186034527183714,4.897839799950911,0.0004895645452203041,0.0,0.0,0.0,0.0,445.0,0.0,0.0,0.0,0.010425897930459262,0.0625031554500934,5.303304908059076,0.0006957328385899814
nc 027388,salmonella enterica,0.003970698979941124,0.04596851471594798,5.673323267171493,0.00031485284052019166,5.4771261519080935e-05,0.00031485284052019166,1.6094379124341003,0.00031485284052019166,445.0,0.0,0.0,0.0,0.00972316498192959,0.05986712028642169,6.274762021241939,0.0005338809034907598
nc 028696,salmonella enterica,0.0563608644096508,0.12235715322463593,7.753623546559746,0.005104262421984615,0.046879159708608634,0.06478300837002274,7.569411792450712,0.005104262421984615,445.0,0.0,0.0,0.0,0.07769667477696675,0.12878906863515,7.271008538280992,0.012337615211553814
nc 028698,salmonella enterica,0.005447638162138915,0.05775293780452852,5.43372200355424,0.0005493455622432407,0.00011947716791321179,0.0010270373554982326,1.791759469228055,0.0005493455622432407,445.0,0.0,0.0,0.0,0.011127167630057803,0.06614495994037638,5.44673737166631,0.0006448839208942391
nc 028699,salmonella enterica,0.07995089011663598,0.15532646048109966,8.088561805276234,0.01053019145802651,0.0688588197735812,0.09047619047619047,7.9391588179567965,0.01053019145802651,445.0,0.0,0.0,0.0,0.07743777321794987,0.1426485743730677,7.459914766241105,0.008762886597938144
nc 028701,salmonella enterica,0.03170717143368962,0.13423259422841624,6.968850378341948,0.0024172610343489807,0.018542848611525827,0.03819869288847772,6.432940092739179,0.0024172610343489807,445.0,0.0,0.0,0.0,0.04366568617506846,0.11993922164493677,6.759255270663693,0.0043871429850479
nc 028754,salmonella enterica,0.004097166126762323,0.043439524388416126,6.20050917404269,0.0001748571999533714,4.996710498921543e-05,0.0006827757331512598,1.9459101490553132,0.0001748571999533714,445.0,0.0,0.0,0.0,0.010284272824294168,0.053575632032390186,6.052089168924417,0.0006994404476418865
nc 028758,salmonella enterica,0.004266187656122821,0.04693637077769049,5.030437921392435,0.0005330490405117271,0.0,0.0,0.0,0.0,445.0,0.0,0.0,0.0,0.009121927442378665,0.054037644201578625,4.882801922586371,0.0008416799932665601
nc 028795,salmonella enterica,0.0033643317358047417,0.04133620963136857,4.672828834461906,0.000602753632383732,0.0,0.0,0.0,0.0,445.0,0.0,0.0,0.0,0.009798509522495169,0.056173749832417214,4.962844630259907,0.0009517464547444561
nc 029003,salmonella enterica,0.014805841577495121,0.10368950324555208,6.089044875446846,0.0018834291864258568,0.004543312916470351,0.01220865704772475,4.912654885736052,0.0018834291864258568,445.0,0.0,0.0,0.0,0.02281932797079126,0.08715571010652978,5.993961427306569,0.0036323277166784382
nc 029010,salmonella enterica,0.003795253468713803,0.04407272368939692,5.043425116919247,0.0004927079227433977,2.4646932689226827e-05,0.0004927079227433977,0.6931471805599453,0.0004927079227433977,445.0,0.0,0.0,0.0,0.006780845858091577,0.040592914938464675,4.584967478670572,0.0006651884700665188
nc 029015,salmonella enterica,0.03170717143368962,0.13423259422841624,6.968850378341948,0.0024172610343489807,0.018542848611525827,0.03819869288847772,6.432940092739179,0.0024172610343489807,445.0,0.0,0.0,0.0,0.04366568617506846,0.11993922164493677,6.759255270663693,0.0043871429850479
nc 029101,salmonella enterica,0.004073319755600814,0.04724900265957447,5.68697535633982,0.0003185948581560284,5.542238787358153e-05,0.0003185948581560284,1.6094379124341003,0.0003185948581560284,445.0,0.0,0.0,0.0,0.00989680878410635,0.06060281790618869,6.29156913955832,0.0003740026595744681
nc 029102,salmonella enterica,0.0033855033855033855,0.04216249202518654,4.812184355372417,0.0005270311503148317,0.0,0.0,0.0,0.0,445.0,0.0,0.0,0.0,0.009607431443659732,0.05517369496563255,5.0238805208462765,0.0008321544478655238
nc 030919,salmonella enterica,0.023701153220291017,0.08246499127728794,6.913737350659685,0.004078457258710925,0.016391896035283852,0.025743788014522137,6.54534966033442,0.004078457258710925,445.0,0.0,0.0,0.0,0.03782009898859479,0.08723714345200916,6.556778356158042,0.00898224768371172
nc 031019,salmonella enterica,0.022706608604105852,0.08290081083020402,6.856461984594587,0.004137865052979024,0.015530031107920556,0.024564089071730966,6.476972362889683,0.004137865052979024,445.0,0.0,0.0,0.0,0.03993381136238279,0.09265584970111017,6.586171654854675,0.00911308840413318
nc 031021,salmonella enterica,0.005484238879856342,0.06280322142441297,5.424950017481403,0.0004851542790607413,2.4268899405411966e-05,0.0004851542790607413,0.6931471805599453,0.0004851542790607413,445.0,0.0,0.0,0.0,0.010432993730407524,0.05977643046608564,5.365976015021851,0.0006549741649079397
nc 031045,salmonella enterica,0.0045045615813482,0.0491273637198695,6.568077911411976,0.00015837319058629754,0.00012037811399173825,0.000842545373919103,2.995732273553991,0.00015837319058629754,445.0,0.0,0.0,0.0,0.007928329005042803,0.04609688203406987,6.359573868672378,0.0004371127750959748
nc 031053,salmonella enterica,0.006952218228951865,0.07698197667569796,5.872117789475416,0.0004908312718419916,0.00021604635176274183,0.0009620292928103036,2.4849066497880004,0.0004908312718419916,445.0,0.0,0.0,0.0,0.009819905213270141,0.056349351361227845,5.560681631015528,0.0005300977735893509
nc 031095,salmonella enterica,0.004367588581452268,0.04889249694829282,6.6039438246004725,0.00017776935019376858,0.00014223149360847225,0.0011555007762594958,3.2188758248682006,0.00017184370518730964,445.0,0.0,0.0,0.0,0.009866347244988022,0.047764569263209364,6.440946540632921,0.0006755315366564744
nc 031128,salmonella enterica,0.004656282818569458,0.05086000215079611,6.602587892189336,0.0001581467728569531,0.00010122610115018157,0.0009425547662274404,2.833213344056216,0.0001581467728569531,445.0,0.0,0.0,0.0,0.00791246013998968,0.046203140019224605,6.395261598115449,0.00043649061545176777
nc 031129,salmonella enterica,0.04900899158851397,0.11571366426603509,8.531096096585228,0.023249069553869205,0.041353238063929765,0.04703948958383682,8.361240889642351,0.023249069553869205,445.0,0.0,0.0,0.0,0.057423050781629285,0.11663188765439061,7.992268643270745,0.00948348365766654
nc 031228,salmonella enterica,0.007756927596507732,0.0841005841005841,6.154858094016418,0.0003465003465003465,6.602076353013023e-05,0.0010065010065010065,1.6094379124341003,0.0003465003465003465,445.0,0.0,0.0,0.0,0.010757214349188532,0.06454093170511081,6.133398042996649,0.0004455004455004455
nc 031250,salmonella enterica,0.0039868757391934686,0.04670366344375155,5.3471075307174685,0.00036233956938802755,0.0,0.0,0.0,0.0,445.0,0.0,0.0,0.0,0.010502172863351039,0.060991748404172506,5.568344503761097,0.0006293266205160479
nc 031258,salmonella enterica,0.002998916357954689,0.03612454655380895,4.787491742782046,0.0004786376461104393,0.0,0.0,0.0,0.0,445.0,0.0,0.0,0.0,0.010359634997316156,0.06100864853600083,5.267858159063328,0.0006801692865779928
nc 031271,salmonella enterica,0.003395507834904903,0.04050272923260401,5.003946305945459,0.0004357598275308472,0.0,0.0,0.0,0.0,445.0,0.0,0.0,0.0,0.0095045610968482,0.05496783796714688,5.1647859739235145,0.0008944543828264759
nc 031902,salmonella enterica,0.004220657239466343,0.045246734977700334,6.270988431858299,0.0001598542129577825,2.3981773851872576e-05,0.0004795626388733475,1.3862943611198906,0.0001598542129577825,445.0,0.0,0.0,0.0,0.009622105214109314,0.053646421314066384,6.025865973825314,0.0006713984270093995
nc 031918,salmonella enterica,0.006155271692368787,0.07209651096113978,5.634789603169249,0.00041903753694146707,0.0,0.0,0.0,0.0,445.0,0.0,0.0,0.0,0.009361939258846475,0.05091968283078915,5.1298987149230735,0.0007939658594680428
nc 031925,salmonella enterica,0.005163000022845133,0.05725312871106239,5.424950017481403,0.0005252580615693797,0.00011423610317804839,0.0009820042020644926,1.791759469228055,0.0005252580615693797,445.0,0.0,0.0,0.0,0.010881496683052546,0.06257799140361418,5.43372200355424,0.0006851192107426692
nc 031930,salmonella enterica,0.007898761406987883,0.08368896804328102,6.154858094016418,0.00035283443664101615,8.403502579875292e-05,0.0013609328270439195,1.791759469228055,0.00035283443664101615,445.0,0.0,0.0,0.0,0.011993966523939276,0.07075671353995203,6.202535517187923,0.0004536518977771057
nc 031933,salmonella enterica,0.003845311610388473,0.04232790331056227,6.0867747269123065,0.00017516202487300754,1.7519117737230755e-05,0.0003503240497460151,1.0986122886681098,0.00017516202487300754,445.0,0.0,0.0,0.0,0.009643879652418504,0.053207032581697754,5.953243334287785,0.0007356805044666316
nc 031939,salmonella enterica,0.00331841161666778,0.036652304129507776,5.700443573390687,0.00022267499471146886,3.3408316443573354e-05,0.0006680249841344066,1.3862943611198906,0.00022267499471146886,445.0,0.0,0.0,0.0,0.0073706825318129235,0.04173478219059525,5.4116460518550396,0.0003674137412739236
nc 031940,salmonella enterica,0.8243407445708376,0.9056930533117932,11.063069501527256,0.08078836833602585,0.8032602513056518,0.888361873990307,11.037112997041243,0.08078836833602585,445.0,0.0,0.0,0.0,0.8092116123859161,0.8701233782463476,10.443308713143372,0.015935791555193674
nc 031946,salmonella enterica,0.02409221331750272,0.0834260564250921,6.882437470997847,0.004277625299804663,0.01687116564417178,0.02620972727047944,6.52649485957079,0.004277625299804663,445.0,0.0,0.0,0.0,0.03753019832574864,0.08647413933757546,6.505784060128229,0.009420666122691195
nc 016071,salmonella enteritidis,0.0038026982027968676,0.04276396919788441,6.320768294250582,0.00015757310021649173,4.7963273836034124e-05,0.0004384642788632814,2.0794415416798357,0.00015757310021649173,205.0,0.0,0.0,0.0,0.007443919122824666,0.04327263144755274,6.251903883165888,0.00024663953631767175
nc 022752,salmonella enteritidis,0.004337631887456037,0.049314426344779096,5.225746673713202,0.0004687683112621587,2.344885804061342e-05,0.0004687683112621587,0.6931471805599453,0.0004687683112621587,205.0,0.0,0.0,0.0,0.009802487198244331,0.05680373039423484,5.308267697401205,0.0007031854299978904
nc 022754,salmonella enteritidis,0.0050077221884213974,0.053474935086200846,5.3706380281276624,0.0004678472011041194,2.3402761525860052e-05,0.0004678472011041194,0.6931471805599453,0.0004678472011041194,205.0,0.0,0.0,0.0,0.010379945162553859,0.05950014200511219,5.3612921657094255,0.0007018036353428311
nc 022772,salmonella enteritidis,0.003780633687940994,0.04241451214675895,6.3835066348840055,0.0001407207460758101,3.19858750375834e-05,0.0003965766480318285,1.791759469228055,0.0001407207460758101,205.0,0.0,0.0,0.0,0.007438710623491928,0.04254742197487184,6.326149473155099,0.00044135707706478356
nc 021317,salmonella gallinarum,0.0023077285357697925,0.026120105421686746,3.912023005428146,0.0008471385542168675,0.0,0.0,0.0,0.0,108.0,0.0,0.0,0.0,0.0039040182822319557,0.02368663594470046,3.7376696182833684,0.001412030499858797
nc 029045,salmonella gallinarum,0.003820534542615571,0.042330941942340904,5.442417710521793,0.0003487445197289757,6.644849411100221e-05,0.001013019795403215,1.6094379124341003,0.0003487445197289757,108.0,0.0,0.0,0.0,0.004774831547821028,0.0294035218833201,5.288267030694535,0.0004982064567556796
nc 026017,salmonella paratyphi,0.004610056132807835,0.05224450811843362,5.267858159063328,0.0004775549188156638,2.3888583645875637e-05,0.0004775549188156638,0.6931471805599453,0.0004775549188156638,177.0,0.0,0.0,0.0,0.00970733817098371,0.057243914925303674,5.313205979041787,0.0010028653295128939
nc 029050,salmonella paratyphi,0.003006881131820898,0.036785108678896256,5.056245805348308,0.0003853861569292431,1.927636524856873e-05,0.0003853861569292431,0.6931471805599453,0.0003853861569292431,177.0,0.0,0.0,0.0,0.007050889025137952,0.043245869776482024,4.248495242049359,0.00046248121170077463
nc 029072,salmonella paratyphi,0.003028991778450887,0.033493024924551,5.662960480135946,0.00023215077137369943,6.332654332063284e-05,0.0008652892387565161,1.9459101490553132,0.00023215077137369943,177.0,0.0,0.0,0.0,0.007380446870892731,0.043654235328129516,4.990432586778736,0.0002532607319235153
nc 029042,salmonella typhi,0.004221454169801936,0.046469811838069794,6.4967749901858625,0.00015940522721621088,0.00010203170635274912,0.0009500551542086168,2.833213344056216,0.00015940522721621088,500.0,0.0,0.0,0.0,0.007706003449618873,0.04440149257738047,6.318968113746434,0.000439964037722134
nc 004831,salmonella typhimurium,0.003153997348813823,0.03625853914871256,4.9344739331306915,0.0004340971920765839,0.0,0.0,0.0,0.0,383.0,0.0,0.0,0.0,0.008259911894273128,0.04881704314313243,5.017279836814924,0.0006169031462060457
nc 005841,salmonella typhimurium,0.022815158546017015,0.07992075571984247,6.851184927493743,0.003744775434273151,0.015493570530793773,0.025416153270034547,6.464588303689961,0.003744775434273151,383.0,0.0,0.0,0.0,0.03541577368195457,0.08313477675334092,6.495265555937008,0.007392911502500543
nc 006949,salmonella typhimurium,0.010365788631758558,0.0732409381663113,6.18826412308259,0.0010660980810234541,0.00366886371877733,0.008528784648187633,5.153291594497779,0.0010660980810234541,383.0,0.0,0.0,0.0,0.015494636471990465,0.06283084004602991,5.786897381366708,0.002110919209364805
nc 019545,salmonella typhimurium,0.17133502323616392,0.2524759793052476,9.001099725830965,0.012374617252666033,0.15730099712692241,0.1969169042339774,8.915566545710645,0.012374617252666033,383.0,0.0,0.0,0.0,0.1893574479687358,0.24852902432598578,8.335191583433202,0.024326892619575546
nc 022768,salmonella typhimurium,0.003904684328252072,0.04391697532659776,6.405228458030842,0.00014867389351070774,5.171901061532693e-05,0.0004201653512259132,2.1972245773362196,0.00014867389351070774,383.0,0.0,0.0,0.0,0.007758224528964939,0.04449768282145943,6.354370040797351,0.0004460216805321233
nc 027297,salmonella typhimurium,0.004495383120038879,0.04482688803401498,6.320768294250582,0.00017007491395019234,4.050025920165889e-05,0.0006560032395221705,1.791759469228055,0.00017007491395019234,383.0,0.0,0.0,0.0,0.009216698489027179,0.050563209724221445,5.971261839790462,0.0006803051654599349
nc 029071,salmonella typhimurium,0.006233260287314342,0.06832177193622976,5.54907608489522,0.000511135450894487,9.740417863926362e-05,0.001022270901788974,1.6094379124341003,0.000511135450894487,383.0,0.0,0.0,0.0,0.00736554701885834,0.042693742736558814,4.762173934797756,0.0009492515516611902
nc 031026,salmonella typhimurium,0.006144205729166667,0.06416905648097301,5.713732805509369,0.0004474545935281795,0.0001220802474159681,0.001281347245103423,1.9459101490553132,0.0004474545935281795,383.0,0.0,0.0,0.0,0.008199022856180153,0.04660394801239871,4.990432586778736,0.0007932149612544999
nc 031042,salmonella typhimurium,0.0033959213008714403,0.03871547271502358,5.937536205082426,0.0001796541657309679,8.984241640163154e-06,0.0001796541657309679,0.6931471805599453,0.0001796541657309679,383.0,0.0,0.0,0.0,0.010126906806819639,0.053174267141540686,5.981414211254481,0.0007545542740109949
nc 019452,serratia marcescens,0.0038310995894338274,0.040516382766810535,6.398594934535208,0.0001468447531731236,9.577993601900274e-05,0.0010662205991265928,2.772588722239781,0.0001468447531731236,500.0,0.0,0.0,0.0,0.010532915360501568,0.05967469798204765,6.6293632534374485,0.0004405370721523109
nc 024121,serratia marcescens,0.002977560672282976,0.0329714347207442,6.212606095751519,0.00012554852749512753,2.391672197408623e-05,0.00047828010474334294,1.6094379124341003,0.00011957002618583574,500.0,0.0,0.0,0.0,0.010881582775676461,0.05630846387918404,6.618738983517219,0.00039458344543090305
nc 028695,serratia marcescens,0.008325921533748394,0.0866859302067126,5.823045895483019,0.0005927243091057272,0.00014825064241945048,0.0010866612333604998,1.9459101490553132,0.0005927243091057272,500.0,0.0,0.0,0.0,0.023484848484848483,0.11750434862217339,6.208590026096629,0.0008890864636585908
nc 028908,serratia marcescens,0.0073066886416701,0.0746309646412633,6.278521424165844,0.0002746309646412633,0.0,0.0,0.0,0.0,500.0,0.0,0.0,0.0,0.020529443544030253,0.11086412434960152,7.104144092987527,0.0004943357363542739
nc 029033,serratia marcescens,0.010792804796802133,0.10323010323010323,6.18826412308259,0.0005994005994005994,0.00011104695065073513,0.0009546009546009546,1.791759469228055,0.0005106005106005106,500.0,0.0,0.0,0.0,0.03036510089406815,0.14482111751306445,7.001245622069476,0.0008658008658008658
nc 029106,serratia marcescens,0.0182621975725424,0.15411443265830924,7.036148493750536,0.00036965605914496947,0.0003215382389350654,0.00429122468659595,3.044522437723423,0.00035358405657344905,500.0,0.0,0.0,0.0,0.044315506222670706,0.19831719009881615,7.877017895622398,0.0006750241080038572
nc 023594,shewanella putrefaciens,0.0027931940996056667,0.03168403569929368,5.0369526024136295,0.00036502345275683963,1.8257503834075804e-05,0.00036502345275683963,0.6931471805599453,0.00036502345275683963,500.0,0.0,0.0,0.0,0.007782419922995003,0.04805019458343261,5.25227342804663,0.0004927996495646936
nc 013693,shigella boydii,0.004221759467311429,0.04666911383112034,6.504288173536645,0.0001582218396769743,0.0001139334249020489,0.0009556599116489247,2.9444389791664403,0.0001582218396769743,44.0,0.0,0.0,0.0,0.005364017822381797,0.03276714279730239,6.208590026096629,0.0001898686109212425
nc 016073,shigella boydii,0.003640738278405673,0.04013928458372903,6.3561076606958915,0.00015827793605571383,0.00013930134045880797,0.0012219056663501108,3.1354942159291497,0.00015827793605571383,44.0,0.0,0.0,0.0,0.004350308600016313,0.02645656012016127,5.771441123130016,0.0002279202279202279
nc 021783,shigella boydii,0.005469369840814329,0.060586627063151856,5.783825182329737,0.00038815944915111214,6.752764412931544e-05,0.00038815944915111214,1.6094379124341003,0.00038815944915111214,44.0,0.0,0.0,0.0,0.0075333620318553595,0.044122405584061386,5.755742213586912,0.00045567313047440637
nc 023589,shigella boydii,0.002443656268327422,0.029471303522316382,5.170483995038151,0.00029317734437169304,4.1893590280687055e-05,0.0005723938628209244,1.3862943611198906,0.00029317734437169304,44.0,0.0,0.0,0.0,0.004578481138648353,0.029759032268442558,4.9344739331306915,0.0003350644999162339
nc 025829,shigella boydii,0.004691364011055617,0.04190934490512064,6.652863029353347,0.0010606124885605367,0.0009516305006667475,0.0011818253443960267,5.062595033026967,0.0010606124885605367,44.0,0.0,0.0,0.0,0.0063922362083475084,0.030346795663749152,5.8805329864007,0.0010909289259804723
nc 026010,shigella boydii,0.00461133069828722,0.04945219421660779,5.44673737166631,0.0005787383503961365,0.0001597125174685566,0.0005388253607136442,2.1972245773362196,0.0005388253607136442,44.0,0.0,0.0,0.0,0.004740324008959733,0.029436967589092193,4.5217885770490405,0.0005388253607136442
nc 027387,shigella boydii,0.0032478412166516302,0.03602164390620974,4.844187086458591,0.0005668642102550889,0.00012889587790982445,0.001107961865498583,1.791759469228055,0.0005668642102550889,44.0,0.0,0.0,0.0,0.00620340926862326,0.03771393951633261,4.787491742782046,0.0006957328385899814
nc 031053,shigella boydii,0.005302539327166677,0.06019554717870185,5.602118820879701,0.0005497310244630306,0.0002946086614946479,0.001806259080378529,2.772588722239781,0.0004711980209683119,44.0,0.0,0.0,0.0,0.005800947867298578,0.03489859309336744,5.0369526024136295,0.0005300977735893509
nc 031095,shigella boydii,0.0035438507078812157,0.03781746643122104,6.395261598115449,0.00017184370518730964,0.00012445255690741322,0.0009125493309946787,3.091042453358316,0.00017184370518730964,44.0,0.0,0.0,0.0,0.006067961165048544,0.03068178345506219,5.955837369464831,0.0006755315366564744
nc 003444,shigella flexneri,0.2525432418575785,0.3904353455251659,9.144200569471638,0.016588444732157308,0.2249359060855485,0.3206829584075093,9.028338763993148,0.016588444732157308,215.0,0.0,0.0,0.0,0.27271365814696485,0.3390632544664413,8.605936401250625,0.017478556400712088
nc 005344,shigella flexneri,0.011530183458030132,0.07778603078656865,6.111467339502679,0.0019209589427041979,0.0039719147191471914,0.010296339932894501,5.049856007249537,0.0019209589427041979,215.0,0.0,0.0,0.0,0.02154895149877782,0.0786327979081061,5.817111159963204,0.003457814661134163
nc 015456,shigella flexneri,0.004659795442878016,0.05382838870136791,5.4680601411351315,0.0005132152938157557,0.00013822518857865013,0.0005132152938157557,2.0794415416798357,0.0005132152938157557,215.0,0.0,0.0,0.0,0.007652419070633842,0.04692296447887736,5.030437921392435,0.0004737371942914668
nc 015457,shigella flexneri,0.005436879159031729,0.05146487141315943,6.805722553416985,0.000807622996763481,0.0007956600361663653,0.0017116785901554372,4.890349128221754,0.000807622996763481,215.0,0.0,0.0,0.0,0.009335970210415665,0.04235277821065572,6.263398262591624,0.0011029544714859147
nc 016073,shigella flexneri,0.004121948903029728,0.045881608103830324,6.480044561926653,0.00015827793605571383,0.00015196509868233596,0.0013548591326369105,3.2188758248682006,0.00015827793605571383,215.0,0.0,0.0,0.0,0.007137225046901764,0.04050172600068513,6.26530121273771,0.0004368471035137702
nc 018863,shigella flexneri,0.0031738025968594116,0.03460724741076041,6.248042874508429,0.00012915446874461856,6.150931558584548e-06,0.00012300425594725578,0.6931471805599453,0.00012300425594725578,215.0,0.0,0.0,0.0,0.0064792811525323036,0.03719589115155884,5.857933154483459,0.00027676298018377063
nc 021331,shigella flexneri,0.006099679573794541,0.07097508731981243,5.75890177387728,0.00040524111846548696,5.791282189876839e-05,0.0007911850408135698,1.3862943611198906,0.00040524111846548696,215.0,0.0,0.0,0.0,0.008322849124165296,0.04772812266267764,5.153291594497779,0.0006368320500202628
nc 021783,shigella flexneri,0.0065497391920862945,0.07174199210179903,5.963579343618446,0.00038815944915111214,0.00011817337722630202,0.0010800958585074425,2.0794415416798357,0.00038815944915111214,215.0,0.0,0.0,0.0,0.010259721624336346,0.060971663661997876,6.063785208687608,0.000506303478304896
nc 022749,shigella flexneri,0.17990589537780238,0.29601589617183965,8.875007486048396,0.022108757985814177,0.15979264702181736,0.22189244931837618,8.756367559802975,0.022108757985814177,215.0,0.0,0.0,0.0,0.19281120284632577,0.24816200748404138,8.349484346990128,0.02875037730153939
nc 025434,shigella flexneri,0.013703656435454023,0.08944321281041165,6.756932389247553,0.0014194803744876313,0.004674537332482451,0.014370245139475908,5.683579767338681,0.0014194803744876313,215.0,0.0,0.0,0.0,0.025983667409057165,0.08307904026805481,6.734591659972948,0.002201062251782382
nc 025437,shigella flexneri,0.004448466994386177,0.04460493783345755,6.6240652277998935,0.00036081437579112987,0.0004909993315310306,0.0011652529841123375,4.430816798843313,0.00036081437579112987,215.0,0.0,0.0,0.0,0.01067030564095819,0.04913530172620283,6.476972362889683,0.0010824431273733896
nc 025829,shigella flexneri,0.005624787858216554,0.05264880393214504,6.834108738813838,0.0008121261340977824,0.0009031397745181234,0.0017091012672804079,5.0106352940962555,0.0008121261340977824,215.0,0.0,0.0,0.0,0.009006428047055454,0.04284048791522386,6.222576268071369,0.0011091110747468136
nc 026010,shigella flexneri,0.005449754461612169,0.05998922349278573,5.6131281063880705,0.0006186513400786286,0.00017967658215212618,0.0006186513400786286,2.302585092994046,0.0005188688658723982,215.0,0.0,0.0,0.0,0.0086992759285305,0.053732547003377186,5.123963979403259,0.000478955876189906
nc 027339,shigella flexneri,0.04302392244749049,0.12805751647607388,7.409741954080923,0.004688843158196359,0.03252541047693511,0.049337049675688346,7.130098510125578,0.004688843158196359,215.0,0.0,0.0,0.0,0.044054747647562016,0.08977887879621983,6.833031732786201,0.02172553923100969
nc 027382,shigella flexneri,0.03080983544746977,0.13199267754266947,7.0431599159883405,0.0031497334840898078,0.017803754679882565,0.03677381144672374,6.495265555937008,0.0031497334840898078,215.0,0.0,0.0,0.0,0.0379669892925609,0.09930903671589215,6.70073110954781,0.006460991762235503
nc 027398,shigella flexneri,0.013608077052185814,0.0778999535387951,6.269096283706261,0.002090754220226111,0.006585233582108824,0.013164008053275516,5.545177444479562,0.002090754220226111,215.0,0.0,0.0,0.0,0.017166617166617167,0.06373423916172491,5.66988092298052,0.005652779928759486
nc 028795,shigella flexneri,0.004062589265877424,0.04929890235391155,4.859812404361672,0.000602753632383732,0.0,0.0,0.0,0.0,215.0,0.0,0.0,0.0,0.008625448523323212,0.0495374715109264,4.836281906951478,0.0009517464547444561
nc 029102,shigella flexneri,0.003774003774003774,0.044964078666333805,4.919980925828125,0.0004992926687193143,0.0,0.0,0.0,0.0,215.0,0.0,0.0,0.0,0.007253292613094102,0.04204594711746858,4.74493212836325,0.0008321544478655238
nc 031053,shigella flexneri,0.006068461674424085,0.0648878941375113,5.736572297479192,0.0004711980209683119,0.00021604635176274183,0.0017080928260101308,2.4849066497880004,0.0004711980209683119,215.0,0.0,0.0,0.0,0.008,0.04703087885985748,5.356586274672012,0.0007067970314524679
nc 031095,shigella flexneri,0.004403145611966126,0.045971153960108556,6.612041034833092,0.00017184370518730964,0.0001481578058421586,0.0009362519110205146,3.258096538021482,0.00017184370518730964,215.0,0.0,0.0,0.0,0.009708737864077669,0.047520092901017635,6.424869023905388,0.0006755315366564744
nc 014595,shigella sonnei,0.0048302948590187,0.053667829196096244,6.715383386334681,0.00013481433721168783,7.034574935809503e-05,0.0007385481082031593,2.5649493574615367,0.00013481433721168783,76.0,0.0,0.0,0.0,0.008127416028083978,0.04284751674660113,6.39024066706535,0.0003868608004501653
nc 016566,shigella sonnei,0.00624120557396396,0.0670871429543753,5.62040086571715,0.0004991265285749938,6.809206046574969e-05,0.000930190348707943,1.3862943611198906,0.00047643895909431225,76.0,0.0,0.0,0.0,0.010806042562575807,0.06308901454532523,5.68697535633982,0.0006806425265450585
nc 025829,shigella sonnei,0.005612665470591088,0.05228516536463857,6.831953565565855,0.0010606124885605367,0.0010001212268153715,0.001575767125861369,5.111987788356544,0.0010606124885605367,76.0,0.0,0.0,0.0,0.009310820247452953,0.04442395030364196,6.255750041753367,0.0011091110747468136
nc 026010,shigella sonnei,0.006427915518824609,0.06222435091500529,5.777652323222656,0.0006186513400786286,0.00035935316430425236,0.0034724301023768187,2.9444389791664403,0.0005188688658723982,76.0,0.0,0.0,0.0,0.009011824764286086,0.05363173547053783,5.159055299214529,0.0005388253607136442
nc 027387,shigella sonnei,0.003892254156463462,0.04295284720432878,5.0238805208462765,0.0006441638752898738,0.00018045422907375422,0.0016490595207420769,2.0794415416798357,0.0005668642102550889,76.0,0.0,0.0,0.0,0.008340718344367408,0.05063866309890443,5.081404364984463,0.0006957328385899814
nc 028685,shigella sonnei,0.03133554013622764,0.11753194062146982,7.585788821732034,0.0023706862261539197,0.0196078431372549,0.0386151373884266,7.117205503164344,0.0023706862261539197,76.0,0.0,0.0,0.0,0.0343789134712863,0.09505418492045192,7.050989447068045,0.00720763723150358
nc 028695,shigella sonnei,0.005929439667951379,0.06512558346299177,5.484796933490655,0.00046924007804203404,0.0,0.0,0.0,0.0,76.0,0.0,0.0,0.0,0.009280303030303031,0.05424333974182917,5.2832037287379885,0.0006668148477439431
nc 028908,shigella sonnei,0.004573547589616811,0.05271541366289049,5.811140992976701,0.0003158256093374528,6.867565859956597e-05,0.0005904565739787161,1.791759469228055,0.0003158256093374528,76.0,0.0,0.0,0.0,0.008103727714748784,0.04919976289270895,6.175867270105761,0.00041194644696189496
nc 029033,shigella sonnei,0.004885631801021541,0.05614385614385614,5.3981627015177525,0.000444000444000444,2.2209390130147026e-05,0.000444000444000444,0.6931471805599453,0.000444000444000444,76.0,0.0,0.0,0.0,0.010739889833088826,0.06329894144445933,5.963579343618446,0.000666000666000666
nc 029106,shigella sonnei,0.00618921308576481,0.06870781099324975,5.955837369464831,0.0003857280617164899,8.038455973376634e-05,0.0003857280617164899,1.791759469228055,0.0003857280617164899,76.0,0.0,0.0,0.0,0.011520349815001682,0.06913870136646773,6.530877627725885,0.0005303760848601736
nc 029120,shigella sonnei,0.02619125862635557,0.11520328542094456,7.374629015218945,0.0025626283367556468,0.014049559616143027,0.034595482546201234,6.752270376141742,0.0025626283367556468,76.0,0.0,0.0,0.0,0.040075317746744075,0.10925414783584579,7.15305163493748,0.003154107732492238
nc 030953,shigella sonnei,0.00550297418466317,0.05223556987987108,6.84587987526405,0.0010079109288016407,0.00096699896267384,0.001634925285672429,5.111987788356544,0.0010079109288016407,76.0,0.0,0.0,0.0,0.009350360536424287,0.04256363279460839,6.320768294250582,0.0010723766327373732
nc 031011,shigella sonnei,0.005556936405922665,0.05408508044711911,6.84587987526405,0.0008935281343014208,0.0008462840436990306,0.0015207730497712923,4.969813299576001,0.0008935281343014208,76.0,0.0,0.0,0.0,0.009100558562007343,0.042105441084498235,6.261491684321042,0.001082885089914967
nc 031022,shigella sonnei,0.0036191974822974036,0.0418972697825081,5.971261839790462,0.00018509949097639982,9.256602271570197e-06,0.00018509949097639982,0.6931471805599453,0.00018509949097639982,76.0,0.0,0.0,0.0,0.0097604491905649,0.049443694783206454,5.921578419643816,0.0007774322523322968
nc 031085,shigella sonnei,0.0054255517077884275,0.05210821320978912,6.807934943699926,0.0004800940984432949,0.0007802418749812442,0.0016923316970126146,4.875197323201151,0.0004800940984432949,76.0,0.0,0.0,0.0,0.0098401201307305,0.043017210315894235,6.324358962381311,0.0010982284315137548
nc 031090,shigella sonnei,0.004722710281475891,0.047594342681625504,6.687108607866515,0.0003596252822468916,0.0005129656489899884,0.0014090236468361818,4.477336814478207,0.0003596252822468916,76.0,0.0,0.0,0.0,0.010415111862945088,0.04778008599449249,6.444131256700441,0.0010788822072868764
nc 003324,sinorhizobium meliloti,0.026445532307799516,0.22648739027448794,7.325807502595773,0.0005573359342343597,0.0006446329947558235,0.005277274627281594,3.6375861597263857,0.0005573359342343597,148.0,0.0,0.0,0.0,0.08524783925537416,0.32678731410141554,8.43750042250699,0.0012540495349566308
nc 023566,sinorhizobium meliloti,0.0053562820261029475,0.05913537055547623,5.707110264748875,0.0003569898614879337,1.7855548611731094e-05,0.0003569898614879337,0.6931471805599453,0.0003569898614879337,148.0,0.0,0.0,0.0,0.030798081430992823,0.15372286679906624,6.75110146893676,0.0006426046910142444
nc 025427,sinorhizobium meliloti,0.03156484557082821,0.25881554324294576,7.450660796211539,0.0009173302021795765,0.0007891790702369372,0.004623344218985066,3.784189633918261,0.0009173302021795765,148.0,0.0,0.0,0.0,0.09399159348495084,0.34604504406484604,8.51919119407891,0.0012109202994275649
nc 027204,sinorhizobium meliloti,0.00939975139455328,0.0966353536961803,7.5126175446745105,0.0001643545744500542,0.00010273163415210446,0.0008834058376690412,3.044522437723423,0.0001643545744500542,148.0,0.0,0.0,0.0,0.027772048085411838,0.13652830969878896,8.121777419161074,0.00023112480739599384
nc 028676,sinorhizobium meliloti,0.007848367660167692,0.08527121392861452,7.066466970136958,0.00014743529600986477,4.6917204538904414e-05,0.0008108941280542562,2.0794415416798357,0.00014073369164578,148.0,0.0,0.0,0.0,0.02887801798958498,0.1414569671089421,7.917900586327916,0.0005026236956915097
nc 028945,sinorhizobium meliloti,0.009274400332852761,0.09592526836725315,7.559038255443384,0.0001161030027139077,5.805683764405353e-05,0.0009772002728420564,2.5649493574615367,0.00010159012737466922,148.0,0.0,0.0,0.0,0.02694241386755498,0.13351642626415994,8.15908865466791,0.0002176941832114246
nc 007902,sodalis glossinidius,0.02740330220338658,0.11539051416740155,7.265429723253953,0.0015911966565699167,0.013923249525343765,0.03753690425980599,6.588926477533519,0.0015911966565699167,0.0,0.0,0.0,0.0,0.04762078929080867,0.11726453437003004,7.172424577124845,0.005291309599125784
nc 013600,sodalis glossinidius,0.00507153297603756,0.05457282649604817,5.438079308923196,0.0004870597090925192,8.859357696567e-05,0.0009298412628129912,1.6094379124341003,0.0004870597090925192,0.0,0.0,0.0,0.0,0.01290458323105516,0.06864771456646224,5.910796644040527,0.0011291179596174283
nc 019521,sphingomonas paucimobilis,0.0004513190825913921,0.005100924457086592,4.605170185988092,9.572780482468136e-05,9.117723486799817e-06,9.572780482468136e-05,1.0986122886681098,9.572780482468136e-05,258.0,0.0,0.0,0.0,0.004878316911956686,0.028991917648478024,5.87493073085203,0.00015042940758164215
nc 001365,spiroplasma citri,0.9364252845725357,0.9938353680647891,8.953381472167242,0.11797413272089931,0.9125272595105404,0.9888794874894234,8.927048647825695,0.11797413272089931,258.0,0.0,0.10256410256410256,0.0,0.9499136442141624,0.9834983498349835,7.00397413672268,0.07000362713093942
nc 003793,spiroplasma citri,0.8539920030955759,0.9533985581874357,8.798152718107191,0.09719361483007209,0.8164924506387921,0.9289392378990731,8.75273950944749,0.08007209062821834,258.0,0.0,0.0,0.0,0.923923923923924,0.9606147934678194,6.828712071641684,0.11317110853611433
nc 003438,spiroplasma melliferum,0.015206536541080345,0.12666817462112645,4.219507705176107,0.0049762497172585385,0.0011358473421172195,0.00972630626555078,1.791759469228055,0.0049762497172585385,20.0,0.0,0.0,0.0,0.0,0.0,0.0,0.0
nc 002321,staphylococcus aureus,0.5936790218914609,0.7296925195043598,10.1093221647277,0.046689693485664596,0.5621042965540574,0.6702736648873215,10.054576406898985,0.046689693485664596,361.0,0.0,0.0,0.0,0.7102226795031968,0.7910980924483818,9.17626639164243,0.04521739130434783
nc 002486,staphylococcus aureus,0.37658096052256634,0.5626040844946971,9.751559401061966,0.02522131650451398,0.3359493171405397,0.4706810412831975,9.637306011530349,0.02522131650451398,361.0,0.0,0.0,0.0,0.5086582947785856,0.6059458071144215,8.948585921534317,0.028201419931632922
nc 002661,staphylococcus aureus,0.6520138840356885,0.7914163290019095,10.2396025825095,0.06599599459736388,0.6195046944528575,0.7334311396767733,10.188365697655176,0.06599599459736388,361.0,0.0,0.0,0.0,0.7811475981314927,0.8412343167175313,9.324115386235027,0.055470169065250804
nc 003288,staphylococcus aureus,0.28744253007012494,0.44797010282955363,9.423837546238587,0.019405306283512454,0.25426129766383354,0.35769828926905134,9.301094735244646,0.019405306283512454,361.0,0.0,0.0,0.0,0.36956228956228954,0.4540455616653574,8.610501368549889,0.018593314763231197
nc 004615,staphylococcus aureus,0.24357062561655463,0.3825107788276305,9.270305953143616,0.014585817814879368,0.21750602271423655,0.2889184478488212,9.15704507491796,0.014585817814879368,361.0,0.0,0.0,0.0,0.27784907597535935,0.3299850262041428,8.373553741214627,0.017063437456997385
nc 004616,staphylococcus aureus,0.7894034135160996,0.9191016233044251,10.476611690496343,0.05452523904825439,0.7552691905366006,0.8923282188125417,10.432231676804463,0.05452523904825439,361.0,0.0,0.0,0.0,0.8984860773181941,0.9527667984189724,9.49514330367712,0.03822548365577051
nc 004617,staphylococcus aureus,0.5829489310885804,0.7238425167361079,10.122502593266558,0.04658021628200927,0.5497271854436456,0.6612518140536492,10.063733901678225,0.04658021628200927,361.0,0.0,0.0,0.0,0.6742041059208569,0.7533959537572255,9.112176123188952,0.04002808988764045
nc 004678,staphylococcus aureus,0.01848649293338899,0.1684938036224976,5.739792912179234,0.0013107721639656815,0.00023859230539815092,0.0036344137273593897,1.6094379124341003,0.0012511916110581507,361.0,0.0,0.0,0.0,0.005359452966180004,0.023891402714932126,3.4011973816621555,0.002681444404719342
nc 004679,staphylococcus aureus,0.020096639578300022,0.18006254457672682,5.905361848054571,0.0012070006035003018,0.0002196836555360281,0.003346683491523564,1.6094379124341003,0.0011521369397048335,361.0,0.0,0.0,0.0,0.0055101018533978965,0.026001635322976287,3.5263605246161616,0.0024691358024691358
nc 005356,staphylococcus aureus,0.6313050152303744,0.7653927304114319,10.178160370394268,0.04543492855087753,0.599558636570798,0.7079936702790831,10.126471091048971,0.04543492855087753,361.0,0.0,0.0,0.0,0.7195412914646349,0.780526197436474,9.143131622282732,0.05344554740325133
nc 005880,staphylococcus aureus,0.016978867446157165,0.15688019579684054,7.831617276352611,0.00014833093981135,0.00021578173677325386,0.0030340419506867046,3.4965075614664802,0.00014833093981135,361.0,0.0,0.0,0.0,0.005592215635834918,0.029788158609451384,5.5254529391317835,0.0003034041950686705
nc 007021,staphylococcus aureus,0.014752354791072071,0.1384328186923324,7.564757012905729,0.0001759674383731428,0.00015303740999487325,0.0021881168423790796,3.044522437723423,0.0001759674383731428,361.0,0.0,0.0,0.0,0.005043776170536734,0.026035393310479014,5.3612921657094255,0.00032133676092544985
nc 007045,staphylococcus aureus,0.028932512188863228,0.16740370441581748,6.113682179832232,0.004614497212074601,0.011357802874743327,0.027174261359994872,5.181783550292085,0.004614497212074601,361.0,0.0,0.0,0.0,0.046265852512916865,0.08451025056947609,5.288267030694535,0.023072486060373005
nc 007046,staphylococcus aureus,0.021062472503299606,0.19039507665256333,5.950642552587727,0.0012638057036100884,0.00038503850385038506,0.003516676740480246,2.0794415416798357,0.0012638057036100884,361.0,0.0,0.0,0.0,0.005323573448677425,0.025857863067165393,3.4965075614664802,0.002472799208704253
nc 007048,staphylococcus aureus,0.2392021911651099,0.3804642890573809,9.23200401161221,0.012683703079659272,0.21164516657692037,0.2864363942712721,9.109525066737367,0.012683703079659272,361.0,0.0,0.0,0.0,0.26317549491706793,0.32383554514702056,8.277920258172143,0.015936534681269307
nc 007049,staphylococcus aureus,0.31182182912373485,0.45420777977804616,9.523690191176541,0.021147141261992117,0.28312511398869233,0.36453752022423264,9.42706335548747,0.021147141261992117,361.0,0.0,0.0,0.0,0.33999736945942394,0.398552581017036,8.550821372396221,0.03254255828262802
nc 007050,staphylococcus aureus,0.3633776091081594,0.48377481200460676,9.685766771390307,0.03592800849084299,0.3407735405747334,0.3996793351850597,9.621456151593161,0.03592800849084299,361.0,0.0,0.0,0.0,0.35434075397078524,0.4000992494262143,8.622633703874234,0.03217939164013278
nc 007051,staphylococcus aureus,0.015180495363532916,0.12239217774335641,6.4425401664681985,0.0009196960162640979,0.0018160246010799294,0.008712909627765138,4.330733340286331,0.0009196960162640979,361.0,0.0,0.0,0.0,0.08867176021157802,0.17207000430354324,7.0967213784947605,0.0033401103688643625
nc 007052,staphylococcus aureus,0.613270514330585,0.7732496020583939,10.244129654600282,0.03741741348858507,0.5750403560054099,0.7179956826061359,10.17967885827241,0.03741741348858507,361.0,0.0,0.0,0.0,0.7500315377822632,0.809573424859034,9.383621184117988,0.03669784784457382
nc 007053,staphylococcus aureus,0.7272516248839369,0.8776192133658197,10.35236330172604,0.051583710407239816,0.6900362150617513,0.8344819584638589,10.299743721558983,0.051537301311056966,361.0,0.0,0.0,0.0,0.8346324418760919,0.8958551255230126,9.427224373119248,0.037800208840932825
nc 007054,staphylococcus aureus,0.8057057325409946,0.9192889206512271,10.493105872267217,0.0699912901712933,0.7756602171678806,0.8957500502490118,10.455013563428494,0.0699912901712933,361.0,0.0,0.0,0.0,0.8763551530122136,0.9226907630522089,9.455088847042777,0.03839195979899498
nc 007055,staphylococcus aureus,0.015572756835982228,0.12717199697809117,6.523562306149512,0.000641010965866166,0.0016032247721130502,0.012705753073418648,4.2626798770413155,0.000595224468304297,361.0,0.0,0.0,0.0,0.06208754208754209,0.12844217151848938,6.827629234502852,0.006868131868131868
nc 007056,staphylococcus aureus,0.018201497647500606,0.12648500640374508,6.715383386334681,0.0011261758600892109,0.004086862394238629,0.015722298282029767,5.225746673713202,0.0011261758600892109,361.0,0.0,0.0,0.0,0.05745074284256839,0.1364509135955404,6.804614520062624,0.0032461079827757534
nc 007057,staphylococcus aureus,0.5695920662978352,0.7058702037818982,10.119122988360017,0.045185423168716723,0.5390407971164222,0.6427850192766661,10.063904273942033,0.045185423168716723,361.0,0.0,0.0,0.0,0.670121130551817,0.7269341348667016,9.20623194393164,0.03387263339070568
nc 007058,staphylococcus aureus,0.5016226240148354,0.6286409454292666,9.982344942613622,0.03353029776387441,0.47447607566765576,0.5660526010890974,9.926617969924983,0.03353029776387441,361.0,0.0,0.0,0.0,0.5484091219445583,0.6059580679405521,8.991313336173812,0.0335071254779284
nc 007059,staphylococcus aureus,0.2613517715028191,0.4375376907732987,9.329455852866344,0.009509672032286497,0.22536257106392854,0.3378253003664703,9.18122047340233,0.009509672032286497,361.0,0.0,0.0,0.0,0.3703105004377989,0.4530216722320435,8.612321536507814,0.03263516804676084
nc 007060,staphylococcus aureus,0.29278773843913386,0.4663500548899814,9.41450495669259,0.008949453486707079,0.25650025069837407,0.3799818624409336,9.282102738203074,0.008949453486707079,361.0,0.0,0.0,0.0,0.3961495222034851,0.4871637307114571,8.637462023807181,0.016252595403450993
nc 007061,staphylococcus aureus,0.3581695374763363,0.5138778561749451,9.637306011530349,0.025512826503434418,0.3260874646471729,0.4300733610578945,9.543378146148761,0.025512826503434418,361.0,0.0,0.0,0.0,0.4303187028235952,0.5114981630153762,8.725507328484445,0.019906076960818673
nc 007062,staphylococcus aureus,0.33298140371925616,0.48613576397217556,9.538060131459494,0.04036939313984169,0.30109668594466177,0.40527704485488125,9.43731656931057,0.04036939313984169,361.0,0.0,0.0,0.0,0.4183909610672475,0.5025155567324242,8.723882104658486,0.03540587219343696
nc 007063,staphylococcus aureus,0.39515457238059976,0.5299669218847586,9.745546364467552,0.03573824339015984,0.3681153383319448,0.4514121810737665,9.67457740632758,0.03573824339015984,361.0,0.0,0.0,0.0,0.4884517853471318,0.5589941972920697,8.871785969150645,0.03504510756419153
nc 007064,staphylococcus aureus,0.4194172010562052,0.5437062525040655,9.786447990434775,0.03641205722231387,0.3927190417806281,0.48231246022954916,9.720585827477107,0.03641205722231387,361.0,0.0,0.0,0.0,0.5136916491132704,0.5881652892561984,8.93075873555827,0.03570671003323199
nc 007065,staphylococcus aureus,0.22265975820379966,0.41517034990791896,9.17678358844734,0.005202578268876611,0.18051173395361692,0.325828729281768,8.966866554188723,0.005202578268876611,361.0,0.0,0.0,0.0,0.38084694159977855,0.48465679676985196,8.61341204915678,0.015814917127071823
nc 007066,staphylococcus aureus,0.01688536409516943,0.15474894567999134,7.759187438507795,0.00015859856540388566,0.00022351041125915673,0.003099881051075947,3.4657359027997265,0.00015859856540388566,361.0,0.0,0.0,0.0,0.005747396077695412,0.030459979921511362,5.5053315359323625,0.00032440849517712705
nc 008689,staphylococcus aureus,0.46547879220373756,0.614530619524266,9.946259644379998,0.04786320975544508,0.43231187831749857,0.5319571081436565,9.87225485010503,0.04786320975544508,361.0,0.0,0.0,0.0,0.6009497964721845,0.6852389754423026,9.089189170412032,0.033640984483681115
nc 008798,staphylococcus aureus,0.18078612716763007,0.3263839130937247,8.964439833539357,0.01141800531607535,0.15381769412199972,0.22228128972610656,8.802823159741887,0.01141800531607535,361.0,0.0,0.0,0.0,0.21075854908831354,0.26364956132045697,8.0861025356691,0.01171902087233895
nc 008799,staphylococcus aureus,0.4974692028566806,0.6516796820849314,9.976970329295932,0.03805277020470403,0.4626817372812796,0.5865255764521048,9.904387147778964,0.03805277020470403,361.0,0.0,0.0,0.0,0.6069306269613407,0.6781057411612066,9.115040192121858,0.043598807790947526
nc 009526,staphylococcus aureus,0.30030331364455287,0.4501869414554076,9.48562086171022,0.021156301294911545,0.2694491960314745,0.3575597300747766,9.377125189621008,0.021156301294911545,361.0,0.0,0.0,0.0,0.3369800196528005,0.3944766885643217,8.545780648268149,0.032555912728267564
nc 009875,staphylococcus aureus,0.021703955810969146,0.19745791058088974,5.966146739123692,0.0013379417995317204,0.0006696802276912774,0.003177611773887836,2.5649493574615367,0.0013379417995317204,361.0,0.0,0.0,0.0,0.006513541309564621,0.02782433791485082,3.6635616461296463,0.002508780732563974
nc 010147,staphylococcus aureus,0.3329844636710392,0.497361140173444,9.56927276595613,0.025760851875101718,0.29810197245999254,0.41501011369184626,9.458527693729824,0.025760851875101718,361.0,0.0,0.0,0.0,0.4508169165602098,0.5333681939996078,8.810757927026174,0.028457836367440887
nc 010808,staphylococcus aureus,0.25909716425654794,0.4105362861395517,9.348884181424243,0.020432095981236752,0.23044469011574126,0.3071805511704479,9.231612507251722,0.020432095981236752,361.0,0.0,0.0,0.0,0.29717701760212556,0.3496024306677872,8.406261630708956,0.018335588633288227
nc 011344,staphylococcus aureus,0.8930904018093044,0.9366946897047019,10.65145430286018,0.18195260022812723,0.8828615521214299,0.9170926450086604,10.639766059056678,0.18195260022812723,361.0,0.0,0.0,0.0,0.9441683340863616,0.9646028846759463,9.590761138978086,0.0426489226869455
nc 011612,staphylococcus aureus,0.6637472699596285,0.8074717713479181,10.311881700150172,0.10667342978122794,0.628792057363486,0.759968242766408,10.25769445336048,0.10667342978122794,361.0,0.0,0.0,0.0,0.7801519776579853,0.8313832142179495,9.393744675721376,0.0525340743681355
nc 011614,staphylococcus aureus,0.18442285526099128,0.3564642806753516,8.967121656230923,0.010981517189484081,0.15117510057167055,0.24935333678220384,8.768263145371286,0.010981517189484081,361.0,0.0,0.0,0.0,0.22807017543859648,0.29640080260847756,8.17103418920548,0.011216931216931217
nc 012784,staphylococcus aureus,0.4593014102246913,0.6239099163894632,9.924368030115483,0.049896610626629506,0.4224236834409376,0.5427942101950912,9.840494503208207,0.049896610626629506,361.0,0.0,0.0,0.0,0.594977863862756,0.6833355677704787,9.059750013343681,0.03270397842211733
nc 013195,staphylococcus aureus,0.6841407745545575,0.8017467677436766,10.235557255067516,0.036382816908319224,0.6569878749202297,0.7560658472559555,10.194962423226606,0.036382816908319224,361.0,0.0,0.0,0.0,0.7593289196509179,0.8107633811055864,9.219696466900208,0.040921469051299036
nc 014460,staphylococcus aureus,0.23543406486696447,0.3722425801441503,9.179778066393542,0.026985706312034362,0.20913858405360786,0.28131142767005607,9.06126014896203,0.026985706312034362,361.0,0.0,0.0,0.0,0.247911051212938,0.30069380809006413,8.210668031162976,0.019075354932653804
nc 015252,staphylococcus aureus,0.009394119876549895,0.09633859226585122,5.8522024797744745,0.0005682894487592347,2.7075323550116425e-05,0.0005412280464373664,0.6931471805599453,0.0005412280464373664,361.0,0.0,0.0,0.0,0.010407307577118897,0.039956331877729255,4.941642422609304,0.001380206219046846
nc 015253,staphylococcus aureus,0.00404667055063062,0.04289930350607957,6.244166900663736,0.00016526974383189707,1.5747287529723006e-05,0.0003147995120607563,1.0986122886681098,0.00015739975603037816,361.0,0.0,0.0,0.0,0.0035032562317538736,0.021954303653963548,5.056245805348308,0.0002124896706410105
nc 015254,staphylococcus aureus,0.009926993229405103,0.10200395009393516,6.023447592961033,0.0005298906498386242,0.00012048483095978216,0.001493328194999759,1.791759469228055,0.0005298906498386242,361.0,0.0,0.0,0.0,0.003880454762066853,0.02165132755081772,4.060443010546419,0.0008671146759158899
nc 016073,staphylococcus aureus,0.0036597334346408334,0.040424184868629316,6.361302477572996,0.00013928458372902818,3.799127467058399e-05,0.0003988603988603989,1.9459101490553132,0.00013928458372902818,361.0,0.0,0.0,0.0,0.002555806302509584,0.015810693298901158,5.241747015059643,0.00017094017094017094
nc 016563,staphylococcus aureus,0.008592445277342205,0.08924963511093265,7.207118856207756,0.0001465929877562987,0.00010836446155611366,0.0015615340000127472,2.8903717578961645,0.00013384577142966405,361.0,0.0,0.0,0.0,0.0035387956860395446,0.021537959065176367,5.247024072160486,0.00019120824489952007
nc 016565,staphylococcus aureus,0.019996694761196497,0.18004183179216204,5.8971538676367405,0.001321003963011889,0.000550994545154003,0.0057793923381770146,2.3978952727983707,0.001321003963011889,361.0,0.0,0.0,0.0,0.0063940770654551575,0.0291646070192783,3.6635616461296463,0.002476882430647292
nc 017968,staphylococcus aureus,0.3358387973772589,0.47882884940391907,9.595670797663967,0.03343534463070388,0.30554984348938696,0.39777554469465126,9.501067802613925,0.03343534463070388,361.0,0.0,0.0,0.0,0.36382721547172214,0.41100043308791684,8.651724084373843,0.03261390887290168
nc 018856,staphylococcus aureus,0.006924461015804141,0.07012769384653356,6.9726062513017535,0.00016237772956963407,9.094275153790688e-05,0.0009547810498694483,2.70805020110221,0.0001558826203868487,361.0,0.0,0.0,0.0,0.004007434080613312,0.024059048906919088,5.337538079701318,0.00019485580670303975
nc 018863,staphylococcus aureus,0.007030341798857185,0.07325518462938818,7.042286171939743,0.00014145489433934415,6.150931558584547e-05,0.0008794804300228788,2.3978952727983707,0.00014145489433934415,361.0,0.0,0.0,0.0,0.003787316203772464,0.023283474499909893,5.3230099791384085,0.00018450865345584708
nc 019448,staphylococcus aureus,0.01598815374380325,0.14994349312618915,7.71244383427499,0.00016451368324678483,0.00020030474936868234,0.002646524469622191,3.367295829986474,0.00016451368324678483,361.0,0.0,0.0,0.0,0.005276497695852534,0.028844860818503744,5.438079308923196,0.0003218745976567529
nc 019511,staphylococcus aureus,0.015582014657657855,0.14443319689567655,7.661527081358517,0.00020539002097912356,0.0002567733131827419,0.003044173525226296,3.58351893845611,0.00020539002097912356,361.0,0.0,0.0,0.0,0.004386890937668614,0.02547072920232797,5.236441962829949,0.00024206681043968136
nc 019513,staphylococcus aureus,0.7239826953905615,0.8455830698981384,10.403323005002216,0.05527748507200562,0.6941339248457163,0.8052116262732701,10.361133894030637,0.05527748507200562,361.0,0.0,0.0,0.0,0.8399625643425362,0.8855951527786826,9.438750032962892,0.052291886195995785
nc 019726,staphylococcus aureus,0.016288137863927063,0.15107589046504413,7.745435610274381,0.00016215911334216984,0.00019038620193629818,0.0027355537381200824,3.332204510175204,0.00016215911334216984,361.0,0.0,0.0,0.0,0.0051632359324667015,0.02818809835847087,5.424950017481403,0.0003172723042429883
nc 020877,staphylococcus aureus,0.015588233054364629,0.14443547650229951,7.6246189861593985,0.00017512868150945695,0.0002132309824617517,0.0028172874851521337,3.367295829986474,0.00017512868150945695,361.0,0.0,0.0,0.0,0.004089878781905982,0.02365302499640167,5.117993812416755,0.0002284304543481737
nc 021323,staphylococcus aureus,0.706236143732028,0.8525629772667427,10.378945032464328,0.05547265865004827,0.6692424209162953,0.8141183182656017,10.32505564222569,0.05547265865004827,361.0,0.0,0.0,0.0,0.8562304570554188,0.9199169316633137,9.462731997649378,0.03772218564845293
nc 021326,staphylococcus aureus,0.3897008424171402,0.5323151054330048,9.777130363659605,0.0654701383670041,0.36145324281891955,0.4499137969143716,9.701799673251209,0.0654701383670041,361.0,0.0,0.0,0.0,0.45264803861581343,0.535967176229237,8.803724602110622,0.020888594164456233
nc 021332,staphylococcus aureus,0.4249945621963893,0.6181870892926169,9.774858409938947,0.04756957866254349,0.3802238174654968,0.5408774642442984,9.6634521335517,0.04756957866254349,361.0,0.0,0.0,0.0,0.5911107980559273,0.6818026396772208,9.035153304082828,0.030151482206276725
nc 021531,staphylococcus aureus,0.0017278791288274531,0.020826915607462866,5.961005339623274,9.375460402073317e-05,4.464883689779881e-06,8.929009906736491e-05,0.6931471805599453,8.929009906736491e-05,361.0,0.0,0.0,0.0,0.002632075309933298,0.01575950315523069,5.730099782973574,0.00018750920804146633
nc 021773,staphylococcus aureus,0.5441613148263241,0.6985595287403931,10.070737771809798,0.0261171706015003,0.5081378484771749,0.6342905794100051,10.002155724332829,0.0261171706015003,361.0,0.0,0.0,0.0,0.65485285795133,0.7454257807126152,9.133243321591216,0.028096092779235124
nc 021783,staphylococcus aureus,0.0012491770624082107,0.014716306072163905,4.31748811353631,0.0003375299557835758,1.688191103232886e-05,0.0003375299557835758,0.6931471805599453,0.0003375299557835758,361.0,0.0,0.0,0.0,0.0022719663270674892,0.013844589284888827,4.564348191467836,0.0005569338261353856
nc 021801,staphylococcus aureus,0.3195607060414578,0.45939583236212767,9.52558897214577,0.05389026152626917,0.2910010960054101,0.37888676518577225,9.43188264192342,0.05389026152626917,361.0,0.0,0.0,0.0,0.36478069037113936,0.4301414855987873,8.634620608292202,0.03328671328671329
nc 021863,staphylococcus aureus,0.36332293547857497,0.49934352433649065,9.648079040634643,0.03737222170120979,0.33434194168836345,0.43205476882678423,9.564863001346772,0.03737222170120979,361.0,0.0,0.0,0.0,0.4538091969800961,0.5349178795566831,8.796792687674662,0.03552085531406063
nc 022090,staphylococcus aureus,0.01560596606946549,0.14531019065231762,7.650644551436897,0.0001708220999235014,0.00020798668885191348,0.0027480076944215444,3.367295829986474,0.0001708220999235014,361.0,0.0,0.0,0.0,0.004064745590476882,0.02355213264561106,5.1298987149230735,0.00022281143468282793
nc 023007,staphylococcus aureus,0.01072479731850457,0.10588834411047159,7.502186486602924,0.00015395911793268432,0.00012436558744973556,0.0014744546294322462,3.091042453358316,0.00015395911793268432,361.0,0.0,0.0,0.0,0.004187258513792794,0.02331303331181182,5.455321115357702,0.0002309386768990265
nc 023009,staphylococcus aureus,0.016371775405360754,0.15150800389973898,7.641084249174914,0.0001729722929836148,0.0001888440384297618,0.002877629965091046,3.2188758248682006,0.0001729722929836148,361.0,0.0,0.0,0.0,0.00580101517765609,0.03048231198110681,5.4510384535657,0.00035380696292103026
nc 023499,staphylococcus aureus,0.8350936093819216,0.9062368899454621,10.486233757860406,0.18587143989185662,0.818359875953086,0.8825805248683168,10.465899427773552,0.1856150654920058,361.0,0.0,0.0,0.0,0.8849906890130353,0.9261516140732681,9.382779928915687,0.04572787022794015
nc 023500,staphylococcus aureus,0.24469805479831816,0.4132468072330893,9.267948684596496,0.018152005727350408,0.21221292916223836,0.31050091221911735,9.12543586488574,0.018152005727350408,361.0,0.0,0.0,0.0,0.3503287173031193,0.4383421804818293,8.51919119407891,0.017529273193376292
nc 023550,staphylococcus aureus,0.021227736081550354,0.19038558397224242,5.940171252720432,0.0012311824948234372,0.0001680672268907563,0.0022944764676254966,1.3862943611198906,0.0011752196541496447,361.0,0.0,0.0,0.0,0.005667181865018032,0.02283795130142737,3.5263605246161616,0.0025184687709872396
nc 023573,staphylococcus aureus,0.016216330351424207,0.15139977761200332,7.742835955430749,0.0001618646811265782,0.00018300193559739575,0.002456120596225034,3.295836866004329,0.0001618646811265782,361.0,0.0,0.0,0.0,0.0052766301419076705,0.028860438696146115,5.4638318050256105,0.00031669622498099823
nc 023582,staphylococcus aureus,0.018224713750784615,0.1681400608113226,7.429520842786462,0.0003246156010257853,0.0005519599991341804,0.00486923401538678,3.9512437185814275,0.0003246156010257853,361.0,0.0,0.0,0.0,0.008433655245402832,0.03520900321543408,5.545177444479562,0.0006167829897743873
nc 024391,staphylococcus aureus,0.28373801459714737,0.49512410290646386,9.384041546476526,0.006628358885100498,0.23686847001574352,0.4030900550773706,9.203416456903359,0.006628358885100498,361.0,0.0,0.0,0.0,0.44811448724905045,0.5458141067897165,8.796036315200814,0.022246065808297567
nc 025416,staphylococcus aureus,0.01563865475150114,0.14606044803991347,7.705262474866325,0.00016207798064929847,0.0002396256202074876,0.0027835131459336042,3.5553480614894135,0.00016207798064929847,361.0,0.0,0.0,0.0,0.0049843086579287425,0.027565600287562903,5.37989735354046,0.00031711132721660816
nc 025423,staphylococcus aureus,0.00380834228918878,0.04199541317486189,6.270988431858299,0.00015145177342814695,2.885191035711452e-05,0.0004399313418627126,1.6094379124341003,0.00015145177342814695,361.0,0.0,0.0,0.0,0.003505569499471053,0.020128548689327234,5.135798437050262,0.0002596334840649949
nc 025426,staphylococcus aureus,0.016059151088130007,0.15031212936856833,7.724004656676065,0.00017044607157314621,0.00023439497684461745,0.0029330928149878914,3.5263605246161616,0.00016334415192426513,361.0,0.0,0.0,0.0,0.0051536818646113845,0.028715683180814137,5.407171771460119,0.00031959092361776926
nc 025460,staphylococcus aureus,0.5899729951860984,0.7172769953051643,10.131618645361376,0.06068075117370892,0.5621756182334844,0.6555399061032864,10.083264207145126,0.06068075117370892,361.0,0.0,0.0,0.0,0.6775528299098567,0.7437796634546239,9.123801610558944,0.039084507042253525
nc 026016,staphylococcus aureus,0.6943955365513457,0.8191688762914876,10.321177630266861,0.06187711438237176,0.6638843787875323,0.7787327420682089,10.276153948892906,0.06187711438237176,361.0,0.0,0.0,0.0,0.733116413593637,0.7978798090424039,9.224243277145174,0.02791112330270196
nc 026607,staphylococcus aureus,0.009424699341459297,0.0941693660342434,7.318539548567902,0.00015633402954087823,8.13033553269333e-05,0.0011506184574208637,2.6390573296152584,0.0001313205848143377,361.0,0.0,0.0,0.0,0.0042199442170464015,0.023881595156805463,5.455321115357702,0.00020636349992495873
nc 027352,staphylococcus aureus,0.005555660063833656,0.05652948110250044,6.787844982309579,0.00015674767386451984,9.40598094975325e-05,0.0011662026935520277,2.772588722239781,0.00015674767386451984,361.0,0.0,0.0,0.0,0.003979675230074974,0.02258131344520406,5.41610040220442,0.0002069069295011662
nc 027375,staphylococcus aureus,0.00027770063871146905,0.0037476577139287947,2.5649493574615367,0.0003932727230666019,0.0,0.0,0.0,0.0,361.0,0.0,0.0,0.0,0.0017353136324197418,0.01098901098901099,4.23410650459726,0.0005552085502116733
nc 027388,staphylococcus aureus,0.0009447525159170261,0.01106091718001369,4.248495242049359,0.0002464065708418891,0.0,0.0,0.0,0.0,361.0,0.0,0.0,0.0,0.002146434533746721,0.013804527885146328,4.770684624465665,0.00036960985626283366
nc 027991,staphylococcus aureus,0.00418907175058389,0.04627197002097717,6.42648845745769,0.00017650692789691997,7.468564134597105e-05,0.0007196051675797505,2.4849066497880004,0.00017650692789691997,361.0,0.0,0.0,0.0,0.002685222613616677,0.01589607487079201,5.231108616854587,0.00022402802386916763
nc 028669,staphylococcus aureus,0.6015303393259995,0.7388635729563843,10.160645982437616,0.035920208313958896,0.5698369502011955,0.6840881614433182,10.106428396532818,0.035920208313958896,361.0,0.0,0.0,0.0,0.6945871753361019,0.7598821675686785,9.197153810172008,0.033619306688986536
nc 028775,staphylococcus aureus,0.7827217231854792,0.8884867047194765,10.425935376129907,0.06373845654090678,0.7555885698368114,0.8550280755487494,10.39056336913101,0.050768017077358576,361.0,0.0,0.0,0.0,0.8073270013568521,0.8578539013321622,9.27902652976463,0.048378114993735205
nc 028795,staphylococcus aureus,0.0016504268892627036,0.01719434046063067,3.970291913552122,0.000602753632383732,0.0,0.0,0.0,0.0,361.0,0.0,0.0,0.0,0.0031741650565829424,0.019573669392679984,3.8501476017100584,0.0007613971637955648
nc 028859,staphylococcus aureus,0.5483366770867354,0.7007066066556283,10.0650109866928,0.019589095403558687,0.512901871121273,0.6408665842680907,9.99811568161491,0.019589095403558687,361.0,0.0,0.0,0.0,0.6706678763347058,0.7494052878406852,9.170663554823284,0.0412789477366543
nc 028862,staphylococcus aureus,0.5900196801411541,0.7733933336348424,10.169077378513093,0.02080412464384243,0.5443069474922516,0.7210890506987472,10.088347551424729,0.02080412464384243,361.0,0.0,0.0,0.0,0.7418587753484378,0.820598648213711,9.326522126265592,0.027408412483039348
nc 028915,staphylococcus aureus,0.3381389859533011,0.5048810955861941,9.589666822474653,0.01704913482002406,0.30167326251475385,0.42805588970111963,9.475470039957452,0.01704913482002406,361.0,0.0,0.0,0.0,0.45921973029494484,0.5481424257321441,8.759197750371365,0.018530085363314595
nc 028917,staphylococcus aureus,0.4894789579158317,0.6522143521499606,9.929057828647657,0.052681786744890415,0.4517322008016797,0.5867735088597935,9.848714526688836,0.052681786744890415,361.0,0.0,0.0,0.0,0.6040565012676566,0.6720630675019357,9.028818495352793,0.03562996351148315
nc 029009,staphylococcus aureus,0.007887568270833615,0.08118491215469988,7.060476365999801,0.00015583817222150702,0.00013552890153825303,0.0016803420309101627,3.044522437723423,0.00015583817222150702,361.0,0.0,0.0,0.0,0.00538107202680067,0.02636304276852759,5.552959584921617,0.0004675176843645825
nc 029010,staphylococcus aureus,0.1964166892574611,0.33388352384706343,8.983565234427923,0.01928951517540402,0.17183841470928943,0.23802719747733544,8.84980082722101,0.01928951517540402,361.0,0.0,0.0,0.0,0.22020272631946872,0.2789148024750119,8.055475141757274,0.01736881005173688
nc 029078,staphylococcus aureus,0.012234863644159854,0.12138183272851959,6.061456918928017,0.0005714775552190188,2.8589399050831953e-05,0.0005714775552190188,0.6931471805599453,0.0005714775552190188,361.0,0.0,0.0,0.0,0.00462437832649856,0.026926017157903676,3.9889840465642745,0.0007715387912558937
nc 029101,staphylococcus aureus,0.0008035800878396165,0.009585549645390072,4.07753744390572,0.0002493351063829787,0.0,0.0,0.0,0.0,361.0,0.0,0.0,0.0,0.002166648305240351,0.01389334760121277,4.77912349311153,0.0003740026595744681
nc 029102,staphylococcus aureus,0.0015817515817515818,0.0168372583284791,4.060443010546419,0.0005270311503148317,0.0,0.0,0.0,0.0,361.0,0.0,0.0,0.0,0.0033721448113507666,0.02111585856709394,3.9889840465642745,0.000665723558292419
nc 030933,staphylococcus aureus,0.015614838955622164,0.14549544836245684,7.644919344958857,0.00017190092527541518,0.00020182539860516224,0.002615883645495448,3.332204510175204,0.00017190092527541518,361.0,0.0,0.0,0.0,0.004350736278447122,0.02452417515938387,5.209486152841421,0.0002466423013968923
nc 031008,staphylococcus aureus,0.020228622660540176,0.1812888416102122,5.8916442118257715,0.001231733945467779,0.0002241901132160072,0.003415262303342478,1.6094379124341003,0.0011757460388556072,361.0,0.0,0.0,0.0,0.005970149253731343,0.026655202063628546,3.5553480614894135,0.0025197379472534855
nc 031046,staphylococcus aureus,0.018042553191489362,0.16944444444444445,5.765191102784844,0.0013605442176870747,0.0002837523409568129,0.002437641723356009,1.791759469228055,0.0013038548752834468,361.0,0.0,0.0,0.0,0.006339958875942426,0.025804289544235925,3.6375861597263857,0.002551020408163265
nc 031053,staphylococcus aureus,0.002081737661776547,0.024816429104331097,4.672828834461906,0.00035339851572623396,0.0,0.0,0.0,0.0,361.0,0.0,0.0,0.0,0.003071090047393365,0.019294719532249222,4.406719247264253,0.0004711980209683119
nc 031095,staphylococcus aureus,0.00691584243494545,0.06943078254067955,7.0630481633881725,0.00013036419014209697,0.0001066736202063542,0.0014577086715889024,2.9444389791664403,0.00013036419014209697,361.0,0.0,0.0,0.0,0.0038299079561215483,0.02151391987287229,5.497168225293202,0.0002311028941193202
nc 019915,staphylococcus capitis,0.010292895212948022,0.09587701933181807,6.045005314036012,0.0005376738275044603,0.00022005966061910119,0.0030060854901385733,2.302585092994046,0.0005376738275044603,161.0,0.0,0.0,0.0,0.0040851429800043,0.02195274932051014,4.060443010546419,0.0006598724246645648
nc 015252,staphylococcus carnosus,0.0004602306567762196,0.004925175222580034,2.8903717578961645,0.00048710524179362976,0.0,0.0,0.0,0.0,0.0,0.0,0.0,0.0,0.00022461814914645105,0.0015283842794759825,1.3862943611198906,0.0005683202078428189
nc 015253,staphylococcus carnosus,0.00017320379788691366,0.002313776413646559,3.1354942159291497,0.00014165978042734033,0.0,0.0,0.0,0.0,0.0,0.0,0.0,0.0,0.00022456770716370987,0.0012862998168657888,2.3978952727983707,0.0001888797072364538
nc 015254,staphylococcus carnosus,0.00028913572512830396,0.003179343899031745,2.5649493574615367,0.00040946095669348236,0.0,0.0,0.0,0.0,0.0,0.0,0.0,0.0,0.0003403907686023555,0.0019201483149043237,1.791759469228055,0.0005780764506105933
nc 029010,staphylococcus cohnii,0.010350691278310373,0.1040599132834056,6.042632833682381,0.0005173433188805676,9.858773075690731e-05,0.001502759164367363,1.6094379124341003,0.0005173433188805676,363.0,0.0,0.0,0.0,0.0068507514854945824,0.031209628068266812,4.59511985013459,0.0011825572801182557
nc 008722,staphylococcus epidermidis,0.01117382790001152,0.10276370336250576,6.186208623900494,0.0008060801473975126,0.0007142692564687449,0.0036849378166743437,3.4657359027997265,0.0006678949792722248,314.0,0.0,0.0,0.0,0.00681649456705136,0.028100584334580788,4.624972813284271,0.001036412630415256
nc 008723,staphylococcus epidermidis,0.009607958933357561,0.09532026974864331,6.049733455231958,0.0005449467541608956,0.00022715914769887784,0.0019527258690765423,2.3978952727983707,0.0005449467541608956,314.0,0.0,0.0,0.0,0.005200789993416721,0.024396474645548602,4.382026634673881,0.0009536784741144414
nc 016073,staphylococcus epidermidis,0.002937917497704752,0.03317505539727762,6.142037405587356,0.00012662234884457108,6.331879111763998e-06,0.00012662234884457108,0.6931471805599453,0.00012662234884457108,314.0,0.0,0.0,0.0,0.0022295331575083606,0.013241455637829719,5.10594547390058,0.0002469135802469136
nc 016563,staphylococcus epidermidis,0.006603689397126503,0.06974002052301828,6.9440872082295275,0.0001465929877562987,0.00013386198192225806,0.001708126987769046,3.091042453358316,0.0001465929877562987,314.0,0.0,0.0,0.0,0.002939634511683643,0.017854550733052692,5.062595033026967,0.00019120824489952007
nc 018281,staphylococcus epidermidis,0.009273286507827204,0.09517909180606228,6.003887067106539,0.0005277529198503935,0.00016069051007759055,0.0019044996672862027,2.0794415416798357,0.0005277529198503935,314.0,0.0,0.0,0.0,0.005163866703387496,0.02470210202168965,4.330733340286331,0.0009637227232050664
nc 018284,staphylococcus epidermidis,0.008858174218675786,0.08990337820193244,5.924255797414532,0.0006409799871804002,0.0002850085502565077,0.0020891199582176007,2.5649493574615367,0.0006409799871804002,314.0,0.0,0.0,0.0,0.004956208839703985,0.023556581986143188,4.30406509320417,0.0009970799800584004
nc 018856,staphylococcus epidermidis,0.005573346671256991,0.057501201595198816,6.755768921984255,0.00016237772956963407,7.795092988963447e-05,0.0010651979059767994,2.5649493574615367,0.0001558826203868487,314.0,0.0,0.0,0.0,0.0036783211367948272,0.02199308842310871,5.25227342804663,0.00021434138737334372
nc 021783,staphylococcus epidermidis,0.0010297270379310928,0.010699699598339352,4.127134385045092,0.00038815944915111214,6.752764412931544e-05,0.00038815944915111214,1.6094379124341003,0.00038815944915111214,314.0,0.0,0.0,0.0,0.0014110106662840198,0.008898442194794989,4.0943445622221,0.0004050427826439168
nc 021801,staphylococcus epidermidis,0.009490055261501155,0.09542678662999395,6.0112671744041615,0.0005127966062188243,9.327705617610708e-05,0.0014218451354249219,1.6094379124341003,0.0004894876695725141,314.0,0.0,0.0,0.0,0.005190760446405399,0.024002021222839818,4.394449154672439,0.0015384615384615385
nc 022090,staphylococcus epidermidis,0.013518733101583623,0.13146617351069123,7.507141079727608,0.0001633950521007405,7.428096030425482e-05,0.0012031817472872707,2.3978952727983707,0.00015596800427797954,314.0,0.0,0.0,0.0,0.00333889816360601,0.020372594738453566,4.9344739331306915,0.00024509257815111073
nc 023007,staphylococcus epidermidis,0.008989642368575338,0.09031478718112698,7.325807502595773,0.00014211610886093938,5.922170830939789e-05,0.0010717923209929178,2.3978952727983707,0.00012435159525332195,314.0,0.0,0.0,0.0,0.0034504447838979244,0.019997557017467325,5.262690188904886,0.0002309386768990265
nc 023582,staphylococcus epidermidis,0.018051557325599012,0.1630976984753887,7.419979923661835,0.0002596924808206282,0.00034632784259399556,0.003841284612138459,3.4965075614664802,0.0002596924808206282,314.0,0.0,0.0,0.0,0.0030758036777351503,0.01942122186495177,4.543294782270004,0.0002596981009576367
nc 025423,staphylococcus epidermidis,0.0031303419574013835,0.03497093568348022,6.075346031088684,0.00016587575184987522,4.327786553567178e-05,0.0005913831152908596,1.9459101490553132,0.0001586637626390111,314.0,0.0,0.0,0.0,0.0030907092036756624,0.017065946686546714,5.0106352940962555,0.0002596334840649949
nc 028821,staphylococcus epidermidis,0.012692165785266265,0.11099090238505041,6.248042874508429,0.0011556429800835997,0.0010577845563454773,0.004327514138185395,3.784189633918261,0.0011556429800835997,314.0,0.0,0.0,0.0,0.008558111102620922,0.028111251957348444,4.727387818712341,0.0014015933903806432
nc 029119,staphylococcus epidermidis,0.046464282638143936,0.17420102406714372,8.688622307043769,0.004760189781250489,0.03023326834081139,0.039968369791585114,8.258940462988459,0.004760189781250489,314.0,0.0,0.0,0.0,0.03660930528999363,0.056430936200930974,7.270312886079025,0.007563123899001762
nc 031008,staphylococcus epidermidis,0.018043258993612015,0.1624769049885225,5.777652323222656,0.001231733945467779,0.00039233269812801255,0.005710766474441521,2.0794415416798357,0.0011757460388556072,314.0,0.0,0.0,0.0,0.0024582967515364355,0.01633705932932072,2.70805020110221,0.0011758777087182933
nc 031053,staphylococcus epidermidis,0.0017871521436006205,0.02096831193308988,4.5217885770490405,0.0003730317665999136,0.0,0.0,0.0,0.0,314.0,0.0,0.0,0.0,0.002085308056872038,0.0127535172665814,4.02535169073515,0.0004711980209683119
nc 031095,staphylococcus epidermidis,0.005546896760161903,0.05757949252776165,6.842683282238422,0.000124438545135638,4.148418563580441e-05,0.0006044157906588132,2.0794415416798357,0.000124438545135638,314.0,0.0,0.0,0.0,0.0033413188752994577,0.018442685572838676,5.3612921657094255,0.00024888003982080636
nc 031241,staphylococcus epidermidis,0.010328573409122417,0.10154066477259603,6.104793232414985,0.0006236574041992932,0.0002773027684059712,0.002032661169242141,2.5649493574615367,0.0006236574041992932,314.0,0.0,0.0,0.0,0.00497546346782988,0.02213973220204163,4.30406509320417,0.0009701337398655672
nc 022090,staphylococcus haemolyticus,0.013177050836378762,0.12977280660710175,7.4815557019095165,0.0001708220999235014,0.00011142144045638223,0.0012403169864010754,2.772588722239781,0.0001708220999235014,500.0,0.0,0.0,0.0,0.004742203188889695,0.026072210838691445,5.2832037287379885,0.00042334172589737307
nc 023582,staphylococcus haemolyticus,0.01765113309235731,0.16155036411049914,7.397561535524052,0.00046528236147029225,0.00077923764583649,0.005767337178224786,4.290459441148391,0.00046528236147029225,500.0,0.0,0.0,0.0,0.005688583145918772,0.02932475884244373,5.153291594497779,0.0004869339392955689
nc 029025,staphylococcus haemolyticus,0.04147939179496988,0.16449585354778576,7.459338895220296,0.01178213799201778,0.024555279265493498,0.04406949788495089,6.93537044601511,0.01178213799201778,500.0,0.0,0.0,0.0,0.05053340819764177,0.08984001093942294,6.580639137284949,0.00803040080304008
nc 019914,staphylococcus hominis,0.20676053525064908,0.3879364128671608,9.021960500598263,0.017718549574505253,0.1696045141316289,0.2875895285867585,8.82379514872053,0.017718549574505253,191.0,0.0,0.0,0.0,0.3371507768619155,0.42689601250977327,8.438799123988225,0.02118739237852811
nc 020490,staphylococcus hominis,0.0480100225955838,0.1683365388916223,7.671826797878781,0.004115042268640694,0.03009285154939031,0.0627991233170819,7.204892510204673,0.004115042268640694,191.0,0.0,0.0,0.0,0.09062075215224287,0.14664322049864975,7.244941546337007,0.007581857219538379
nc 023582,staphylococcus intermedius,0.00681803424168308,0.07022517502191156,6.447305862541213,0.00023805144075224257,8.658196064849889e-05,0.0011145135635218628,2.1972245773362196,0.00023805144075224257,118.0,0.0,0.0,0.0,0.002811218415134277,0.014790996784565916,4.454347296253507,0.0004869339392955689
nc 029010,staphylococcus intermedius,0.005766813712201493,0.054863027197477335,5.459585514144159,0.0007390618841150966,0.0006161733172306707,0.0029562475364603865,3.258096538021482,0.0007390618841150966,118.0,0.0,0.0,0.0,0.010695560992659909,0.03637723533011491,5.0369526024136295,0.0014781966001478197
nc 018277,staphylococcus pasteuri,0.00720147770581496,0.07234012715033658,5.733341276897746,0.0004908376963350785,7.01508242721852e-05,0.0009583021690351533,1.3862943611198906,0.0004908376963350785,126.0,0.0,0.0,0.0,0.001943105860407275,0.011422087745839637,3.258096538021482,0.0005609704789285464
nc 028758,staphylococcus pasteuri,0.004125852535855623,0.039445628997867806,4.997212273764115,0.000561104253170239,2.8070175438596492e-05,0.000561104253170239,0.6931471805599453,0.000561104253170239,126.0,0.0,0.0,0.0,0.0023675231529837757,0.01362747082237064,3.5553480614894135,0.0008416799932665601
nc 022914,staphylococcus saprophyticus,0.0334263122709145,0.14497395953357606,7.280008252884188,0.004931557358160114,0.01885878962536023,0.03873807438816426,6.70808408385307,0.004931557358160114,434.0,0.0,0.0,0.0,0.029307863404422346,0.06952756908187954,6.1070228877422545,0.003733407079646018
nc 015252,staphylococcus simulans,0.008554875737722671,0.08153600519578924,5.75890177387728,0.0007847806673341813,0.0005144311474522121,0.004627499797039482,2.995732273553991,0.0007847806673341813,204.0,0.0,0.0,0.0,0.016696615753219526,0.04912663755458515,5.4116460518550396,0.001867337825769262
nc 015253,staphylococcus simulans,0.004274984647845187,0.04365482233502538,6.298949246855942,0.00016526974383189707,2.3620931294584507e-05,0.00047219926809113444,1.3862943611198906,0.00015739975603037816,204.0,0.0,0.0,0.0,0.0037278239389175838,0.02306618993633906,5.117993812416755,0.0001888797072364538
nc 015254,staphylococcus simulans,0.007878948509746284,0.08131412881159979,5.793013608384144,0.0005539765884676526,0.00012048483095978216,0.00103569536104822,1.791759469228055,0.0005539765884676526,204.0,0.0,0.0,0.0,0.006535502757165226,0.02714692445209561,4.574710978503383,0.0012284124575475106
nc 029010,staphylococcus warneri,0.010449269290484757,0.10647418210484824,6.052089168924417,0.0005666141111549073,0.00014788159613536095,0.0015520299566417028,1.9459101490553132,0.0005666141111549073,380.0,0.0,0.0,0.0,0.004334148898986368,0.02420616033181478,4.143134726391533,0.0007390983000739098
nc 025417,staphylococcus xylosus,0.015899153937879735,0.14880449671050297,7.714677473800927,0.00016323286232372626,0.00013486272394310213,0.002029765157590683,2.995732273553991,0.00015613578135312945,500.0,0.0,0.0,0.0,0.0068176565749942224,0.028247191011235954,5.69035945432406,0.0007452040794600465
nc 009018,streptococcus dysgalactiae,0.01422896164931322,0.08430232558139535,6.3080984415095305,0.001790905315614618,0.005193591108572022,0.014197466777408638,5.303304908059076,0.001790905315614618,349.0,0.0,0.4583333333333333,0.0,0.03333333333333333,0.0747599451303155,6.054439346269371,0.0024918237034729793
nc 009819,streptococcus equi,0.0012831902082716415,0.007276943190507906,3.970291913552122,0.0007400281210686006,0.0004935834155972359,0.0014307210340659612,3.044522437723423,0.0007400281210686006,8.0,0.0,0.0,0.0,0.0004048582995951417,0.0027580772261623326,1.9459101490553132,0.0005180196847480204
nc 010945,streptococcus gordonii,0.005061220316454078,0.05202371218315617,5.293304824724492,0.0005621422730989371,0.00012782166321548177,0.0015842191332788226,1.791759469228055,0.0005621422730989371,2.0,0.0,0.0,0.0,0.003583241455347299,0.022897196261682243,3.970291913552122,0.0006132617861249521
nc 004996,streptococcus mitis,0.005133085330334227,0.04779199815519428,5.187385805840755,0.0009224028594488643,0.0007498630057970178,0.003487835812291018,3.295836866004329,0.0009224028594488643,500.0,0.0,0.0,0.0,0.0032424920867752645,0.015778060270694682,3.7612001156935624,0.0012106537530266344
nc 028984,streptococcus mutans,0.012398446931384385,0.06362509783459432,5.942799375126701,0.00476128358987738,0.006330559634524393,0.009424732585442212,5.272999558563747,0.00476128358987738,211.0,0.0,0.0,0.0,0.012310526756553053,0.03246806086744243,4.997212273764115,0.007435671656393699
nc 029009,streptococcus mutans,0.004174177023052841,0.0441360806022129,6.424869023905388,0.00017616489033735576,9.487023107677712e-05,0.0006098015434754622,2.70805020110221,0.00017616489033735576,211.0,0.0,0.0,0.0,0.004920435510887772,0.0211598106431603,5.4638318050256105,0.0005691519635742744
nc 029030,streptococcus mutans,0.01155827430779137,0.07066773934030571,5.886104031450156,0.004698310539018503,0.004507985574446162,0.006950925181013676,4.948759890378168,0.004698310539018503,211.0,0.0,0.0,0.0,0.008916040617518368,0.02492186873948233,4.6913478822291435,0.007047692604749952
nc 012756,streptococcus oralis,0.0045424010748216625,0.043771582043739606,4.962844630259907,0.0006714413607878246,6.398566721054483e-05,0.0006714413607878246,1.0986122886681098,0.0006714413607878246,64.0,0.0,0.0,0.0,0.0062077779806463396,0.02458436505129112,4.23410650459726,0.002589928057553957
nc 028666,streptococcus parauberis,0.0063696008747949695,0.06664844924169969,5.455321115357702,0.0005465227490094275,2.7340332458442695e-05,0.0005465227490094275,0.6931471805599453,0.0005465227490094275,78.0,0.0,0.0,0.0,0.0035466981928728254,0.022138406034765495,3.7612001156935624,0.0006558452205279554
nc 028697,streptococcus pyogenes,0.03213811420982736,0.08315634218289085,6.993932975223189,0.005693215339233038,0.025176352527965528,0.03581120943952802,6.74993119378857,0.005693215339233038,244.0,0.0,0.0,0.0,0.046634736576758255,0.0910278390072659,6.320768294250582,0.010530973451327433
nc 028700,streptococcus pyogenes,0.06664734859461026,0.12168211502001264,7.836369760545124,0.00971666315567727,0.05767052190636773,0.0811038550663577,7.691656822810547,0.00971666315567727,244.0,0.0,0.0,0.0,0.04188363142404347,0.0625137091467427,6.320768294250582,0.011455206193711487
nc 016563,streptococcus salivarius,0.00375441414566362,0.042977239845248795,6.380122536899765,0.00013384577142966405,5.099504073228879e-05,0.0008986787510277443,2.1972245773362196,0.00013384577142966405,85.0,0.0,0.0,0.0,0.002958358298382265,0.017600522572216577,5.0689042022202315,0.00019120824489952007
nc 018285,streptococcus salivarius,0.018039908695972315,0.0702684135629815,6.601230118728877,0.0018646646057215762,0.010628635950808808,0.023136562147308505,6.073044534100405,0.0018646646057215762,85.0,0.0,0.0,0.0,0.022779991673110095,0.05416642605532136,5.950642552587727,0.0029442072721919624
nc 018856,streptococcus salivarius,0.0031959050842172957,0.03595042932671698,6.20050917404269,0.00012990218365570725,6.4959108241362065e-06,0.00012990218365570725,0.6931471805599453,0.00012990218365570725,85.0,0.0,0.0,0.0,0.00319433151353235,0.019232213958380286,5.111987788356544,0.0002338269680436477
nc 023007,streptococcus salivarius,0.004506665245379336,0.05110258414457945,6.635946555686647,0.00011843009071744949,2.9610854154698945e-05,0.0005921504535872475,1.791759469228055,0.00011843009071744949,85.0,0.0,0.0,0.0,0.003432473717315123,0.020590852775402655,5.2574953720277815,0.00019540964968379167
nc 025423,streptococcus salivarius,0.0029211716422754847,0.03334823811103579,6.0063531596017325,0.0001586637626390111,5.049084312495041e-05,0.000461567309495305,2.0794415416798357,0.0001586637626390111,85.0,0.0,0.0,0.0,0.0040863739135846,0.02264713586266648,5.288267030694535,0.00030290573140916074
nc 028758,streptococcus salivarius,0.0025821662129164443,0.030580181797778026,4.532599493153256,0.0005049938278532151,0.0,0.0,0.0,0.0,85.0,0.0,0.0,0.0,0.0027853213564515006,0.015988666261890307,3.713572066704308,0.0008416799932665601
nc 029009,streptococcus sobrinus,0.0003726943770582894,0.0046073894395923815,4.02535169073515,0.00012196030869509246,0.0,0.0,0.0,0.0,257.0,0.0,0.0,0.0,0.0005443886097152428,0.003468821416911525,3.295836866004329,0.00016261484673550696
nc 008721,streptococcus suis,0.008360182201977559,0.05022349315638968,5.71042701737487,0.002387628751492268,0.00375,0.006913018129320637,4.912654885736052,0.002387628751492268,28.0,0.0,0.0,0.0,0.008901490175392325,0.02507977026164646,4.912654885736052,0.005330667999333667
nc 019418,streptococcus suis,0.0037566748061287464,0.04642991255833914,4.948759890378168,0.0005364519070865297,2.6836271905106942e-05,0.0005364519070865297,0.6931471805599453,0.0005364519070865297,28.0,0.0,0.0,0.0,0.005691677656694662,0.022499157965644997,4.418840607796598,0.0012070491671360747
nc 029078,streptococcus suis,0.004287919501457893,0.050318598737034606,5.017279836814924,0.0005714775552190188,2.8589399050831953e-05,0.0005714775552190188,0.6931471805599453,0.0005714775552190188,28.0,0.0,0.0,0.0,0.0027048250588953843,0.017922364732863332,3.4657359027997265,0.0006858122588941278
nc 031008,streptococcus suis,0.004426762299674997,0.05268462012205364,4.382026634673881,0.0010637702256312636,0.0,0.0,0.0,0.0,28.0,0.0,0.0,0.0,0.0033362598770851626,0.021840068787618228,2.995732273553991,0.0013438602385351924
nc 000871,streptococcus thermophilus,0.008191674474635256,0.06358041209526358,5.726847747587197,0.000883061279100883,0.001820567053090948,0.007920792079207921,4.23410650459726,0.000883061279100883,500.0,5.0,0.7368421052631579,1.0,0.0026499091459721382,0.01667158453821186,3.58351893845611,0.0006422607578676942
nc 000872,streptococcus thermophilus,0.007071996856890286,0.05829794545766955,5.666426688112432,0.0008100346105697244,0.0015717092337917485,0.005768428287390461,4.174387269895637,0.0008100346105697244,500.0,5.0,0.7368421052631579,1.0,0.0024849865396562435,0.015655445810656452,3.6109179126442243,0.0005891450033139406
nc 002072,streptococcus thermophilus,0.0071551724137931035,0.05187419215855235,5.521460917862246,0.0009191440471061325,0.0019829865501781816,0.006807410598879793,4.248495242049359,0.0009191440471061325,500.0,0.0,0.4782608695652174,0.0,0.002373283607391083,0.014368290668868704,3.367295829986474,0.0006893580353295993
nc 002185,streptococcus thermophilus,0.006967363403006967,0.047764055715332994,5.5134287461649825,0.0009586646365533187,0.0020029903800039494,0.007359160886482829,4.276666119016055,0.0009586646365533187,500.0,5.0,0.75,1.0,0.00578458530226495,0.019704433497536946,4.276666119016055,0.002030113347995263
nc 004303,streptococcus thermophilus,0.00557361820715281,0.04726639582124202,5.484796933490655,0.0006964596633778294,0.0009754738015607581,0.004062681369704005,3.7612001156935624,0.0006964596633778294,500.0,0.0,0.4583333333333333,0.0,0.003527689030883919,0.019966290678075975,3.9889840465642745,0.0007661234155174815
nc 007019,streptococcus thermophilus,0.007437516215515005,0.04426002766251729,5.556828061699537,0.0009220839096357768,0.0030560761135937724,0.00907676348547718,4.672828834461906,0.0009220839096357768,500.0,0.0,0.5416666666666666,0.0,0.0028333070990083425,0.01656187701272811,3.6109179126442243,0.0009508990318118949
nc 010353,streptococcus thermophilus,0.006136005404188246,0.040795655966013,5.389071729816501,0.0009003179247671834,0.002308298615020831,0.006583574824860028,4.418840607796598,0.0009003179247671834,500.0,0.0,0.5416666666666666,0.0,0.0029024160652651398,0.01705153693225264,3.6375861597263857,0.0009285051067780873
nc 012753,streptococcus thermophilus,0.007075788963921547,0.04854238382099828,5.575949103146316,0.0011833046471600688,0.002152562895197094,0.006750215146299483,4.394449154672439,0.0011833046471600688,500.0,0.0,0.5,0.0,0.007338837461429405,0.02563478543035613,4.48863636973214,0.0025012102630304987
nc 013598,streptococcus thermophilus,0.007293720078851028,0.056129486277269526,5.560681631015528,0.000872624912033779,0.0017743479975215457,0.007121745249824067,4.1588830833596715,0.000872624912033779,500.0,0.0,0.4583333333333333,0.0,0.002800031111456794,0.016577094845204754,3.6109179126442243,0.0009289755932775948
nc 013645,streptococcus thermophilus,0.005506639515874609,0.04386216386675076,5.262690188904886,0.0009460466716358007,0.0011473481914924131,0.006048965082277392,3.713572066704308,0.0009460466716358007,500.0,0.0,0.3333333333333333,0.0,0.006223110018438845,0.02053158130506197,4.406719247264253,0.0026662079642212093
nc 020197,streptococcus thermophilus,0.005724814108047641,0.04883129412796562,5.568344503761097,0.0006578081831337982,0.0007677627393774541,0.004100337674867342,3.58351893845611,0.0006578081831337982,500.0,0.0,0.4583333333333333,0.0,0.005707762557077625,0.020786933927245732,4.51085950651685,0.0019734245494013947
nc 022776,streptococcus thermophilus,0.00601312826409851,0.045333716502622315,5.529429087511423,0.0008142347390856623,0.0014854568977909818,0.005124889240127404,4.143134726391533,0.0008142347390856623,500.0,6.0,0.7894736842105263,1.0,0.002878639188747138,0.015773071296826306,3.8066624897703196,0.0007902866585243192
nc 008721,streptococcus zooepidemicus,0.0021942006443728475,0.0163524806352203,4.382026634673881,0.0006663150004164468,0.00044444444444444447,0.003081706876926067,2.833213344056216,0.0006663150004164468,93.0,0.0,0.0,0.0,0.03672688909402611,0.06656030631780473,6.324358962381311,0.003914709312010661
nc 031008,streptococcus zooepidemicus,0.0008965594530987336,0.011813448295168243,2.833213344056216,0.0009517944124069201,0.0,0.0,0.0,0.0,93.0,0.0,0.0,0.0,0.0003511852502194908,0.002407566638005159,1.0986122886681098,0.0011758777087182933
nc 014229,streptomyces avermitilis,0.014519741991201792,0.14041761087730656,6.289715570908998,0.0005665263839430237,0.0001349564090798672,0.0021851731952088056,1.791759469228055,0.0005665263839430237,10.0,0.0,0.0,0.0,0.09142857142857143,0.3187823965850188,8.157370441186774,0.001699579151829071
nc 018853,streptomyces avermitilis,0.01722731654267283,0.15318476058704353,6.548219102762372,0.0009141671196323566,0.0005685329378321592,0.0033848890645846717,3.1780538303479458,0.0009141671196323566,10.0,0.0,0.0,0.0,0.08460889138998312,0.2904650275309382,8.00903068506973,0.0019272107330813135
nc 029005,streptomyces avermitilis,0.02618895740307605,0.2114222954420648,7.2991214627108,0.00044286195107261163,0.0005847745959739155,0.007316079431719544,3.5263605246161616,0.0004074329949868027,10.0,0.0,0.0,0.0,0.12088656163950706,0.38334136616571,8.991562278171614,0.0013817292873465484
nc 018836,streptomyces coelicolor,0.0823845541401274,0.47107750472589793,8.32845106681936,0.0005571584916923689,0.0014531411736603233,0.01800815839219978,4.30406509320417,0.00047756442145060194,169.0,0.0,0.0,0.0,0.2709429449948753,0.6023469353929791,9.671681590643265,0.003343083994985374
nc 019414,streptomyces coelicolor,0.0714705421497963,0.440621879344442,8.202482446576537,0.0005286757651113156,0.0013319752409308157,0.014450470913042628,4.23410650459726,0.0005090951812183039,169.0,0.0,0.0,0.0,0.26926558055340055,0.6023422067538331,9.72082593792907,0.0023497620865887327
nc 005345,streptomyces exfoliatus,0.03837008434102225,0.27297846403900855,7.543802867501509,0.0005688744412840308,0.0007926668157151277,0.00889882161722877,3.6888794541139363,0.0005485574969524583,29.0,0.0,0.0,0.0,0.1782813784746765,0.4708620133738943,9.422220731011683,0.0024990857003535294
nc 028807,streptomyces flavovirens,0.022255708821142924,0.19096176129779838,6.8679744089702925,0.0005098493626882966,0.0002782221603950755,0.0042410196987253766,2.5649493574615367,0.0004866743916570104,0.0,0.0,0.0,0.0,0.1369401187991652,0.4011226027753235,8.946114375560743,0.002920114023499965
nc 028952,streptomyces flavovirens,0.027314959208128826,0.22005776742048774,7.417580402414544,0.0003610463780483802,0.00036115899203808583,0.005350050874716907,3.1354942159291497,0.0003610463780483802,0.0,0.0,0.0,0.0,0.16594213761055315,0.4456379260122342,9.494390858193913,0.002067845010093053
nc 028758,streptomyces griseus,0.0012910831064582222,0.016131747278644373,3.8501476017100584,0.0005330490405117271,0.0,0.0,0.0,0.0,317.0,0.0,0.0,0.0,0.01991504769862823,0.09950752209404304,5.659482215759621,0.0009258479925932161
nc 028818,streptomyces griseus,0.08375763302013893,0.47580814441645675,8.473868066677865,0.0005947383151413378,0.0013648532782725856,0.01695004198152813,4.3694478524670215,0.00047229219143576825,317.0,0.0,0.0,0.0,0.25546799391677033,0.5886576314940304,9.824390231177425,0.001889168765743073
nc 028892,streptomyces griseus,0.08659430448191613,0.456145268173537,8.37216741936598,0.0014815111413641914,0.015681954736631285,0.06402530581192817,6.664409020350408,0.0014815111413641914,317.0,0.0,0.0,0.0,0.26402595185248423,0.6141599364490931,9.64633468511917,0.0036038200492522075
nc 028974,streptomyces griseus,0.08214039247606746,0.471164732521936,8.443115988019922,0.000619162185111803,0.0012741333238953088,0.015620577412963486,4.290459441148391,0.0004068780073591848,317.0,0.0,0.0,0.0,0.25139319754628786,0.5919030773223335,9.793114495054757,0.0020167710434136504
nc 028976,streptomyces griseus,0.08297736436584295,0.44156206972242734,8.332789468417959,0.0014766627422026222,0.014512716093743761,0.06184024105521521,6.590301048196686,0.0014766627422026222,317.0,0.0,0.0,0.0,0.2543271963212373,0.6030524153823034,9.600217956742634,0.0031130268199233715
nc 031078,streptomyces griseus,0.07805540575628657,0.4153388442953556,8.271036865792954,0.0014775767740904916,0.01603978986477039,0.05976199033584921,6.6895992691789665,0.0014775767740904916,317.0,0.0,0.0,0.0,0.2516524940825809,0.5972082901202034,9.571783927990017,0.0031148915778123876
nc 004664,streptomyces lividans,0.03030013153174698,0.22020081281377002,7.145196134997171,0.0016734401147501792,0.004113749970103562,0.015586899354530242,5.153291594497779,0.0016734401147501792,258.0,0.0,0.0,0.0,0.11678723022657977,0.38301995950245876,8.270781013162674,0.002797102488704009
nc 021298,streptomyces lividans,0.06046411772742354,0.3892921251853586,8.038834757787749,0.0005658315773043003,0.001795717603888119,0.015140872551315071,4.532599493153256,0.0005658315773043003,258.0,0.0,0.0,0.0,0.2199353574598496,0.5498366676959582,9.482959566750917,0.001990166237415125
nc 021304,streptomyces lividans,0.05982109940431147,0.38314711359404097,8.03398273468322,0.0007759155803848542,0.002270389847282324,0.01763268156424581,4.770684624465665,0.0007759155803848542,258.0,0.0,0.0,0.0,0.21740963042891825,0.5477647597853122,9.464672464746409,0.0016876163873370577
nc 021339,streptomyces lividans,0.060142571775488624,0.396616872564951,8.030084094267563,0.0006265050805646377,0.0019585569352501076,0.01836443017405094,4.61512051684126,0.0006265050805646377,258.0,0.0,0.0,0.0,0.22270422918580518,0.5542359461599367,9.47975663562107,0.0018795888399412628
nc 029098,streptomyces lividans,0.004366517870517391,0.04323340647490096,6.369900982828227,0.00016475574960121619,4.493978069387021e-05,0.00032951149920243237,1.9459101490553132,0.00016475574960121619,258.0,0.0,0.0,0.0,0.04174917761812022,0.1658004896927573,7.844632644464681,0.0004942709503482363
nc 005345,streptomyces venezuelae,0.1137282796463774,0.5357984559122309,8.62998601889136,0.0009142624949207639,0.003800735757403305,0.03618447785453068,5.236441962829949,0.0009142624949207639,500.0,0.0,0.0,0.0,0.3296020079915757,0.670979770933509,10.036706396322352,0.004754358161648178
nc 018848,streptomyces venezuelae,0.16546532968055963,0.6197756035307881,8.735846677457582,0.0011432521535680103,0.005719149841725853,0.062426885036690416,5.375278407684165,0.0007710305221737743,500.0,0.0,0.0,0.0,0.38433597333782693,0.7201166712241364,9.929545086855418,0.006141820212171971
nc 028827,streptomyces venezuelae,0.059840478564307076,0.4042459882388119,8.007034012193408,0.0005382238612578491,0.0014557492123000837,0.015090202332303399,4.30406509320417,0.000498355427090601,500.0,0.0,0.0,0.0,0.22516500253850058,0.5477182507135593,9.495970340301833,0.002392201423359847
nc 028904,streptomyces venezuelae,0.05493860873434877,0.37480789452398283,7.907283609426348,0.0006268705006875353,0.0012946816903687819,0.012375636981315215,4.174387269895637,0.0006268705006875353,500.0,0.0,0.0,0.0,0.21742272626195241,0.539794562367561,9.370245889485805,0.002972579471002184
nc 004462,thermus thermophilus,0.04257491449282761,0.23229953070801876,6.727431724850855,0.0022954499081820037,0.005463364820015318,0.021934299122628034,4.68213122712422,0.0022954499081820037,500.0,15.0,0.7894736842105263,1.0,0.119831013916501,0.35105771991959417,7.788211557847076,0.0036730945821854912
nc 009803,thermus thermophilus,0.01376713467797496,0.10600824218239688,7.05617528410041,0.0005819408320566264,0.0005939512009693283,0.0033016234961580028,3.9318256327243257,0.0005819408320566264,500.0,0.0,0.0,0.0,0.04173867957137919,0.17090064451326692,7.566828479208331,0.000641322549613425
nc 009804,thermus thermophilus,0.013468740996830885,0.10656632940865829,7.023758954738443,0.0005881011533983845,0.0005762304921968788,0.0033125697619990637,3.8918202981106265,0.0005881011533983845,500.0,0.0,0.0,0.0,0.042036600833484324,0.16878016673979815,7.526717561352706,0.0006121052821085227
nc 013197,thermus thermophilus,0.04382821220844839,0.2924395397980747,6.616065185132817,0.0017022775299366049,0.0012340600575894694,0.015320497769429444,3.091042453358316,0.0014674806292556937,500.0,0.0,0.0,0.0,0.15550122249388754,0.4239706268030422,7.959625305098115,0.005635787249031349
nc 015937,thermus thermophilus,0.00044893971003776375,0.0047398057867879565,4.23410650459726,0.000125426615527815,0.0,0.0,0.0,0.0,500.0,0.0,0.0,0.0,0.005832059339788234,0.0303147646180229,5.736572297479192,0.00029706499782152337
nc 015210,tsukamurella paurometabola,0.026943426943426944,0.228857421875,7.412160334945205,0.00037434895833333336,0.0003581836831051269,0.0053059895833333336,3.1354942159291497,0.00035807291666666664,36.0,0.0,0.0,0.0,0.11978863018966222,0.3826435214784612,9.175541866433488,0.001318359375
nc 030916,tsukamurella paurometabola,0.02902290157837607,0.23349106952252188,7.397561535524052,0.0006582224436063474,0.0008541989215738615,0.008307834626058493,3.8918202981106265,0.0006582224436063474,36.0,0.0,0.0,0.0,0.1366304905679272,0.41831499152986484,9.29798488182823,0.00138762875593745
nc 023605,vibrio alginolyticus,0.00640747699571229,0.06915649305304727,5.58724865840025,0.000529750294974596,0.00012045290291496025,0.0014929326494738616,1.791759469228055,0.000529750294974596,169.0,0.0,0.0,0.0,0.006064024820194613,0.03778751369112815,4.465908118654584,0.0006501480892870042
nc 025822,vibrio alginolyticus,0.005408074490347763,0.06033753290710794,5.442417710521793,0.0004936066190297105,4.7031158142269256e-05,0.0004936066190297105,1.0986122886681098,0.0004936066190297105,169.0,0.0,0.0,0.0,0.005949531559871436,0.03776990440537469,4.477336814478207,0.000564135110358931
nc 028829,vibrio alginolyticus,0.006369092968601984,0.06829431492051208,7.365812837209472,9.270903872819322e-05,0.00012496523144770206,0.0013503273032149882,3.4657359027997265,9.270903872819322e-05,169.0,0.0,0.0,0.0,0.006844596044591526,0.0376643710378505,6.408528791059498,0.00022975718293508755
nc 023863,vibrio anguillarum,0.0033785312438726414,0.03689908920924061,5.41610040220442,0.0003317449785873696,7.541819388509284e-05,0.0009349176669280415,1.791759469228055,0.00031666566137885277,0.0,0.0,0.0,0.0,0.004093820738814237,0.025467848599971858,4.454347296253507,0.00036190907034607553
nc 028795,vibrio anguillarum,0.0019995556542990447,0.02322187678446799,4.1588830833596715,0.000602753632383732,0.0,0.0,0.0,0.0,0.0,0.0,0.0,0.0,0.004830251173060999,0.031103365062340797,4.2626798770413155,0.0007613971637955648
nc 029102,vibrio anguillarum,0.0023865023865023865,0.027128235000416077,4.465908118654584,0.0004992926687193143,0.0,0.0,0.0,0.0,0.0,0.0,0.0,0.0,0.004644652287332188,0.029475509319462505,4.30406509320417,0.000665723558292419
nc 001956,vibrio cholerae,0.0038212135247799907,0.047046584209917926,3.5263605246161616,0.0020806843139521444,0.0,0.0,0.0,0.0,274.0,0.0,0.0,0.0,0.008021390374331552,0.04708261120739457,3.332204510175204,0.002774887270204648
nc 003313,vibrio cholerae,0.006406575806110423,0.06678547695281822,5.3612921657094255,0.0007249441188908355,0.00018134010336385892,0.0013290642179665318,1.9459101490553132,0.0007249441188908355,274.0,0.0,0.0,0.0,0.004860190620463296,0.029248336081089333,4.356708826689592,0.0009062075215224287
nc 003327,vibrio cholerae,0.004514343963885248,0.06059285091543156,3.4657359027997265,0.0024702121476315024,0.0,0.0,0.0,0.0,274.0,0.0,0.0,0.0,0.005780346820809248,0.030254777070063694,2.70805020110221,0.0034873583260680036
nc 004306,vibrio cholerae,0.0033201581027667982,0.03501577287066246,3.091042453358316,0.0028391167192429023,0.0,0.0,0.0,0.0,274.0,0.0,0.0,0.0,0.007898200965335674,0.03893355903512484,2.9444389791664403,0.004259346900141978
nc 004736,vibrio cholerae,0.004517071874584828,0.05568814638027048,3.5553480614894135,0.002386634844868735,0.0,0.0,0.0,0.0,274.0,0.0,0.0,0.0,0.00590717299578059,0.035130718954248366,2.70805020110221,0.0031821797931583136
nc 005879,vibrio cholerae,0.004141774185451077,0.04892981707776077,5.111987788356544,0.0005018442777206233,2.510418235678064e-05,0.0005018442777206233,0.6931471805599453,0.0005018442777206233,274.0,0.0,0.0,0.0,0.006033958557462931,0.03531489111241907,4.867534450455582,0.0010538994278831678
nc 005891,vibrio cholerae,0.00419903950114405,0.04913788769919067,5.123963979403259,0.0004775549188156638,0.0,0.0,0.0,0.0,274.0,0.0,0.0,0.0,0.006111499883368323,0.03547731888964117,4.882801922586371,0.0010556477152767305
nc 006294,vibrio cholerae,0.005076142131979695,0.05811172083860982,3.6109179126442243,0.002673420571267764,0.0,0.0,0.0,0.0,274.0,0.0,0.0,0.0,0.006292134831460674,0.0377768128528007,2.70805020110221,0.0033769523005487546
nc 012757,vibrio cholerae,0.00424783946096382,0.05159310143232973,3.4011973816621555,0.002630809704764689,0.0,0.0,0.0,0.0,274.0,0.0,0.0,0.0,0.006064930431680342,0.029259896729776247,2.8903717578961645,0.003947368421052632
nc 015157,vibrio cholerae,0.0036604441762412556,0.03744164628918035,6.135564891081739,0.0004287211407158055,0.0003652619960774038,0.0006668995522245864,3.8501476017100584,0.0004287211407158055,274.0,0.0,0.0,0.0,0.005612954500298033,0.02995480334647562,5.424950017481403,0.0005478146957246635
nc 015158,vibrio cholerae,0.0028997180829641563,0.03424257674886764,4.976733742420574,0.0003824861600402617,0.0,0.0,0.0,0.0,274.0,0.0,0.0,0.0,0.005386494891159485,0.03224067284882467,4.584967478670572,0.000543543906268873
nc 015159,vibrio cholerae,0.003755077017395969,0.0450181298197232,4.997212273764115,0.0004851641897758031,0.0,0.0,0.0,0.0,274.0,0.0,0.0,0.0,0.006324053209275278,0.037968406885315574,4.477336814478207,0.0006894438486287728
nc 015209,vibrio cholerae,0.04612632966205403,0.10039481105470953,6.19644412779452,0.020492573792066177,0.03851586778416047,0.05000940026320737,6.016157159698354,0.020492573792066177,274.0,0.0,0.0,0.0,0.004453759496987163,0.02857142857142857,2.8903717578961645,0.0022560631697687537
nc 016162,vibrio cholerae,0.004232505643340858,0.05532873433760383,3.4339872044851463,0.002393354920456145,0.0,0.0,0.0,0.0,274.0,0.0,0.0,0.0,0.00459866220735786,0.02888527257933279,2.4849066497880004,0.0033798056611744824
nc 019457,vibrio cholerae,0.003484947276120242,0.03913063022565855,5.049856007249537,0.0004719949653870359,6.745665909653049e-05,0.0009215139800413558,1.3862943611198906,0.0004719949653870359,274.0,0.0,0.0,0.0,0.005494187727719623,0.03197755960729313,4.564348191467836,0.0007417397167902899
nc 019518,vibrio cholerae,0.003260625140544187,0.037855456895582784,4.983606621708336,0.00047206923682140047,8.99563711599874e-05,0.0009441384736428009,1.6094379124341003,0.00047206923682140047,274.0,0.0,0.0,0.0,0.004951971839389058,0.02949185931977519,4.430816798843313,0.000741839762611276
nc 021540,vibrio cholerae,0.003248487648528074,0.03823724703369035,5.420534999272286,0.0002886919368342042,1.4438556721870083e-05,0.0002886919368342042,0.6931471805599453,0.0002886919368342042,274.0,0.0,0.0,0.0,0.005012269618336553,0.028771106463296434,4.574710978503383,0.0006062705698943357
nc 021562,vibrio cholerae,0.004800936768149883,0.05341905318527177,3.7376696182833684,0.0024547048509643483,0.00023430178069353328,0.0024547048509643483,1.0986122886681098,0.0024547048509643483,274.0,0.0,0.0,0.0,0.007956805910770106,0.04466501240694789,3.367295829986474,0.0028060329708874078
nc 022747,vibrio cholerae,0.006504541459126868,0.06812124762044224,5.407171771460119,0.0007028847561868502,0.0001758190236183555,0.0012886220530092254,1.9459101490553132,0.0007028847561868502,274.0,0.0,0.0,0.0,0.004897284233288813,0.029475109224047752,4.356708826689592,0.0008786574114752658
nc 024369,vibrio cholerae,0.005125860326322376,0.057831557170006494,5.365976015021851,0.000505184151651471,4.8134777376654636e-05,0.000505184151651471,1.0986122886681098,0.000505184151651471,274.0,0.0,0.0,0.0,0.010332950631458095,0.047513266691348886,5.093750200806762,0.0012990762124711315
nc 024791,vibrio cholerae,0.0035101636093207733,0.03935368754956384,5.181783550292085,0.0003766851704996035,0.0,0.0,0.0,0.0,274.0,0.0,0.0,0.0,0.005406001765225066,0.03116284059214761,4.59511985013459,0.0005947778504728484
nc 027118,vibrio cholerae,0.004187073362600553,0.048906701841611284,5.111987788356544,0.0004819643853685759,0.0,0.0,0.0,0.0,274.0,0.0,0.0,0.0,0.006068953643524297,0.034039365819150263,4.955827057601261,0.0009132420091324201
nc 027393,vibrio cholerae,0.004378084271795521,0.05008854034910195,5.159055299214529,0.00048064760941057426,0.0,0.0,0.0,0.0,274.0,0.0,0.0,0.0,0.006148686416992733,0.035047361299052775,4.890349128221754,0.0010625379477838493
nc 027397,vibrio cholerae,0.003953664064467389,0.045940843297671494,5.062595033026967,0.0004782882315921964,0.0,0.0,0.0,0.0,274.0,0.0,0.0,0.0,0.005947126329972587,0.034456389726058204,4.859812404361672,0.001057321954535156
nc 028799,vibrio cholerae,0.003583584484128769,0.04236373448461954,5.480638923341991,0.0002998141152485459,1.4994976682811259e-05,0.0002998141152485459,0.6931471805599453,0.0002998141152485459,274.0,0.0,0.0,0.0,0.005227706846285312,0.03033718878651245,4.653960350157523,0.0006296096420219464
nc 028895,vibrio cholerae,0.003194888178913738,0.03602610687285815,5.918893854273146,0.00016359847767311302,0.0,0.0,0.0,0.0,274.0,0.0,0.0,0.0,0.00865812189380068,0.0438592035757822,5.805134968916488,0.0004908038851002273
nc 016073,vibrio fischeri,0.003229176559977206,0.03575182019626464,6.236369590203704,0.00014561570117125672,5.6986912005875984e-05,0.000538144982589427,2.302585092994046,0.00014561570117125672,0.0,0.0,0.0,0.0,0.003534625737513255,0.01965796200163377,5.564520407322694,0.0004368471035137702
nc 021068,vibrio fischeri,0.0067018542954371835,0.07304160663762128,5.958424693029782,0.0003471559250837514,1.7363522711487707e-05,0.0003471559250837514,0.6931471805599453,0.0003471559250837514,0.0,0.0,0.0,0.0,0.004636322847599581,0.023064571067101358,4.543294782270004,0.0013018799145966776
nc 021531,vibrio fischeri,0.0022815148186843114,0.025822696650281935,6.238324625039508,0.0001071481188808379,3.125418582845917e-05,0.0002857283170155677,2.0794415416798357,0.0001071481188808379,0.0,0.0,0.0,0.0,0.002717810662048389,0.01698329975524068,5.762051382780177,0.00013393514860104739
nc 021783,vibrio fischeri,0.0016543155691351981,0.018294123603469808,4.59511985013459,0.0003375299557835758,1.688191103232886e-05,0.0003375299557835758,0.6931471805599453,0.0003375299557835758,0.0,0.0,0.0,0.0,0.003085091117807433,0.019229880275505016,4.867534450455582,0.0004050427826439168
nc 028795,vibrio fischeri,0.0019043387183800425,0.021381892011928177,4.110873864173311,0.0006344775077723495,3.174300860235533e-05,0.0006344775077723495,0.6931471805599453,0.0006344775077723495,0.0,0.0,0.0,0.0,0.0035881865857024567,0.02359565625418957,3.970291913552122,0.0007613971637955648
nc 029102,vibrio fischeri,0.0016372516372516373,0.018973121411333945,4.0943445622221,0.0005547696319103492,2.7753108348134992e-05,0.0005547696319103492,0.6931471805599453,0.0005547696319103492,0.0,0.0,0.0,0.0,0.00356302093274798,0.022106631989596878,4.04305126783455,0.000665723558292419
nc 021562,vibrio fluvialis,0.005386416861826698,0.05821157218001169,3.8501476017100584,0.002104032729398013,0.0,0.0,0.0,0.0,0.0,0.0,0.0,0.0,0.011366865586814436,0.06313757926661152,3.713572066704308,0.003858295334970186
nc 021562,vibrio furnissii,0.000702576112412178,0.009468147282291058,1.9459101490553132,0.0019871420222092344,0.0,0.0,0.0,0.0,0.0,0.0,0.0,0.0,0.0019892014776925265,0.011028398125172319,2.0794415416798357,0.0028060329708874078
nc 004456,vibrio harveyi,0.005957210078579541,0.06742613688987682,5.552959584921617,0.0004399370195424655,0.0,0.0,0.0,0.0,58.0,0.0,0.0,0.0,0.007872915307928817,0.0450089928057554,5.135798437050262,0.0006251736593498193
nc 023568,vibrio harveyi,0.007653402119465962,0.08229539528028376,7.544861068658458,9.313098265334218e-05,0.00010933608698293142,0.001263342025558381,3.332204510175204,9.313098265334218e-05,58.0,0.0,0.0,0.0,0.007384671144284242,0.04130933687643435,6.481577129276431,0.0002308038046185056
nc 021562,vibrio metschnikovii,0.003864168618266979,0.04956165984804208,3.5263605246161616,0.0019871420222092344,0.0,0.0,0.0,0.0,371.0,0.0,0.0,0.0,0.005683432793407218,0.034463744141163495,3.044522437723423,0.0028060329708874078
nc 021562,vibrio mimicus,0.02540983606557377,0.05926358854471069,5.384495062789089,0.008883693746347166,0.018509840674789127,0.042898889538281706,5.0689042022202315,0.008883693746347166,0.0,0.0,0.0,0.0,0.04774083546462063,0.08602150537634409,5.1298987149230735,0.012276394247632409
nc 020863,vibrio natriegens,0.00571472820195137,0.06407804575897177,6.6052979209482015,0.00016259533119120437,7.743774005699417e-05,0.0011071967790639156,2.3978952727983707,0.00016259533119120437,0.0,0.0,0.0,0.0,0.005275840202916931,0.030827567527638933,5.342334251964811,0.0003251956981254791
nc 021529,vibrio natriegens,0.005862721013672949,0.06412644286516558,7.280697195384741,0.00010908606082153924,0.00012525657394986503,0.0010464181389918024,3.4657359027997265,0.00010908606082153924,0.0,0.0,0.0,0.0,0.006605334118873354,0.03715088705427718,6.369900982828227,0.00018181157048834587
nc 002362,vibrio parahaemolyticus,0.9960086668947429,0.9997723132969034,9.075093222568157,0.8568989071038251,0.9946377638334284,0.9997723132969034,9.073259831427816,0.8568989071038251,0.0,0.0,0.0,0.0,0.991153052196992,0.9914407988587732,8.120291313968561,0.17725409836065573
nc 002363,vibrio parahaemolyticus,0.9978184991273996,1.0,8.833754223418396,0.8859381802350893,0.9972351571594877,1.0,8.832587702434553,0.8859381802350893,0.0,0.0,0.0,0.0,0.9916241806263656,0.9919071076706545,7.909856667269403,0.22594688724423162
nc 003907,vibrio parahaemolyticus,0.004652477335478401,0.05087803181778666,5.3706380281276624,0.00047813613839867863,8.696975626725806e-05,0.0009128053551247501,1.6094379124341003,0.00047813613839867863,0.0,0.0,0.0,0.0,0.006400682739492213,0.039913142384448354,4.795790545596741,0.0005868161961270131
nc 005083,vibrio parahaemolyticus,0.006727419032019574,0.07267372995580679,7.4073177104694174,0.0001143632011893773,9.803320874946388e-05,0.0008740616090902408,3.2188758248682006,0.0001143632011893773,0.0,0.0,0.0,0.0,0.006679178626628395,0.036222896976435874,6.406879986069314,0.0002450650034921763
nc 005948,vibrio parahaemolyticus,0.14427672955974843,0.2642812303829253,7.045776576879511,0.021343377275580666,0.12018625723634534,0.2010043942247332,6.862757913051401,0.021343377275580666,0.0,0.0,0.0,0.0,0.2134585289514867,0.2809567060248259,6.52649485957079,0.07382297551789077
nc 009016,vibrio parahaemolyticus,0.004426169399193337,0.047647721025211406,5.135798437050262,0.0005236013299473781,0.0,0.0,0.0,0.0,0.0,0.0,0.0,0.0,0.007844157775381985,0.04581279015366898,5.356586274672012,0.000706880301602262
nc 012662,vibrio parahaemolyticus,0.004235358411512888,0.0485761762764335,5.231108616854587,0.0004552593840340534,2.277281836400073e-05,0.0004552593840340534,0.6931471805599453,0.0004552593840340534,0.0,0.0,0.0,0.0,0.006215469613259668,0.03923291636514008,4.770684624465665,0.0005463361333060165
nc 019529,vibrio parahaemolyticus,0.005417477643935385,0.05459795885423206,6.405228458030842,0.0004394382365074525,0.000439513127091051,0.002448298746255807,3.912023005428146,0.0004394382365074525,0.0,0.0,0.0,0.0,0.008906601048464748,0.048642180834460515,5.811140992976701,0.000376668101592768
nc 019713,vibrio parahaemolyticus,0.004076915261125787,0.045256568170562915,5.7745515455444085,0.00035555104062170637,0.00012701315856322715,0.000609516069637211,2.3978952727983707,0.00035555104062170637,0.0,0.0,0.0,0.0,0.010511724615917754,0.049062937062937066,5.8998973535824915,0.0014095238095238095
nc 019722,vibrio parahaemolyticus,0.005031933423650087,0.05238083722279993,5.342334251964811,0.0005078474522986143,0.0001209716442465886,0.0014993591448816232,1.791759469228055,0.0005078474522986143,0.0,0.0,0.0,0.0,0.006260434056761269,0.03747534516765286,4.912654885736052,0.0006529783066095916
nc 020848,vibrio parahaemolyticus,0.005046290259486243,0.05605892705821003,5.961005339623274,0.0002607391956195815,1.3040189865164437e-05,0.0002607391956195815,0.6931471805599453,0.0002607391956195815,0.0,0.0,0.0,0.0,0.0067048419831835316,0.0410269051979152,5.225746673713202,0.0003520025031289111
nc 020850,vibrio parahaemolyticus,0.005631012278735107,0.0634283629540835,5.37989735354046,0.0004951269088445302,0.0,0.0,0.0,0.0,0.0,0.0,0.0,0.0,0.005598621877691645,0.035146443514644354,4.3694478524670215,0.0006254397623328903
nc 020868,vibrio parahaemolyticus,0.005136696087506356,0.05762663260251832,5.978885764901122,0.00026069501290440316,1.3037979634675811e-05,0.00026069501290440316,0.6931471805599453,0.00026069501290440316,0.0,0.0,0.0,0.0,0.007015669515669515,0.04267828733485509,5.288267030694535,0.0003519474425152511
nc 021562,vibrio parahaemolyticus,0.00468384074941452,0.05201636469900643,3.713572066704308,0.0022209234365867915,0.0,0.0,0.0,0.0,0.0,0.0,0.0,0.0,0.007388462631429384,0.04025365315687896,3.295836866004329,0.00350754121360926
nc 021776,vibrio parahaemolyticus,0.004681072391129604,0.051922576985796325,5.293304824724492,0.0004254011769432562,0.0,0.0,0.0,0.0,0.0,0.0,0.0,0.0,0.005928853754940711,0.03655838863662825,4.605170185988092,0.0005672149744753262
nc 023569,vibrio parahaemolyticus,0.005576829174269487,0.06422395518840654,6.075346031088684,0.00024409984968588205,0.0,0.0,0.0,0.0,0.0,0.0,0.0,0.0,0.007221613256818621,0.038731511657056905,5.41610040220442,0.0005781460782424359
nc 026607,vibrio parahaemolyticus,0.005884964884083077,0.06558525207298924,6.848005274576363,0.00017509411308578362,0.00013759029363019483,0.0008504571207023776,3.1354942159291497,0.00017509411308578362,0.0,0.0,0.0,0.0,0.006846089759843518,0.035356024075182145,5.937536205082426,0.0002814047726249437
nc 026610,vibrio parahaemolyticus,0.004115008300660521,0.044370287974292426,5.455321115357702,0.0003884386531772516,5.298668268041965e-05,0.0003884386531772516,1.3862943611198906,0.0003884386531772516,0.0,0.0,0.0,0.0,0.006297179958540306,0.03883825587111901,5.087596335232384,0.00042375125801154723
nc 027981,vibrio parahaemolyticus,0.0049768763058431345,0.05437435464188491,5.3612921657094255,0.0004928189242466911,7.043410889113234e-05,0.0009621702806721111,1.3862943611198906,0.0004928189242466911,0.0,0.0,0.0,0.0,0.006358244365361803,0.03808867447737193,4.90527477843843,0.0006336243311743171
nc 028695,vibrio parahaemolyticus,0.004397667753730606,0.053048825664962586,5.187385805840755,0.00046924007804203404,0.0,0.0,0.0,0.0,0.0,0.0,0.0,0.0,0.0069602272727272724,0.042845372150508106,4.997212273764115,0.0006668148477439431
nc 028795,vibrio parahaemolyticus,0.0034278096930840767,0.040479664995875894,4.6913478822291435,0.000602753632383732,0.0,0.0,0.0,0.0,0.0,0.0,0.0,0.0,0.006279326524979299,0.03901327255664298,4.5217885770490405,0.0007613971637955648
nc 028908,vibrio parahaemolyticus,0.0035709380579590716,0.04277377274287676,5.564520407322694,0.0002746309646412633,0.0,0.0,0.0,0.0,0.0,0.0,0.0,0.0,0.006432333873581848,0.03900744253441349,5.945420608606575,0.00041194644696189496
nc 029033,vibrio parahaemolyticus,0.004197201865423051,0.04486624486624487,5.247024072160486,0.0004218004218004218,0.0,0.0,0.0,0.0,0.0,0.0,0.0,0.0,0.005951227613696128,0.03526731877261155,5.375278407684165,0.0009324009324009324
nc 029057,vibrio parahaemolyticus,0.004636183200389469,0.053672945332561485,6.429719478039138,0.0001558534087366968,4.4945503576912995e-05,0.0007495806801145893,1.9459101490553132,0.0001558534087366968,0.0,0.0,0.0,0.0,0.005925786577623101,0.035036496350364967,5.53338948872752,0.00022264772676670972
nc 029102,vibrio parahaemolyticus,0.003441003441003441,0.04033175223988239,4.8283137373023015,0.0005547696319103492,2.7753108348134992e-05,0.0005547696319103492,0.6931471805599453,0.0005547696319103492,0.0,0.0,0.0,0.0,0.006044410510911751,0.038702086816521146,4.564348191467836,0.000665723558292419
nc 029106,vibrio parahaemolyticus,0.0037939072421831043,0.043490838958534235,5.4680601411351315,0.0003214400514304082,3.2153823893506535e-05,0.0006428801028608164,1.0986122886681098,0.0003214400514304082,0.0,0.0,0.0,0.0,0.00618903464513959,0.03783061018165215,5.910796644040527,0.00048216007714561236
nc 021067,vibrio splendidus,0.005420432899159355,0.06071391801856128,6.6039438246004725,0.00015443220426232884,4.412965292027978e-05,0.0007427453633569149,1.9459101490553132,0.00015443220426232884,24.0,0.0,0.0,0.0,0.005585674388040086,0.03307229599364431,5.476463551931511,0.0002868047741963951
nc 021070,vibrio splendidus,0.00703505501773796,0.07876310965531749,5.459585514144159,0.0005709649307329386,0.0,0.0,0.0,0.0,24.0,0.0,0.0,0.0,0.007067692790953354,0.044955806156659554,4.51085950651685,0.000721240533717995
nc 021073,vibrio splendidus,0.0072945719802617465,0.07201216213695462,6.663132695990803,0.0005502807364435076,0.0004944075970857937,0.0022664104907758028,3.9889840465642745,0.0005409539443003974,24.0,0.0,0.0,0.0,0.01254029127355716,0.05226822210576682,6.280395838960195,0.0006995159349729987
nc 020488,vibrio vulnificus,0.005637882432047999,0.061579029005739104,5.389071729816501,0.0006721472519518122,0.00018105165144970643,0.0006721472519518122,2.0794415416798357,0.0006721472519518122,0.0,0.0,0.0,0.0,0.00835509138381201,0.04556962025316456,5.176149732573829,0.0012408872343725764
nc 021562,vibrio vulnificus,0.006206088992974239,0.06300409117475161,3.9889840465642745,0.0023378141437755697,0.00023430178069353328,0.004675628287551139,1.0986122886681098,0.0023378141437755697,0.0,0.0,0.0,0.0,0.0741687979539642,0.18472566859663633,5.568344503761097,0.01052262364082778
nc 027368,vibrio vulnificus,0.0060627569278088305,0.06766583894998227,5.327876168789581,0.0005912262031453234,2.9577923038244256e-05,0.0005912262031453234,0.6931471805599453,0.0005912262031453234,0.0,0.0,0.0,0.0,0.0071987875726193485,0.04199731412525943,4.74493212836325,0.0008868393047179851
nc 018270,weissella cibaria,0.003186515381637333,0.03411323450616181,4.68213122712422,0.0005953444067392986,2.9784065524944155e-05,0.0005953444067392986,0.6931471805599453,0.0005953444067392986,293.0,0.0,0.0,0.0,0.002867912159947558,0.016769988872993163,3.58351893845611,0.0007144132880871584
nc 001396,xanthomonas campestris,0.06801042095159743,0.20703338806787083,6.208590026096629,0.020388615216201424,0.04733159555494581,0.08880678708264915,5.846438775057725,0.020388615216201424,122.0,0.0,0.0,0.0,0.1218650058912641,0.3167611336032389,6.586171654854675,0.04720853858784893
nc 007024,xanthomonas campestris,0.007983027077564818,0.07179487179487179,6.09807428216624,0.0005379236148466917,0.00014392372042817307,0.0015241169087322932,2.1972245773362196,0.0003944773175542406,122.0,0.0,0.0,0.0,0.02927700089259149,0.13682422707121883,6.892641641172089,0.0007530930607853685
nc 012742,xanthomonas campestris,0.007103143084080336,0.07236842105263158,5.749392985908253,0.00045372050816696913,2.269580808424684e-05,0.00045372050816696913,0.6931471805599453,0.00045372050816696913,122.0,0.0,0.0,0.0,0.03539633624379387,0.16075268817204302,6.71901315438526,0.0008167154427278295
nc 019933,xanthomonas citri,0.004993729335309543,0.056849783451105536,5.393627546352362,0.00047868702986095284,4.5608994093635264e-05,0.00047868702986095284,1.0986122886681098,0.00047868702986095284,121.0,0.0,0.0,0.0,0.032784851992723664,0.15411040984261404,6.677083461247136,0.0009573958831977022
nc 020205,xanthomonas citri,0.053972245506193534,0.37765053650815816,7.7488913372555315,0.0006051718920931965,0.0007917287630402384,0.011405162581756395,3.5553480614894135,0.0005120685240788585,121.0,0.0,0.0,0.0,0.13277091857054926,0.4343921679109734,8.900412690577083,0.0023043083583548633
nc 004902,xanthomonas oryzae,0.007259118986428604,0.057264552768575484,5.777652323222656,0.0007887679444707368,0.0015331198989944536,0.005814346562098573,4.23410650459726,0.0007887679444707368,500.0,11.0,0.6956521739130435,1.0,0.029656405472636815,0.139951973585472,6.638567789166521,0.0008789128524102495
nc 009543,xanthomonas oryzae,0.007751937984496124,0.056087151841868826,5.846438775057725,0.0008086253369272237,0.0016179411698613515,0.00545822102425876,4.290459441148391,0.0008086253369272237,500.0,10.0,0.7083333333333334,1.0,0.02749514563106796,0.13168554497036983,6.5638555265321274,0.000876010781671159
nc 017981,xanthomonas vesicatoria,0.007525117079614138,0.07424821432144214,5.932245187448011,0.0003801444548928593,0.0,0.0,0.0,0.0,174.0,0.0,0.0,0.0,0.027379075748776238,0.13372,6.493753839851686,0.0008403361344537816
nc 013599,xylella fastidiosa,0.5878774652881966,0.7675737579756776,9.978223898650144,0.019441566232208104,0.5389442095212112,0.7406336914435295,9.891212521660515,0.019441566232208104,71.0,0.0,0.0,0.0,0.6361482207786902,0.7592877122483552,9.653229708730347,0.044829842931937175
nc 022982,xylella fastidiosa,0.0029187759383408583,0.033873578153137754,4.859812404361672,0.00045590280152271533,2.280501710376283e-05,0.00045590280152271533,0.6931471805599453,0.00045590280152271533,71.0,0.0,0.0,0.0,0.006820566631689402,0.04067878787878788,5.6131281063880705,0.0008890104629692949
nc 022987,xylella fastidiosa,0.0030278884462151393,0.032589895311788804,4.897839799950911,0.00047792444242148385,4.5536303818219076e-05,0.00047792444242148385,1.0986122886681098,0.00047792444242148385,71.0,0.0,0.0,0.0,0.009396701388888888,0.05613191632928475,6.073044534100405,0.0008876143656971186
nc 025451,yersinia aldovae,0.00038828919779451736,0.003881384878124515,2.772588722239781,0.0004916420845624386,0.0,0.0,0.0,0.0,0.0,0.0,0.0,0.0,0.000706547338671691,0.004180027485112231,2.5649493574615367,0.0006210215804999224
nc 025451,yersinia bercovieri,0.0035722606197095596,0.042746985457744656,4.9344739331306915,0.0004916420845624386,0.0,0.0,0.0,0.0,116.0,0.0,0.0,0.0,0.0068299576071596795,0.04243014200641319,4.762173934797756,0.0006210215804999224
nc 001271,yersinia enterocolitica,0.0039661487937350005,0.04694444444444444,5.062595033026967,0.000505050505050505,2.5264647179202143e-05,0.000505050505050505,0.6931471805599453,0.000505050505050505,117.0,0.0,0.0,0.0,0.00752743779808079,0.04776269482151835,4.882801922586371,0.0006818181818181819
nc 005069,yersinia enterocolitica,0.008267852517053795,0.0689052418049591,5.950642552587727,0.0008847838753533741,0.0015975820379965457,0.005697144953494896,4.31748811353631,0.0008847838753533741,117.0,0.0,0.0,0.0,0.017471372919371973,0.06512508606839569,5.6937321388027,0.0011653502524925548
nc 016073,yersinia enterocolitica,0.005103365308512996,0.05685976574865464,6.693323668269949,0.00018360240582462805,0.00019628825246468395,0.0011585944919278253,3.4657359027997265,0.00018360240582462805,117.0,0.0,0.0,0.0,0.006049647896897686,0.03488892987957522,6.100318952020064,0.0004368471035137702
nc 016163,yersinia enterocolitica,0.0062353264018050435,0.06662576079210034,7.400620577371135,9.146655182532938e-05,4.573658774564359e-05,0.0005526104172780316,2.5649493574615367,8.765544549927399e-05,117.0,0.0,0.0,0.0,0.007109643506974864,0.039596052430031295,6.452048954437226,0.00024010152864639906
nc 019909,yersinia enterocolitica,0.005444506321314739,0.06311274872785219,6.824373670043086,0.00012440095018630522,2.3698086379524853e-05,0.0003613551410173628,1.6094379124341003,0.00012440095018630522,117.0,0.0,0.0,0.0,0.00659619004063253,0.036046968738783394,5.929589143389895,0.00028434839787449574
nc 019919,yersinia enterocolitica,0.0044831718032947235,0.051509421660037816,6.311734809152915,0.0001630044989241703,1.6302974477693455e-05,0.0003260089978483406,1.0986122886681098,0.0001630044989241703,117.0,0.0,0.0,0.0,0.00756575606783792,0.042364532019704436,5.700443573390687,0.00034231502762971296
nc 025451,yersinia enterocolitica,0.004478268747896767,0.04890544946436889,5.159055299214529,0.000543393882937432,7.766588137831051e-05,0.0010609118666873674,1.3862943611198906,0.000543393882937432,117.0,0.0,0.0,0.0,0.007006594441827603,0.04374713696747595,4.787491742782046,0.0006986492780624127
nc 028655,yersinia enterocolitica,0.0041050484446710864,0.04121320249776985,5.087596335232384,0.0005607238435070727,7.649938800489595e-05,0.0010704727921498661,1.3862943611198906,0.0005097489486427934,117.0,0.0,0.0,0.0,0.007002437885782457,0.042998841951563366,4.912654885736052,0.0006881786205841871
nc 028820,yersinia enterocolitica,0.005305825302617129,0.06079543000968532,6.7580945044277305,0.00012954886151226704,3.084858281610543e-05,0.00049968846583303,1.791759469228055,0.00012954886151226704,117.0,0.0,0.0,0.0,0.006435607967210757,0.035078223215532896,5.883322388488279,0.0002591009198082653
nc 028850,yersinia enterocolitica,0.0035960805135878747,0.041979299862481605,5.0106352940962555,0.0004825206880745012,2.4137098720733766e-05,0.0004825206880745012,0.6931471805599453,0.0004825206880745012,117.0,0.0,0.0,0.0,0.007588796745423252,0.04724916641406487,5.272999558563747,0.0006514186450492183
nc 031053,yersinia enterocolitica,0.0055382077417074176,0.05754505831075509,5.645446897643238,0.00045156477009463227,0.0002553275066286949,0.0021203910943574035,2.6390573296152584,0.00045156477009463227,117.0,0.0,0.0,0.0,0.007545023696682465,0.0398684450940983,5.298317366548036,0.0010601955471787018
nc 031095,yersinia enterocolitica,0.005458004183877257,0.05863425733891134,6.826545223556594,0.00013036419014209697,7.111574680423613e-05,0.0010843930361819885,2.5649493574615367,0.00013036419014209697,117.0,0.0,0.0,0.0,0.00849514563106796,0.04107202884821074,6.29156913955832,0.0005510915167460713
nc 025451,yersinia frederiksenii,0.0006212627164712278,0.0079956528489365,3.2188758248682006,0.000439890286187445,0.0,0.0,0.0,0.0,32.0,0.0,0.0,0.0,0.0015897315120113047,0.010135135135135136,3.332204510175204,0.0006210215804999224
nc 025451,yersinia intermedia,0.004504154694416401,0.049164208456243856,5.1647859739235145,0.0005175179837499354,5.1777254252207005e-05,0.0010350359674998707,1.0986122886681098,0.0005175179837499354,375.0,0.0,0.0,0.0,0.006300047103155911,0.03784928996793403,4.68213122712422,0.0006986492780624127
nc 025451,yersinia kristensenii,0.0026144805984830836,0.0328106401697459,4.624972813284271,0.0005175179837499354,2.5888627126103502e-05,0.0005175179837499354,0.6931471805599453,0.0005175179837499354,474.0,0.0,0.0,0.0,0.006358926048045219,0.039223545579477784,4.6913478822291435,0.0006210215804999224
nc 004745,yersinia pestis,0.005632793930908736,0.06518484769591253,5.159055299214529,0.0006183285602707629,0.0,0.0,0.0,0.0,134.0,0.0,0.0,0.0,0.006074411541381929,0.03530809709726702,4.653960350157523,0.001074008982620582
nc 004777,yersinia pestis,0.0033830580713905167,0.03703900945280256,4.852030263919617,0.0005325522566901877,7.992327365728901e-05,0.0015976567700705631,1.3862943611198906,0.0005325522566901877,134.0,0.0,0.0,0.0,0.006865774116031583,0.04158338885187653,4.795790545596741,0.0007189646908451829
nc 008694,yersinia pestis,0.003242710387049912,0.033607343826984416,4.836281906951478,0.0005186318491818583,2.5944375259443752e-05,0.0005186318491818583,0.6931471805599453,0.0005186318491818583,134.0,0.0,0.0,0.0,0.006530560486938879,0.04084021190094863,4.6443908991413725,0.0007001711529484986
nc 011038,yersinia pestis,0.0029486317314158603,0.03203454249295447,4.74493212836325,0.0005171031879411536,2.5867866935692483e-05,0.0005171031879411536,0.6931471805599453,0.0005171031879411536,134.0,0.0,0.0,0.0,0.006497969384567323,0.04049049960541492,4.653960350157523,0.0006981073533974558
nc 023715,yersinia pestis,0.0029014792362892154,0.032525378081624194,4.727387818712341,0.0005438160348042263,5.18174987693344e-05,0.0005438160348042263,1.0986122886681098,0.0005438160348042263,134.0,0.0,0.0,0.0,0.006168224299065421,0.038112522686025406,4.605170185988092,0.0006991920447482909
nc 027353,yersinia pestis,0.005177807342418467,0.05921584841893325,6.762729506931879,0.00013782275993072908,2.9964881159281323e-05,0.0002576686381313631,1.791759469228055,0.00013782275993072908,134.0,0.0,0.0,0.0,0.007662835249042145,0.03735039571325331,6.0473721790462776,0.000539306451902853
nc 025451,yersinia pseudotuberculosis,0.0030804276358365043,0.033457537649433315,4.787491742782046,0.0004916420845624386,0.0,0.0,0.0,0.0,173.0,0.0,0.0,0.0,0.00706547338671691,0.04260192395785616,4.795790545596741,0.0006986492780624127
nc 025451,yersinia rohdei,0.00041417514431415185,0.004295399265124463,2.833213344056216,0.0004916420845624386,0.0,0.0,0.0,0.0,0.0,0.0,0.0,0.0,0.0008243052284503062,0.005611543747136968,2.70805020110221,0.000543393882937432
nc 025451,yersinia ruckeri,0.0030286557427972355,0.030585312839621178,4.770684624465665,0.0005175179837499354,5.1777254252207005e-05,0.0010350359674998707,1.0986122886681098,0.0005175179837499354,0.0,0.0,0.0,0.0,0.0051813471502590676,0.03109253321117728,4.48863636973214,0.0007762769756249029
